#
# There is insufficient memory for the Java Runtime Environment to continue.
# Native memory allocation (mmap) failed to map 65536 bytes. Error detail: Failed to commit metaspace.
# Possible reasons:
#   The system is out of physical RAM or swap space
#   This process is running with CompressedOops enabled, and the Java Heap may be blocking the growth of the native heap
# Possible solutions:
#   Reduce memory load on the system
#   Increase physical memory or swap space
#   Check if swap backing store is full
#   Decrease Java heap size (-Xmx/-Xms)
#   Decrease number of Java threads
#   Decrease Java thread stack sizes (-Xss)
#   Set larger code cache with -XX:ReservedCodeCacheSize=
#   JVM is running with Unscaled Compressed Oops mode in which the Java heap is
#     placed in the first 4GB address space. The Java Heap base address is the
#     maximum limit for the native heap growth. Please use -XX:HeapBaseMinAddress
#     to set the Java Heap base and to place the Java Heap above 4GB virtual address.
# This output file may be truncated or incomplete.
#
#  Out of Memory Error (virtualSpaceNode.cpp:113), pid=4292, tid=16492
#
# JRE version: Java(TM) SE Runtime Environment (23.0.2+7) (build 23.0.2+7-58)
# Java VM: Java HotSpot(TM) 64-Bit Server VM (23.0.2+7-58, mixed mode, sharing, tiered, compressed oops, compressed class ptrs, parallel gc, windows-amd64)
# No core dump will be written. Minidumps are not enabled by default on client versions of Windows
#

---------------  S U M M A R Y ------------

Command Line: --add-modules=ALL-SYSTEM --add-opens=java.base/java.util=ALL-UNNAMED --add-opens=java.base/java.lang=ALL-UNNAMED --add-opens=java.base/sun.nio.fs=ALL-UNNAMED -Declipse.application=org.eclipse.jdt.ls.core.id1 -Dosgi.bundles.defaultStartLevel=4 -Declipse.product=org.eclipse.jdt.ls.core.product -Djava.import.generatesMetadataFilesAtProjectRoot=false -DDetectVMInstallationsJob.disabled=true -Dfile.encoding=utf8 -XX:+UseParallelGC -XX:GCTimeRatio=4 -XX:AdaptiveSizePolicyWeight=90 -Dsun.zip.disableMemoryMapping=true -Xmx1G -Xms100m -Xlog:disable -javaagent:c:\Users\julio\.vscode\extensions\redhat.java-1.41.1-win32-x64\lombok\lombok-1.18.36.jar c:\Users\julio\.vscode\extensions\redhat.java-1.41.1-win32-x64\server\plugins\org.eclipse.equinox.launcher_1.7.0.v20250331-1702.jar -configuration c:\Users\julio\AppData\Roaming\Code\User\globalStorage\redhat.java\1.41.1\config_ss_win -data c:\Users\julio\AppData\Roaming\Code\User\workspaceStorage\fd598609b3b3374cb0fb6a172c72e9cd\redhat.java\ss_ws --pipe=\\.\pipe\lsp-06326333e840ad320ddc81cdecfbb3e4-sock

Host: Intel(R) Core(TM) i7-8550U CPU @ 1.80GHz, 8 cores, 7G,  Windows 10 , 64 bit Build 19041 (10.0.19041.5438)
Time: Wed Apr  9 01:52:05 2025 Hora de verano romance elapsed time: 10.004586 seconds (0d 0h 0m 10s)

---------------  T H R E A D  ---------------

Current thread (0x000001f6411c2d40):  JavaThread "Start Level: Equinox Container: cb3dc830-589f-49fa-b9a3-25f1d4b564d0" daemon [_thread_in_vm, id=16492, stack(0x000000f0df500000,0x000000f0df600000) (1024K)]

Stack: [0x000000f0df500000,0x000000f0df600000]
Native frames: (J=compiled Java code, j=interpreted, Vv=VM code, C=native code)
V  [jvm.dll+0x6e0b99]  (no source info available)
V  [jvm.dll+0x87e2b3]  (no source info available)
V  [jvm.dll+0x88073e]  (no source info available)
V  [jvm.dll+0x880e13]  (no source info available)
V  [jvm.dll+0x27b006]  (no source info available)
V  [jvm.dll+0x879ebe]  (no source info available)
V  [jvm.dll+0x6822f5]  (no source info available)
V  [jvm.dll+0x1e0aec]  (no source info available)
V  [jvm.dll+0x1e08be]  (no source info available)
V  [jvm.dll+0x684c48]  (no source info available)
V  [jvm.dll+0x221aec]  (no source info available)
V  [jvm.dll+0x682d0e]  (no source info available)
V  [jvm.dll+0x3bc1bf]  (no source info available)
V  [jvm.dll+0x20a10b]  (no source info available)
V  [jvm.dll+0x5be969]  (no source info available)
V  [jvm.dll+0x219c3b]  (no source info available)
V  [jvm.dll+0x7f3670]  (no source info available)
V  [jvm.dll+0x7f4716]  (no source info available)
V  [jvm.dll+0x7f4d24]  (no source info available)
V  [jvm.dll+0x7f49a8]  (no source info available)
V  [jvm.dll+0x268acb]  (no source info available)
V  [jvm.dll+0x268cf6]  (no source info available)
V  [jvm.dll+0x5e20e7]  (no source info available)
V  [jvm.dll+0x5e5196]  (no source info available)
V  [jvm.dll+0x3d5dbd]  (no source info available)
V  [jvm.dll+0x3d53bd]  (no source info available)
C  0x000001f65e528691  (no source info available)

The last pc belongs to invokestatic (printed below).
Java frames: (J=compiled Java code, j=interpreted, Vv=VM code)
j  java.time.zone.ZoneOffsetTransitionRule.readExternal(Ljava/io/DataInput;)Ljava/time/zone/ZoneOffsetTransitionRule;+11 java.base@23.0.2
j  java.time.zone.ZoneRules.readExternal(Ljava/io/DataInput;)Ljava/time/zone/ZoneRules;+250 java.base@23.0.2
j  java.time.zone.Ser.readInternal(BLjava/io/DataInput;)Ljava/io/Serializable;+29 java.base@23.0.2
j  java.time.zone.Ser.read(Ljava/io/DataInput;)Ljava/io/Serializable;+9 java.base@23.0.2
j  java.time.zone.TzdbZoneRulesProvider.provideRules(Ljava/lang/String;Z)Ljava/time/zone/ZoneRules;+75 java.base@23.0.2
j  java.time.zone.ZoneRulesProvider.getRules(Ljava/lang/String;Z)Ljava/time/zone/ZoneRules;+13 java.base@23.0.2
j  java.time.ZoneRegion.ofId(Ljava/lang/String;Z)Ljava/time/ZoneRegion;+15 java.base@23.0.2
j  java.time.ZoneId.of(Ljava/lang/String;Z)Ljava/time/ZoneId;+81 java.base@23.0.2
j  java.time.ZoneId.of(Ljava/lang/String;)Ljava/time/ZoneId;+2 java.base@23.0.2
j  java.time.ZoneId.of(Ljava/lang/String;Ljava/util/Map;)Ljava/time/ZoneId;+33 java.base@23.0.2
j  java.util.TimeZone.toZoneId0()Ljava/time/ZoneId;+97 java.base@23.0.2
j  java.util.TimeZone.toZoneId()Ljava/time/ZoneId;+11 java.base@23.0.2
j  java.util.TimeZone.toZoneId0()Ljava/time/ZoneId;+30 java.base@23.0.2
j  java.util.TimeZone.toZoneId()Ljava/time/ZoneId;+11 java.base@23.0.2
j  java.time.ZoneId.systemDefault()Ljava/time/ZoneId;+3 java.base@23.0.2
j  org.eclipse.osgi.internal.debug.EclipseDebugTrace.<clinit>()V+5
v  ~StubRoutines::call_stub 0x000001f65e510fcd
j  org.eclipse.osgi.internal.debug.FrameworkDebugOptions.newDebugTrace(Ljava/lang/String;Ljava/lang/Class;)Lorg/eclipse/osgi/service/debug/DebugTrace;+28
j  org.eclipse.osgi.internal.debug.FrameworkDebugOptions.newDebugTrace(Ljava/lang/String;)Lorg/eclipse/osgi/service/debug/DebugTrace;+3
j  org.eclipse.core.internal.utils.Policy$1.optionsChanged(Lorg/eclipse/osgi/service/debug/DebugOptions;)V+3
j  org.eclipse.osgi.internal.debug.FrameworkDebugOptions.addingService(Lorg/osgi/framework/ServiceReference;)Lorg/eclipse/osgi/service/debug/DebugOptionsListener;+16
j  org.eclipse.osgi.internal.debug.FrameworkDebugOptions.addingService(Lorg/osgi/framework/ServiceReference;)Ljava/lang/Object;+5
j  org.osgi.util.tracker.ServiceTracker$Tracked.customizerAdding(Lorg/osgi/framework/ServiceReference;Lorg/osgi/framework/ServiceEvent;)Ljava/lang/Object;+8
j  org.osgi.util.tracker.ServiceTracker$Tracked.customizerAdding(Ljava/lang/Object;Ljava/lang/Object;)Ljava/lang/Object;+9
j  org.osgi.util.tracker.AbstractTracked.trackAdding(Ljava/lang/Object;Ljava/lang/Object;)V+8
j  org.osgi.util.tracker.AbstractTracked.track(Ljava/lang/Object;Ljava/lang/Object;)V+83
j  org.osgi.util.tracker.ServiceTracker$Tracked.serviceChanged(Lorg/osgi/framework/ServiceEvent;)V+67
J 1861 c1 org.eclipse.osgi.internal.serviceregistry.FilteredServiceListener.serviceChanged(Lorg/osgi/framework/ServiceEvent;)V (296 bytes) @ 0x000001f6572586a4 [0x000001f657255c20+0x0000000000002a84]
J 1859 c1 org.eclipse.osgi.internal.framework.BundleContextImpl.dispatchEvent(Ljava/lang/Object;Ljava/lang/Object;ILjava/lang/Object;)V (577 bytes) @ 0x000001f657253164 [0x000001f65724f800+0x0000000000003964]
j  org.eclipse.osgi.framework.eventmgr.EventManager.dispatchEvent(Ljava/util/Set;Lorg/eclipse/osgi/framework/eventmgr/EventDispatcher;ILjava/lang/Object;)V+48
j  org.eclipse.osgi.framework.eventmgr.ListenerQueue.dispatchEventSynchronous(ILjava/lang/Object;)V+67
j  org.eclipse.osgi.internal.serviceregistry.ServiceRegistry.publishServiceEventPrivileged(Lorg/osgi/framework/ServiceEvent;)V+320
j  org.eclipse.osgi.internal.serviceregistry.ServiceRegistry.publishServiceEvent(Lorg/osgi/framework/ServiceEvent;)V+8
j  org.eclipse.osgi.internal.serviceregistry.ServiceRegistrationImpl.register(Ljava/util/Dictionary;)V+137
j  org.eclipse.osgi.internal.serviceregistry.ServiceRegistry.registerService(Lorg/eclipse/osgi/internal/framework/BundleContextImpl;[Ljava/lang/String;Ljava/lang/Object;Ljava/util/Dictionary;)Lorg/eclipse/osgi/internal/serviceregistry/ServiceRegistrationImpl;+316
j  org.eclipse.osgi.internal.framework.BundleContextImpl.registerService([Ljava/lang/String;Ljava/lang/Object;Ljava/util/Dictionary;)Lorg/osgi/framework/ServiceRegistration;+15
j  org.eclipse.osgi.internal.framework.BundleContextImpl.registerService(Ljava/lang/String;Ljava/lang/Object;Ljava/util/Dictionary;)Lorg/osgi/framework/ServiceRegistration;+15
j  org.eclipse.osgi.internal.framework.BundleContextImpl.registerService(Ljava/lang/Class;Ljava/lang/Object;Ljava/util/Dictionary;)Lorg/osgi/framework/ServiceRegistration;+7
j  org.eclipse.core.resources.ResourcesPlugin.start(Lorg/osgi/framework/BundleContext;)V+46
j  org.eclipse.osgi.internal.framework.BundleContextImpl$2.run()Ljava/lang/Void;+23
j  org.eclipse.osgi.internal.framework.BundleContextImpl$2.run()Ljava/lang/Object;+1
J 1160 c1 java.security.AccessController.executePrivileged(Ljava/security/PrivilegedExceptionAction;Ljava/security/AccessControlContext;Ljava/lang/Class;)Ljava/lang/Object; java.base@23.0.2 (69 bytes) @ 0x000001f6571403c4 [0x000001f657140260+0x0000000000000164]
j  java.security.AccessController.doPrivileged(Ljava/security/PrivilegedExceptionAction;)Ljava/lang/Object;+9 java.base@23.0.2
j  org.eclipse.osgi.internal.framework.BundleContextImpl.startActivator(Lorg/osgi/framework/BundleActivator;)V+9
j  org.eclipse.osgi.internal.framework.BundleContextImpl.start()V+141
j  org.eclipse.osgi.internal.framework.EquinoxBundle.startWorker0()V+35
j  org.eclipse.osgi.internal.framework.EquinoxBundle$EquinoxModule.startWorker()V+4
j  org.eclipse.osgi.container.Module.doStart([Lorg/eclipse/osgi/container/Module$StartOptions;)Lorg/eclipse/osgi/container/ModuleContainerAdaptor$ModuleEvent;+200
j  org.eclipse.osgi.container.Module.start([Lorg/eclipse/osgi/container/Module$StartOptions;)V+460
j  org.eclipse.osgi.framework.util.SecureAction.start(Lorg/eclipse/osgi/container/Module;[Lorg/eclipse/osgi/container/Module$StartOptions;)V+8
J 2004 c1 org.eclipse.osgi.internal.hooks.EclipseLazyStarter.postFindLocalClass(Ljava/lang/String;Ljava/lang/Class;Lorg/eclipse/osgi/internal/loader/classpath/ClasspathManager;)V (394 bytes) @ 0x000001f6572922bc [0x000001f657291300+0x0000000000000fbc]
J 2112 c1 org.eclipse.osgi.internal.loader.classpath.ClasspathManager.findLocalClass(Ljava/lang/String;)Ljava/lang/Class; (210 bytes) @ 0x000001f6572bf0d4 [0x000001f6572be0c0+0x0000000000001014]
J 2003 c1 org.eclipse.osgi.internal.loader.BundleLoader.findLocalClass(Ljava/lang/String;)Ljava/lang/Class; (166 bytes) @ 0x000001f65728f79c [0x000001f65728ebc0+0x0000000000000bdc]
J 1904 c1 org.eclipse.osgi.internal.loader.BundleLoader.findClass0(Ljava/lang/String;ZZ)Ljava/lang/Class; (491 bytes) @ 0x000001f657266b2c [0x000001f657263aa0+0x000000000000308c]
J 1903 c1 org.eclipse.osgi.internal.loader.BundleLoader.findClass(Ljava/lang/String;)Ljava/lang/Class; (8 bytes) @ 0x000001f65726312c [0x000001f6572630a0+0x000000000000008c]
J 1905 c1 org.eclipse.osgi.internal.loader.ModuleClassLoader.loadClass(Ljava/lang/String;Z)Ljava/lang/Class; (36 bytes) @ 0x000001f657268c4c [0x000001f657268a20+0x000000000000022c]
J 1043 c1 java.lang.ClassLoader.loadClass(Ljava/lang/String;)Ljava/lang/Class; java.base@23.0.2 (7 bytes) @ 0x000001f65711a934 [0x000001f65711a820+0x0000000000000114]
v  ~StubRoutines::call_stub 0x000001f65e510fcd
j  java.lang.Class.getDeclaredConstructors0(Z)[Ljava/lang/reflect/Constructor;+0 java.base@23.0.2
j  java.lang.Class.privateGetDeclaredConstructors(Z)[Ljava/lang/reflect/Constructor;+52 java.base@23.0.2
j  java.lang.Class.getConstructor0([Ljava/lang/Class;I)Ljava/lang/reflect/Constructor;+14 java.base@23.0.2
j  java.lang.Class.getConstructor([Ljava/lang/Class;)Ljava/lang/reflect/Constructor;+24 java.base@23.0.2
j  org.eclipse.osgi.internal.framework.BundleContextImpl.loadBundleActivator()Lorg/osgi/framework/BundleActivator;+105
j  org.eclipse.osgi.internal.framework.BundleContextImpl.start()V+18
j  org.eclipse.osgi.internal.framework.EquinoxBundle.startWorker0()V+35
j  org.eclipse.osgi.internal.framework.EquinoxBundle$EquinoxModule.startWorker()V+4
j  org.eclipse.osgi.container.Module.doStart([Lorg/eclipse/osgi/container/Module$StartOptions;)Lorg/eclipse/osgi/container/ModuleContainerAdaptor$ModuleEvent;+200
j  org.eclipse.osgi.container.Module.start([Lorg/eclipse/osgi/container/Module$StartOptions;)V+460
j  org.eclipse.osgi.container.ModuleContainer$ContainerStartLevel$2.run()V+83
j  org.eclipse.osgi.internal.framework.EquinoxContainerAdaptor$1$1.execute(Ljava/lang/Runnable;)V+1
j  org.eclipse.osgi.container.ModuleContainer$ContainerStartLevel.incStartLevel(ILjava/util/List;Z)V+193
j  org.eclipse.osgi.container.ModuleContainer$ContainerStartLevel.incStartLevel(ILjava/util/List;Ljava/util/List;Ljava/util/List;Ljava/util/List;)V+19
j  org.eclipse.osgi.container.ModuleContainer$ContainerStartLevel.doContainerStartLevel(Lorg/eclipse/osgi/container/Module;I[Lorg/osgi/framework/FrameworkListener;)V+358
j  org.eclipse.osgi.container.ModuleContainer$ContainerStartLevel.dispatchEvent(Lorg/eclipse/osgi/container/Module;[Lorg/osgi/framework/FrameworkListener;ILjava/lang/Integer;)V+32
j  org.eclipse.osgi.container.ModuleContainer$ContainerStartLevel.dispatchEvent(Ljava/lang/Object;Ljava/lang/Object;ILjava/lang/Object;)V+15
j  org.eclipse.osgi.framework.eventmgr.EventManager.dispatchEvent(Ljava/util/Set;Lorg/eclipse/osgi/framework/eventmgr/EventDispatcher;ILjava/lang/Object;)V+48
j  org.eclipse.osgi.framework.eventmgr.EventManager$EventThread.run()V+26
v  ~StubRoutines::call_stub 0x000001f65e510fcd
Lock stack of current Java thread (top to bottom):
LockStack[1]: java.util.HashMap 
{0x00000000ec8eba40} - klass: 'java/util/HashMap'
 - ---- fields (total size 6 words):
 - transient 'keySet' 'Ljava/util/Set;' @12  null (0x00000000)
 - transient 'values' 'Ljava/util/Collection;' @16  null (0x00000000)
 - transient 'size' 'I' @20  0 (0x00000000)
 - transient 'modCount' 'I' @24  0 (0x00000000)
 - 'threshold' 'I' @28  0 (0x00000000)
 - final 'loadFactor' 'F' @32  0.750000 (0x3f400000)
 - transient 'table' '[Ljava/util/HashMap$Node;' @36  null (0x00000000)
 - transient 'entrySet' 'Ljava/util/Set;' @40  null (0x00000000)
LockStack[0]: [I 
{0x00000000ebdcaff0} - klass: {type array int}
 - length: 0

invokestatic  184 invokestatic  [0x000001f65e5285e0, 0x000001f65e5288c0]  736 bytes
[MachCode]
  0x000001f65e5285e0: 4883 ec08 | c5fa 1104 | 24eb 1f48 | 83ec 10c5 | fb11 0424 | eb14 4883 | ec10 4889 | 0424 48c7 
  0x000001f65e528600: 4424 0800 | 0000 00eb | 0150 488b | 4dd0 410f | b755 0148 | 8b49 306b | d218 488d | 4c11 080f 
  0x000001f65e528620: b659 1681 | fbb8 0000 | 000f 84bd | 0000 00bb | b800 0000 | e805 0000 | 00e9 9900 | 0000 488b 
  0x000001f65e528640: d348 8d44 | 2408 4c89 | 6dc0 498b | cfc5 f877 | 4989 afb0 | 0300 0049 | 8987 a003 | 0000 4883 
  0x000001f65e528660: ec20 40f6 | c40f 0f84 | 1900 0000 | 4883 ec08 | 48b8 5053 | 3e97 fa7f | 0000 ffd0 | 4883 c408 
  0x000001f65e528680: e90c 0000 | 0048 b850 | 533e 97fa | 7f00 00ff | d048 83c4 | 2049 c787 | a003 0000 | 0000 0000 
  0x000001f65e5286a0: 49c7 87b0 | 0300 0000 | 0000 0049 | c787 a803 | 0000 0000 | 0000 c5f8 | 7749 837f | 0800 0f84 
  0x000001f65e5286c0: 0500 0000 | e9f7 87fe | ff4c 8b6d | c04c 8b75 | c84e 8d74 | f500 c348 | 8b4d d041 | 0fb7 5501 
  0x000001f65e5286e0: 488b 4930 | 6bd2 1848 | 8d4c 1108 | 488b 1948 | 8b5b 0848 | 8b5b 0848 | 8b5b 1880 | bb31 0100 
  0x000001f65e528700: 0004 0f84 | 0d00 0000 | 4c3b bb38 | 0100 000f | 851a ffff | ff0f b651 | 1548 8b19 | 4c89 6dc0 
  0x000001f65e528720: 448b ea0f | b651 1449 | bae0 44c9 | 97fa 7f00 | 0049 8b14 | d252 418b | d54c 8b6d | c048 8b45 
  0x000001f65e528740: d848 85c0 | 0f84 1200 | 0000 4883 | 4008 0148 | 8358 0800 | 4883 c010 | 4889 45d8 | 488b 45d8 
  0x000001f65e528760: 4885 c00f | 843d 0100 | 0080 78f0 | 0a0f 8533 | 0100 0048 | 83c0 084c | 8b68 f841 | 83ed 0041 
  0x000001f65e528780: 83fd 020f | 8c12 0100 | 004c 8b6b | 0845 0fb7 | 6d2e 4c2b | 2841 83ed | 014e 8b6c | ec08 4d85 
  0x000001f65e5287a0: ed75 0ef6 | 4008 0175 | 58f0 4883 | 4808 01eb | 5045 8b6d | 0849 ba00 | 0000 00f6 | 0100 004d 
  0x000001f65e5287c0: 03ea 4d8b | d54c 3368 | 0849 f7c5 | fcff ffff | 742f 41f6 | c502 7529 | 4883 7808 | 0074 1e48 
  0x000001f65e5287e0: 8378 0801 | 7417 4d8b | ea4c 3368 | 0849 f7c5 | fcff ffff | 740b 4883 | 4808 02eb | 044c 8968 
  0x000001f65e528800: 0848 83c0 | 104c 8b68 | e841 83ed | 0241 83fd | 020f 8c84 | 0000 004c | 8b6b 0845 | 0fb7 6d2e 
  0x000001f65e528820: 4c2b 2841 | 83ed 014e | 8b6c ec08 | 4d85 ed75 | 0ef6 4008 | 0175 58f0 | 4883 4808 | 01eb 5045 
  0x000001f65e528840: 8b6d 0849 | ba00 0000 | 00f6 0100 | 004d 03ea | 4d8b d54c | 3368 0849 | f7c5 fcff | ffff 742f 
  0x000001f65e528860: 41f6 c502 | 7529 4883 | 7808 0074 | 1e48 8378 | 0801 7417 | 4d8b ea4c | 3368 0849 | f7c5 fcff 
  0x000001f65e528880: ffff 740b | 4883 4808 | 02eb 044c | 8968 0848 | 83c0 104c | 8b68 d841 | 83ed 0441 | c1e5 0349 
  0x000001f65e5288a0: 03c5 4889 | 45d8 4c8d | 6c24 0849 | 8bcd 482b | cd48 c1f9 | 0348 894d | f0ff 6350 | 0f1f 4000 
[/MachCode]

Compiled method (c1) 10252 1861       3       org.eclipse.osgi.internal.serviceregistry.FilteredServiceListener::serviceChanged (296 bytes)
 total in heap  [0x000001f657255588,0x000001f6572593e8] = 15968
 relocation     [0x000001f657255660,0x000001f657255c18] = 1464
 main code      [0x000001f657255c20,0x000001f657259058] = 13368
 stub code      [0x000001f657259058,0x000001f657259298] = 576
 oops           [0x000001f657259298,0x000001f6572592e0] = 72
 metadata       [0x000001f6572592e0,0x000001f6572593e8] = 264
 immutable data [0x000001f64721b780,0x000001f64721c918] = 4504
 dependencies   [0x000001f64721b780,0x000001f64721b7d8] = 88
 nul chk table  [0x000001f64721b7d8,0x000001f64721b8a8] = 208
 scopes pcs     [0x000001f64721b8a8,0x000001f64721c188] = 2272
 scopes data    [0x000001f64721c188,0x000001f64721c918] = 1936

[Constant Pool (empty)]

[MachCode]
[Instructions begin]
  0x000001f657255c20: 6666 660f | 1f84 0000 | 0000 0066 | 6666 9066 | 6690 448b | 5208 443b 

  0x000001f657255c38: ;   {runtime_call ic_miss_stub}
  0x000001f657255c38: 5008 0f85 | a085 3007 
[Verified Entry Point]
  0x000001f657255c40: 8984 2400 | 80ff ff55 | 4881 ec70 | 0100 0090 | 4181 7f20 | 0100 0000 

  0x000001f657255c58: ;   {runtime_call StubRoutines (final stubs)}
  0x000001f657255c58: 7405 e861 | 552f 0748 | 8994 24a8 

  0x000001f657255c64: ;   {metadata(method data for {method} {0x000001f643680680} 'serviceChanged' '(Lorg/osgi/framework/ServiceEvent;)V' in 'org/eclipse/osgi/internal/serviceregistry/FilteredServiceListener')}
  0x000001f657255c64: 0000 0048 | be88 1188 | 43f6 0100 | 008b becc | 0000 0083 | c702 89be | cc00 0000 | 81e7 fe07 
  0x000001f657255c84: 0000 85ff | 0f84 fe2a | 0000 493b | 0049 8bf0 

  0x000001f657255c94: ;   {metadata(method data for {method} {0x000001f643680680} 'serviceChanged' '(Lorg/osgi/framework/ServiceEvent;)V' in 'org/eclipse/osgi/internal/serviceregistry/FilteredServiceListener')}
  0x000001f657255c94: 48bf 8811 | 8843 f601 | 0000 8b76 | 0849 ba00 | 0000 00f6 | 0100 0049 | 03f2 483b | b720 0100 
  0x000001f657255cb4: 0075 0d48 | 8387 2801 | 0000 01e9 | 6000 0000 | 483b b730 | 0100 0075 | 0d48 8387 | 3801 0000 
  0x000001f657255cd4: 01e9 4a00 | 0000 4883 | bf20 0100 | 0000 7517 | 4889 b720 | 0100 0048 | c787 2801 | 0000 0100 
  0x000001f657255cf4: 0000 e929 | 0000 0048 | 83bf 3001 | 0000 0075 | 1748 89b7 | 3001 0000 | 48c7 8738 | 0100 0001 
  0x000001f657255d14: 0000 00e9 | 0800 0000 | 4883 8718 | 0100 0001 | 418b 7014 

  0x000001f657255d28: ;   {metadata(method data for {method} {0x000001f643680680} 'serviceChanged' '(Lorg/osgi/framework/ServiceEvent;)V' in 'org/eclipse/osgi/internal/serviceregistry/FilteredServiceListener')}
  0x000001f657255d28: 4885 f648 | bb88 1188 | 43f6 0100 | 0075 0c80 | 8b41 0100 | 0001 e9ae | 0000 008b | 4608 49ba 
  0x000001f657255d48: 0000 0000 | f601 0000 | 4903 c248 | 3b83 5001 | 0000 750d | 4883 8358 | 0100 0001 | e960 0000 
  0x000001f657255d68: 0048 3b83 | 6001 0000 | 750d 4883 | 8368 0100 | 0001 e94a | 0000 0048 | 83bb 5001 | 0000 0075 
  0x000001f657255d88: 1748 8983 | 5001 0000 | 48c7 8358 | 0100 0001 | 0000 00e9 | 2900 0000 | 4883 bb60 | 0100 0000 
  0x000001f657255da8: 7517 4889 | 8360 0100 | 0048 c783 | 6801 0000 | 0100 0000 | e908 0000 | 0048 8383 | 4801 0000 
  0x000001f657255dc8: ;   {metadata('org/eclipse/osgi/internal/serviceregistry/ServiceReferenceImpl')}
  0x000001f657255dc8: 0148 b820 | d90b 01f6 | 0100 008b | 7e08 49ba | 0000 0000 | f601 0000 | 4903 fa48 | 3bc7 0f85 
  0x000001f657255de8: c629 0000 | e900 0000 | 0048 89b4 | 24b0 0000 | 008b 7a1c 

  0x000001f657255dfc: ;   {metadata(method data for {method} {0x000001f643680680} 'serviceChanged' '(Lorg/osgi/framework/ServiceEvent;)V' in 'org/eclipse/osgi/internal/serviceregistry/FilteredServiceListener')}
  0x000001f657255dfc: 4885 ff48 | bb88 1188 | 43f6 0100 | 00b8 7801 | 0000 7405 | b888 0100 | 0048 8b0c | 0348 8d49 
  0x000001f657255e1c: 0148 890c | 030f 84e2 | 0100 0048 | 3b06 488b 

  0x000001f657255e2c: ;   {metadata(method data for {method} {0x000001f643680680} 'serviceChanged' '(Lorg/osgi/framework/ServiceEvent;)V' in 'org/eclipse/osgi/internal/serviceregistry/FilteredServiceListener')}
  0x000001f657255e2c: de48 b888 | 1188 43f6 

  0x000001f657255e34: ;   {metadata('org/eclipse/osgi/internal/serviceregistry/ServiceReferenceImpl')}
  0x000001f657255e34: 0100 0049 | ba20 d90b | 01f6 0100 | 004c 8990 | a001 0000 | 4883 80a8 | 0100 0001 

  0x000001f657255e50: ;   {metadata(method data for {method} {0x000001f64368e6c8} 'getClasses' '()[Ljava/lang/String;' in 'org/eclipse/osgi/internal/serviceregistry/ServiceReferenceImpl')}
  0x000001f657255e50: 48bb c01a | 8843 f601 | 0000 8b83 | cc00 0000 | 83c0 0289 | 83cc 0000 | 0025 feff | 1f00 85c0 
  0x000001f657255e70: 0f84 4a29 | 0000 8b5e | 0c48 3b03 

  0x000001f657255e7c: ;   {metadata(method data for {method} {0x000001f64368e6c8} 'getClasses' '()[Ljava/lang/String;' in 'org/eclipse/osgi/internal/serviceregistry/ServiceReferenceImpl')}
  0x000001f657255e7c: 488b c348 | b9c0 1a88 | 43f6 0100 | 008b 4008 | 49ba 0000 | 0000 f601 | 0000 4903 | c248 3b81 
  0x000001f657255e9c: 2001 0000 | 750d 4883 | 8128 0100 | 0001 e960 | 0000 0048 | 3b81 3001 | 0000 750d | 4883 8138 
  0x000001f657255ebc: 0100 0001 | e94a 0000 | 0048 83b9 | 2001 0000 | 0075 1748 | 8981 2001 | 0000 48c7 | 8128 0100 
  0x000001f657255edc: 0001 0000 | 00e9 2900 | 0000 4883 | b930 0100 | 0000 7517 | 4889 8130 | 0100 0048 | c781 3801 
  0x000001f657255efc: 0000 0100 | 0000 e908 | 0000 0048 | 8381 1801 | 0000 018b | 5b28 8b43 

  0x000001f657255f14: ;   {metadata(method data for {method} {0x000001f643680680} 'serviceChanged' '(Lorg/osgi/framework/ServiceEvent;)V' in 'org/eclipse/osgi/internal/serviceregistry/FilteredServiceListener')}
  0x000001f657255f14: 0c48 b988 | 1188 43f6 | 0100 00ff | 81c8 0100 | 00b9 0000 | 0000 e938 | 0000 0090 | 4c63 c946 
  0x000001f657255f34: 8b4c 8b10 

  0x000001f657255f38: ;   {metadata(method data for {method} {0x000001f643680680} 'serviceChanged' '(Lorg/osgi/framework/ServiceEvent;)V' in 'org/eclipse/osgi/internal/serviceregistry/FilteredServiceListener')}
  0x000001f657255f38: 4c3b cf49 | b988 1188 | 43f6 0100 | 0041 bbf0 | 0100 0074 | 0641 bbe0 | 0100 004f | 8b2c 194d 
  0x000001f657255f58: 8d6d 014f | 892c 190f | 8494 0000 | 00ff c13b | c841 b902 | 0000 007c | 0641 b900 

  0x000001f657255f74: ;   {metadata(method data for {method} {0x000001f643680680} 'serviceChanged' '(Lorg/osgi/framework/ServiceEvent;)V' in 'org/eclipse/osgi/internal/serviceregistry/FilteredServiceListener')}
  0x000001f657255f74: 0000 0049 | bb88 1188 | 43f6 0100 | 0045 8bab | d000 0000 | 4503 e945 | 89ab d000 | 0000 4585 
  0x000001f657255f94: c975 0641 | bd02 0000 | 0041 81e5 | fe3f 0000 | 4585 ed0f | 843e 2800 | 004d 8b97 

  0x000001f657255fb0: ; ImmutableOopMap {rdx=Oop r8=Oop rsi=Oop rdi=Oop rbx=Oop [168]=Oop [176]=Oop }
                      ;*if_icmplt {reexecute=1 rethrow=0 return_oop=0}
                      ; - (reexecute) org.eclipse.osgi.internal.serviceregistry.FilteredServiceListener::serviceChanged@51 (line 103)
  0x000001f657255fb0: 5004 0000 

  0x000001f657255fb4: ;   {poll}
  0x000001f657255fb4: 4185 023b 

  0x000001f657255fb8: ;   {metadata(method data for {method} {0x000001f643680680} 'serviceChanged' '(Lorg/osgi/framework/ServiceEvent;)V' in 'org/eclipse/osgi/internal/serviceregistry/FilteredServiceListener')}
  0x000001f657255fb8: c849 b988 | 1188 43f6 | 0100 0041 | bb18 0200 | 007c 0641 | bb28 0200 | 004f 8b2c | 194d 8d6d 
  0x000001f657255fd8: 014f 892c | 190f 8c4d | ffff ff48 | 81c4 7001 

  0x000001f657255fe8: ;   {poll_return}
  0x000001f657255fe8: 0000 5d49 | 3ba7 4804 | 0000 0f87 | 1428 0000 

  0x000001f657255ff8: ;   {metadata(method data for {method} {0x000001f643680680} 'serviceChanged' '(Lorg/osgi/framework/ServiceEvent;)V' in 'org/eclipse/osgi/internal/serviceregistry/FilteredServiceListener')}
  0x000001f657255ff8: c348 bf88 | 1188 43f6 | 0100 00ff | 8700 0200 | 008b 7a18 

  0x000001f65725600c: ;   {metadata(method data for {method} {0x000001f643680680} 'serviceChanged' '(Lorg/osgi/framework/ServiceEvent;)V' in 'org/eclipse/osgi/internal/serviceregistry/FilteredServiceListener')}
  0x000001f65725600c: 48bb 8811 | 8843 f601 | 0000 4883 | 8338 0200 | 0001 498b | d04c 8984 | 24b8 0000 | 004c 8bc7 
  0x000001f65725602c: ;   {static_call}
  0x000001f65725602c: 6666 90e8 

  0x000001f657256030: ; ImmutableOopMap {[168]=Oop [176]=Oop [184]=Oop }
                      ;*invokestatic hasListenServicePermission {reexecute=0 rethrow=0 return_oop=0}
                      ; - org.eclipse.osgi.internal.serviceregistry.FilteredServiceListener::serviceChanged@60 (line 114)
  0x000001f657256030: b831 0000 

  0x000001f657256034: ;   {other}
  0x000001f657256034: 0f1f 8400 | ac0a 0001 

  0x000001f65725603c: ;   {metadata(method data for {method} {0x000001f643680680} 'serviceChanged' '(Lorg/osgi/framework/ServiceEvent;)V' in 'org/eclipse/osgi/internal/serviceregistry/FilteredServiceListener')}
  0x000001f65725603c: 85c0 48ba | 8811 8843 | f601 0000 | be58 0200 | 0074 05be | 4802 0000 | 488b 3c32 | 488d 7f01 
  0x000001f65725605c: 4889 3c32 | 0f84 7226 | 0000 488b | 9424 a800 | 0000 8b72 | 200f be76 

  0x000001f657256074: ;   {metadata(method data for {method} {0x000001f643680680} 'serviceChanged' '(Lorg/osgi/framework/ServiceEvent;)V' in 'org/eclipse/osgi/internal/serviceregistry/FilteredServiceListener')}
  0x000001f657256074: 1185 f648 | be88 1188 | 43f6 0100 | 00bf 6802 | 0000 7405 | bf78 0200 | 0048 8b04 | 3e48 8d40 
  0x000001f657256094: 0148 8904 | 3e0f 84fd | 1600 0048 | 8bda 660f | 1f44 0000 

  0x000001f6572560a8: ;   {no_reloc}
  0x000001f6572560a8: e989 2700 | 0000 0000 | 0000 498b | 87b8 0100 | 0048 8d78 | 1849 3bbf | c801 0000 | 0f87 7627 
  0x000001f6572560c8: 0000 4989 | bfb8 0100 | 0048 c700 | 0100 0000 | 488b ca49 | ba00 0000 | 00f6 0100 | 0049 2bca 
  0x000001f6572560e8: 8948 0848 | 33c9 8948 | 0c48 33c9 | 4889 4810 | 4889 8424 | c000 0000 

  0x000001f657256100: ;   {metadata(method data for {method} {0x000001f643680680} 'serviceChanged' '(Lorg/osgi/framework/ServiceEvent;)V' in 'org/eclipse/osgi/internal/serviceregistry/FilteredServiceListener')}
  0x000001f657256100: 488b d348 | be88 1188 | 43f6 0100 | 0048 8386 | 8802 0000 | 018b 5308 | 49ba 0000 | 0000 f601 
  0x000001f657256120: 0000 4903 | d248 8b52 | 7048 8b12 

  0x000001f65725612c: ; implicit exception: dispatches to 0x000001f65725884d
  0x000001f65725612c: 483b 0248 

  0x000001f657256130: ;   {metadata(method data for {method} {0x000001f643680680} 'serviceChanged' '(Lorg/osgi/framework/ServiceEvent;)V' in 'org/eclipse/osgi/internal/serviceregistry/FilteredServiceListener')}
  0x000001f657256130: 8bf2 48bf | 8811 8843 | f601 0000 | 4883 87b8 | 0200 0001 

  0x000001f657256144: ;   {metadata(method data for {method} {0x000001f6004987e0} 'getName' '()Ljava/lang/String;' in 'java/lang/Class')}
  0x000001f657256144: 48be 1859 | 0943 f601 | 0000 8bbe | cc00 0000 | 83c7 0289 | becc 0000 | 0081 e7fe | ff1f 0085 
  0x000001f657256164: ff0f 84e7 | 2600 008b | 722c 4885 

  0x000001f657256170: ;   {metadata(method data for {method} {0x000001f6004987e0} 'getName' '()Ljava/lang/String;' in 'java/lang/Class')}
  0x000001f657256170: f648 bf18 | 5909 43f6 | 0100 00b9 | 1801 0000 | 7405 b928 | 0100 004c | 8b04 0f4d | 8d40 014c 
  0x000001f657256190: 8904 0f0f | 8415 0000 

  0x000001f657256198: ;   {metadata(method data for {method} {0x000001f6004987e0} 'getName' '()Ljava/lang/String;' in 'java/lang/Class')}
  0x000001f657256198: 0048 ba18 | 5909 43f6 | 0100 00ff | 8238 0100 | 00e9 2900 | 0000 488b 

  0x000001f6572561b0: ;   {metadata(method data for {method} {0x000001f6004987e0} 'getName' '()Ljava/lang/String;' in 'java/lang/Class')}
  0x000001f6572561b0: fa48 bb18 | 5909 43f6 | 0100 0048 | 8383 5001 | 0000 010f 

  0x000001f6572561c4: ;   {optimized virtual_call}
  0x000001f6572561c4: 1f40 00e8 

  0x000001f6572561c8: ; ImmutableOopMap {[168]=Oop [176]=Oop [184]=Oop [192]=Oop }
                      ;*invokevirtual initClassName {reexecute=0 rethrow=0 return_oop=0}
                      ; - java.lang.Class::getName@14 (line 1037)
                      ; - org.eclipse.osgi.internal.serviceregistry.FilteredServiceListener::serviceChanged@85 (line 118)
  0x000001f6572561c8: 1483 3007 

  0x000001f6572561cc: ;   {other}
  0x000001f6572561cc: 0f1f 8400 | 440c 0002 

  0x000001f6572561d4: ;   {metadata(method data for {method} {0x000001f643680680} 'serviceChanged' '(Lorg/osgi/framework/ServiceEvent;)V' in 'org/eclipse/osgi/internal/serviceregistry/FilteredServiceListener')}
  0x000001f6572561d4: 488b f048 | ba88 1188 | 43f6 0100 | 0048 8382 | e802 0000 

  0x000001f6572561e8: ;   {metadata(method data for {method} {0x000001f60048d080} 'valueOf' '(Ljava/lang/Object;)Ljava/lang/String;' in 'java/lang/String')}
  0x000001f6572561e8: 0148 ba70 | 9309 43f6 | 0100 008b | bacc 0000 | 0083 c702 | 89ba cc00 | 0000 81e7 | feff 1f00 
  0x000001f657256208: 85ff 0f84 | 6326 0000 

  0x000001f657256210: ;   {metadata(method data for {method} {0x000001f60048d080} 'valueOf' '(Ljava/lang/Object;)Ljava/lang/String;' in 'java/lang/String')}
  0x000001f657256210: 4885 f648 | ba70 9309 | 43f6 0100 | 00bf 1801 | 0000 7505 | bf28 0100 | 0048 8b1c | 3a48 8d5b 
  0x000001f657256230: 0148 891c | 3a0f 851f 

  0x000001f657256238: ;   {metadata(method data for {method} {0x000001f60048d080} 'valueOf' '(Ljava/lang/Object;)Ljava/lang/String;' in 'java/lang/String')}
  0x000001f657256238: 0000 0048 | ba70 9309 | 43f6 0100 | 00ff 8238 

  0x000001f657256248: ;   {oop("null"{0x00000000c0000f28})}
  0x000001f657256248: 0100 0048 | be28 0f00 | c000 0000 | 00e9 b500 | 0000 483b | 0648 8bd6 

  0x000001f657256260: ;   {metadata(method data for {method} {0x000001f60048d080} 'valueOf' '(Ljava/lang/Object;)Ljava/lang/String;' in 'java/lang/String')}
  0x000001f657256260: 48bf 7093 | 0943 f601 | 0000 8b52 | 0849 ba00 | 0000 00f6 | 0100 0049 | 03d2 483b | 9758 0100 
  0x000001f657256280: 0075 0d48 | 8387 6001 | 0000 01e9 | 6000 0000 | 483b 9768 | 0100 0075 | 0d48 8387 | 7001 0000 
  0x000001f6572562a0: 01e9 4a00 | 0000 4883 | bf58 0100 | 0000 7517 | 4889 9758 | 0100 0048 | c787 6001 | 0000 0100 
  0x000001f6572562c0: 0000 e929 | 0000 0048 | 83bf 6801 | 0000 0075 | 1748 8997 | 6801 0000 | 48c7 8770 | 0100 0001 
  0x000001f6572562e0: 0000 00e9 | 0800 0000 | 4883 8750 | 0100 0001 | 488b d666 | 9048 b840 | f25f 47f6 

  0x000001f6572562fc: ;   {virtual_call}
  0x000001f6572562fc: 0100 00e8 

  0x000001f657256300: ; ImmutableOopMap {[168]=Oop [176]=Oop [184]=Oop [192]=Oop }
                      ;*invokevirtual toString {reexecute=0 rethrow=0 return_oop=0}
                      ; - java.lang.String::valueOf@11 (line 4556)
                      ; - org.eclipse.osgi.internal.serviceregistry.FilteredServiceListener::serviceChanged@88 (line 118)
  0x000001f657256300: dc84 3007 

  0x000001f657256304: ;   {other}
  0x000001f657256304: 0f1f 8400 | 7c0d 0003 | 488b f048 | 8b84 24c0 | 0000 004c 

  0x000001f657256318: ;   {metadata(method data for {method} {0x000001f643680680} 'serviceChanged' '(Lorg/osgi/framework/ServiceEvent;)V' in 'org/eclipse/osgi/internal/serviceregistry/FilteredServiceListener')}
  0x000001f657256318: 8bc0 48ba | 8811 8843 | f601 0000 | 4883 82f8 | 0200 0001 

  0x000001f65725632c: ;   {metadata(method data for {method} {0x000001f600492b00} '<init>' '(Ljava/lang/String;)V' in 'java/lang/StringBuilder')}
  0x000001f65725632c: 49b8 00ef | 3243 f601 | 0000 418b | 90cc 0000 | 0083 c202 | 4189 90cc | 0000 0081 | e2fe ff1f 
  0x000001f65725634c: 0085 d20f | 8444 2500 | 004c 8bc0 

  0x000001f657256358: ;   {metadata(method data for {method} {0x000001f600492b00} '<init>' '(Ljava/lang/String;)V' in 'java/lang/StringBuilder')}
  0x000001f657256358: 48ba 00ef | 3243 f601 | 0000 4883 | 8218 0100 | 0001 4c8b | c648 8bd0 | 0f1f 8000 

  0x000001f657256374: ;   {optimized virtual_call}
  0x000001f657256374: 0000 00e8 

  0x000001f657256378: ; ImmutableOopMap {[168]=Oop [176]=Oop [184]=Oop [192]=Oop }
                      ;*invokespecial <init> {reexecute=0 rethrow=0 return_oop=0}
                      ; - java.lang.StringBuilder::<init>@2 (line 131)
                      ; - org.eclipse.osgi.internal.serviceregistry.FilteredServiceListener::serviceChanged@91 (line 118)
  0x000001f657256378: 6481 3007 

  0x000001f65725637c: ;   {other}
  0x000001f65725637c: 0f1f 8400 | f40d 0004 | 488b 8424 | c000 0000 

  0x000001f65725638c: ;   {metadata(method data for {method} {0x000001f643680680} 'serviceChanged' '(Lorg/osgi/framework/ServiceEvent;)V' in 'org/eclipse/osgi/internal/serviceregistry/FilteredServiceListener')}
  0x000001f65725638c: 49b8 8811 | 8843 f601 | 0000 4983 | 8008 0300 

  0x000001f65725639c: ;   {metadata(method data for {method} {0x000001f600492840} 'append' '(Ljava/lang/String;)Ljava/lang/StringBuilder;' in 'java/lang/StringBuilder')}
  0x000001f65725639c: 0001 49b8 | 50bf 0043 | f601 0000 | 418b 90cc | 0000 0083 | c202 4189 | 90cc 0000 | 0081 e2fe 
  0x000001f6572563bc: ff1f 0085 | d20f 84f3 | 2400 0048 | 8b84 24c0 

  0x000001f6572563cc: ;   {metadata(method data for {method} {0x000001f600492840} 'append' '(Ljava/lang/String;)Ljava/lang/StringBuilder;' in 'java/lang/StringBuilder')}
  0x000001f6572563cc: 0000 0049 | b850 bf00 | 43f6 0100 | 0049 8380 | 1801 0000 

  0x000001f6572563e0: ;   {oop("@"{0x00000000c00069e0})}
  0x000001f6572563e0: 0149 b8e0 | 6900 c000 | 0000 0048 | 8b94 24c0 | 0000 000f 

  0x000001f6572563f4: ;   {optimized virtual_call}
  0x000001f6572563f4: 1f40 00e8 

  0x000001f6572563f8: ; ImmutableOopMap {[168]=Oop [176]=Oop [184]=Oop [192]=Oop }
                      ;*invokespecial append {reexecute=0 rethrow=0 return_oop=0}
                      ; - java.lang.StringBuilder::append@2 (line 179)
                      ; - org.eclipse.osgi.internal.serviceregistry.FilteredServiceListener::serviceChanged@96 (line 118)
  0x000001f6572563f8: e480 3007 

  0x000001f6572563fc: ;   {other}
  0x000001f6572563fc: 0f1f 8400 | 740e 0005 

  0x000001f657256404: ;   {metadata(method data for {method} {0x000001f643680680} 'serviceChanged' '(Lorg/osgi/framework/ServiceEvent;)V' in 'org/eclipse/osgi/internal/serviceregistry/FilteredServiceListener')}
  0x000001f657256404: 48ba 8811 | 8843 f601 | 0000 4883 | 8238 0300 | 0001 488b | 9424 a800 

  0x000001f65725641c: ;   {static_call}
  0x000001f65725641c: 0000 90e8 

  0x000001f657256420: ; ImmutableOopMap {[168]=Oop [176]=Oop [184]=Oop [192]=Oop }
                      ;*invokestatic identityHashCode {reexecute=0 rethrow=0 return_oop=0}
                      ; - org.eclipse.osgi.internal.serviceregistry.FilteredServiceListener::serviceChanged@100 (line 118)
  0x000001f657256420: bc86 3007 

  0x000001f657256424: ;   {other}
  0x000001f657256424: 0f1f 8400 | 9c0e 0006 

  0x000001f65725642c: ;   {metadata(method data for {method} {0x000001f643680680} 'serviceChanged' '(Lorg/osgi/framework/ServiceEvent;)V' in 'org/eclipse/osgi/internal/serviceregistry/FilteredServiceListener')}
  0x000001f65725642c: 48ba 8811 | 8843 f601 | 0000 4883 | 8248 0300 

  0x000001f65725643c: ;   {metadata(method data for {method} {0x000001f600470478} 'toHexString' '(I)Ljava/lang/String;' in 'java/lang/Integer')}
  0x000001f65725643c: 0001 48ba | e008 3243 | f601 0000 | 448b 82cc | 0000 0041 | 83c0 0244 | 8982 cc00 | 0000 4181 
  0x000001f65725645c: e0fe ff1f | 0045 85c0 | 0f84 7124 

  0x000001f657256468: ;   {metadata(method data for {method} {0x000001f600470478} 'toHexString' '(I)Ljava/lang/String;' in 'java/lang/Integer')}
  0x000001f657256468: 0000 48ba | e008 3243 | f601 0000 | 4883 8218 | 0100 0001 | 488b d041 | b804 0000 

  0x000001f657256484: ;   {static_call}
  0x000001f657256484: 0066 90e8 

  0x000001f657256488: ; ImmutableOopMap {[168]=Oop [176]=Oop [184]=Oop [192]=Oop }
                      ;*invokestatic toUnsignedString0 {reexecute=0 rethrow=0 return_oop=0}
                      ; - java.lang.Integer::toHexString@2 (line 287)
                      ; - org.eclipse.osgi.internal.serviceregistry.FilteredServiceListener::serviceChanged@103 (line 118)
  0x000001f657256488: 5486 3007 

  0x000001f65725648c: ;   {other}
  0x000001f65725648c: 0f1f 8400 | 040f 0007 | 4c8b 8424 | c000 0000 

  0x000001f65725649c: ;   {metadata(method data for {method} {0x000001f643680680} 'serviceChanged' '(Lorg/osgi/framework/ServiceEvent;)V' in 'org/eclipse/osgi/internal/serviceregistry/FilteredServiceListener')}
  0x000001f65725649c: 48ba 8811 | 8843 f601 | 0000 4883 | 8258 0300 

  0x000001f6572564ac: ;   {metadata(method data for {method} {0x000001f600492840} 'append' '(Ljava/lang/String;)Ljava/lang/StringBuilder;' in 'java/lang/StringBuilder')}
  0x000001f6572564ac: 0001 49b8 | 50bf 0043 | f601 0000 | 418b 90cc | 0000 0083 | c202 4189 | 90cc 0000 | 0081 e2fe 
  0x000001f6572564cc: ff1f 0085 | d20f 8425 | 2400 004c | 8b84 24c0 

  0x000001f6572564dc: ;   {metadata(method data for {method} {0x000001f600492840} 'append' '(Ljava/lang/String;)Ljava/lang/StringBuilder;' in 'java/lang/StringBuilder')}
  0x000001f6572564dc: 0000 0048 | ba50 bf00 | 43f6 0100 | 0048 8382 | 1801 0000 | 014c 8bc0 | 488b 9424 | c000 0000 
  0x000001f6572564fc: ;   {optimized virtual_call}
  0x000001f6572564fc: 6666 90e8 

  0x000001f657256500: ; ImmutableOopMap {[168]=Oop [176]=Oop [184]=Oop [192]=Oop }
                      ;*invokespecial append {reexecute=0 rethrow=0 return_oop=0}
                      ; - java.lang.StringBuilder::append@2 (line 179)
                      ; - org.eclipse.osgi.internal.serviceregistry.FilteredServiceListener::serviceChanged@106 (line 118)
  0x000001f657256500: dc7f 3007 

  0x000001f657256504: ;   {other}
  0x000001f657256504: 0f1f 8400 | 7c0f 0008 | 488b 8424 | c000 0000 

  0x000001f657256514: ;   {metadata(method data for {method} {0x000001f643680680} 'serviceChanged' '(Lorg/osgi/framework/ServiceEvent;)V' in 'org/eclipse/osgi/internal/serviceregistry/FilteredServiceListener')}
  0x000001f657256514: 48ba 8811 | 8843 f601 | 0000 4883 | 8288 0300 

  0x000001f657256524: ;   {metadata(method data for {method} {0x000001f60016ae60} 'toString' '()Ljava/lang/String;' in 'java/lang/StringBuilder')}
  0x000001f657256524: 0001 48ba | 98c6 0043 | f601 0000 | 8bb2 cc00 | 0000 83c6 | 0289 b2cc | 0000 0081 | e6fe ff1f 
  0x000001f657256544: 0085 f60f | 84d0 2300 | 0048 8b84 | 24c0 0000 

  0x000001f657256554: ;   {metadata(method data for {method} {0x000001f60016ae60} 'toString' '()Ljava/lang/String;' in 'java/lang/StringBuilder')}
  0x000001f657256554: 0048 ba98 | c600 43f6 | 0100 0048 | 8382 1801 

  0x000001f657256564: ;   {metadata(method data for {method} {0x000001f60016aeb8} 'length' '()I' in 'java/lang/StringBuilder')}
  0x000001f657256564: 0000 0148 | ba80 c800 | 43f6 0100 | 008b b2cc | 0000 0083 | c602 89b2 | cc00 0000 | 81e6 feff 
  0x000001f657256584: 1f00 85f6 | 0f84 b023 | 0000 488b | 8424 c000 

  0x000001f657256594: ;   {metadata(method data for {method} {0x000001f60016aeb8} 'length' '()I' in 'java/lang/StringBuilder')}
  0x000001f657256594: 0000 48ba | 80c8 0043 | f601 0000 | 4883 8218 | 0100 0001 | 4c8b 8424 | c000 0000 | 418b 500c 
  0x000001f6572565b4: ;   {metadata(method data for {method} {0x000001f60016ae60} 'toString' '()Ljava/lang/String;' in 'java/lang/StringBuilder')}
  0x000001f6572565b4: 85d2 48ba | 98c6 0043 | f601 0000 | be48 0100 | 0075 05be | 5801 0000 | 488b 3c32 | 488d 7f01 
  0x000001f6572565d4: 4889 3c32 | 0f85 0f00 

  0x000001f6572565dc: ;   {oop(""{0x00000000c0000450})}
  0x000001f6572565dc: 0000 48bb | 5004 00c0 | 0000 0000 | e98f 0000 

  0x000001f6572565ec: ;   {metadata('java/lang/String')}
  0x000001f6572565ec: 0048 ba28 | 0d17 00f6 | 0100 0049 | 8b87 b801 | 0000 488d | 7818 493b | bfc8 0100 | 000f 8750 
  0x000001f65725660c: 2300 0049 | 89bf b801 | 0000 48c7 | 0001 0000 | 0048 8bca | 49ba 0000 | 0000 f601 | 0000 492b 
  0x000001f65725662c: ca89 4808 | 4833 c989 | 480c 4833 | c948 8948 | 104c 8bc8 

  0x000001f657256640: ;   {metadata(method data for {method} {0x000001f60016ae60} 'toString' '()Ljava/lang/String;' in 'java/lang/StringBuilder')}
  0x000001f657256640: 48ba 98c6 | 0043 f601 | 0000 4883 | 8268 0100 

  0x000001f657256650: ;   {oop(nullptr)}
  0x000001f657256650: 0001 49b9 | 0000 0000 | 0000 0000 | 488b d048 | 8984 24c8 

  0x000001f657256664: ;   {optimized virtual_call}
  0x000001f657256664: 0000 00e8 

  0x000001f657256668: ; ImmutableOopMap {[168]=Oop [176]=Oop [184]=Oop [200]=Oop }
                      ;*invokespecial <init> {reexecute=0 rethrow=0 return_oop=0}
                      ; - java.lang.StringBuilder::toString@16 (line 478)
                      ; - org.eclipse.osgi.internal.serviceregistry.FilteredServiceListener::serviceChanged@109 (line 118)
  0x000001f657256668: 747e 3007 

  0x000001f65725666c: ;   {other}
  0x000001f65725666c: 0f1f 8400 | e410 0009 | 488b 9c24 | c800 0000 | 4889 9c24 | d800 0000 | 488b 9424 | a800 0000 
  0x000001f65725668c: 448b 4a20 

  0x000001f657256690: ;   {no_reloc}
  0x000001f657256690: e9e6 2200 | 0000 0000 | 0000 498b | 87b8 0100 | 0048 8d78 | 1849 3bbf | c801 0000 | 0f87 d322 
  0x000001f6572566b0: 0000 4989 | bfb8 0100 | 0048 c700 | 0100 0000 | 488b ca49 | ba00 0000 | 00f6 0100 | 0049 2bca 
  0x000001f6572566d0: 8948 0848 | 33c9 8948 | 0c48 33c9 | 4889 4810 | 4889 8424 | d000 0000 

  0x000001f6572566e8: ;   {metadata(method data for {method} {0x000001f643680680} 'serviceChanged' '(Lorg/osgi/framework/ServiceEvent;)V' in 'org/eclipse/osgi/internal/serviceregistry/FilteredServiceListener')}
  0x000001f6572566e8: 4c8b c048 | ba88 1188 | 43f6 0100 | 0048 8382 | b803 0000 

  0x000001f6572566fc: ;   {metadata(method data for {method} {0x000001f600492b00} '<init>' '(Ljava/lang/String;)V' in 'java/lang/StringBuilder')}
  0x000001f6572566fc: 0149 b800 | ef32 43f6 | 0100 0041 | 8b90 cc00 | 0000 83c2 | 0241 8990 | cc00 0000 | 81e2 feff 
  0x000001f65725671c: 1f00 85d2 | 0f84 6c22 | 0000 4c8b 

  0x000001f657256728: ;   {metadata(method data for {method} {0x000001f600492b00} '<init>' '(Ljava/lang/String;)V' in 'java/lang/StringBuilder')}
  0x000001f657256728: c048 ba00 | ef32 43f6 | 0100 0048 | 8382 1801 

  0x000001f657256738: ;   {oop("filterServiceEvent("{0x00000000eadef158})}
  0x000001f657256738: 0000 0149 | b858 f1de | ea00 0000 | 0048 8bd0 | 4c89 8c24 | e000 0000 | 0f1f 8000 

  0x000001f657256754: ;   {optimized virtual_call}
  0x000001f657256754: 0000 00e8 

  0x000001f657256758: ; ImmutableOopMap {[168]=Oop [176]=Oop [184]=Oop [208]=Oop [216]=Oop [224]=Oop }
                      ;*invokespecial <init> {reexecute=0 rethrow=0 return_oop=0}
                      ; - java.lang.StringBuilder::<init>@2 (line 131)
                      ; - org.eclipse.osgi.internal.serviceregistry.FilteredServiceListener::serviceChanged@125 (line 119)
  0x000001f657256758: 847d 3007 

  0x000001f65725675c: ;   {other}
  0x000001f65725675c: 0f1f 8400 | d411 000a | 488b 8424 | d000 0000 

  0x000001f65725676c: ;   {metadata(method data for {method} {0x000001f643680680} 'serviceChanged' '(Lorg/osgi/framework/ServiceEvent;)V' in 'org/eclipse/osgi/internal/serviceregistry/FilteredServiceListener')}
  0x000001f65725676c: 49b8 8811 | 8843 f601 | 0000 4983 | 80c8 0300 

  0x000001f65725677c: ;   {metadata(method data for {method} {0x000001f600492840} 'append' '(Ljava/lang/String;)Ljava/lang/StringBuilder;' in 'java/lang/StringBuilder')}
  0x000001f65725677c: 0001 49b8 | 50bf 0043 | f601 0000 | 418b 90cc | 0000 0083 | c202 4189 | 90cc 0000 | 0081 e2fe 
  0x000001f65725679c: ff1f 0085 | d20f 840c | 2200 0048 | 8b84 24d0 

  0x000001f6572567ac: ;   {metadata(method data for {method} {0x000001f600492840} 'append' '(Ljava/lang/String;)Ljava/lang/StringBuilder;' in 'java/lang/StringBuilder')}
  0x000001f6572567ac: 0000 0049 | b850 bf00 | 43f6 0100 | 0049 8380 | 1801 0000 | 014c 8b84 | 24d8 0000 | 0048 8b94 
  0x000001f6572567cc: 24d0 0000 | 0066 0f1f 

  0x000001f6572567d4: ;   {optimized virtual_call}
  0x000001f6572567d4: 4400 00e8 

  0x000001f6572567d8: ; ImmutableOopMap {[168]=Oop [176]=Oop [184]=Oop [208]=Oop [224]=Oop }
                      ;*invokespecial append {reexecute=0 rethrow=0 return_oop=0}
                      ; - java.lang.StringBuilder::append@2 (line 179)
                      ; - org.eclipse.osgi.internal.serviceregistry.FilteredServiceListener::serviceChanged@129 (line 119)
  0x000001f6572567d8: 047d 3007 

  0x000001f6572567dc: ;   {other}
  0x000001f6572567dc: 0f1f 8400 | 5412 000b | 488b 8424 | d000 0000 

  0x000001f6572567ec: ;   {metadata(method data for {method} {0x000001f643680680} 'serviceChanged' '(Lorg/osgi/framework/ServiceEvent;)V' in 'org/eclipse/osgi/internal/serviceregistry/FilteredServiceListener')}
  0x000001f6572567ec: 49b8 8811 | 8843 f601 | 0000 4983 | 80f8 0300 

  0x000001f6572567fc: ;   {metadata(method data for {method} {0x000001f600492840} 'append' '(Ljava/lang/String;)Ljava/lang/StringBuilder;' in 'java/lang/StringBuilder')}
  0x000001f6572567fc: 0001 49b8 | 50bf 0043 | f601 0000 | 418b 90cc | 0000 0083 | c202 4189 | 90cc 0000 | 0081 e2fe 
  0x000001f65725681c: ff1f 0085 | d20f 84ad | 2100 0048 | 8b84 24d0 

  0x000001f65725682c: ;   {metadata(method data for {method} {0x000001f600492840} 'append' '(Ljava/lang/String;)Ljava/lang/StringBuilder;' in 'java/lang/StringBuilder')}
  0x000001f65725682c: 0000 0049 | b850 bf00 | 43f6 0100 | 0049 8380 | 1801 0000 

  0x000001f657256840: ;   {oop(", ""{0x00000000eadef198})}
  0x000001f657256840: 0149 b898 | f1de ea00 | 0000 0048 | 8b94 24d0 | 0000 000f 

  0x000001f657256854: ;   {optimized virtual_call}
  0x000001f657256854: 1f40 00e8 

  0x000001f657256858: ; ImmutableOopMap {[168]=Oop [176]=Oop [184]=Oop [208]=Oop [224]=Oop }
                      ;*invokespecial append {reexecute=0 rethrow=0 return_oop=0}
                      ; - java.lang.StringBuilder::append@2 (line 179)
                      ; - org.eclipse.osgi.internal.serviceregistry.FilteredServiceListener::serviceChanged@134 (line 119)
  0x000001f657256858: 847c 3007 

  0x000001f65725685c: ;   {other}
  0x000001f65725685c: 0f1f 8400 | d412 000c | 488b 9424 | a800 0000 

  0x000001f65725686c: ;   {metadata(method data for {method} {0x000001f643680680} 'serviceChanged' '(Lorg/osgi/framework/ServiceEvent;)V' in 'org/eclipse/osgi/internal/serviceregistry/FilteredServiceListener')}
  0x000001f65725686c: 48be 8811 | 8843 f601 

  0x000001f657256874: ;   {metadata('org/eclipse/osgi/internal/serviceregistry/FilteredServiceListener')}
  0x000001f657256874: 0000 49ba | d037 0b01 | f601 0000 | 4c89 9630 | 0400 0048 | 8386 3804 

  0x000001f65725688c: ;   {metadata(method data for {method} {0x000001f643680a98} 'getFilter' '()Ljava/lang/String;' in 'org/eclipse/osgi/internal/serviceregistry/FilteredServiceListener')}
  0x000001f65725688c: 0000 0148 | bae0 2b88 | 43f6 0100 | 008b b2cc | 0000 0083 | c602 89b2 | cc00 0000 | 81e6 feff 
  0x000001f6572568ac: 1f00 85f6 | 0f84 3f21 | 0000 488b | 9424 a800 | 0000 8b72 | 1048 85f6 

  0x000001f6572568c4: ;   {metadata(method data for {method} {0x000001f643680a98} 'getFilter' '()Ljava/lang/String;' in 'org/eclipse/osgi/internal/serviceregistry/FilteredServiceListener')}
  0x000001f6572568c4: 48bf e02b | 8843 f601 | 0000 bb18 | 0100 0074 | 05bb 2801 | 0000 488b | 041f 488d | 4001 4889 
  0x000001f6572568e4: 041f 0f84 | ad00 0000 

  0x000001f6572568ec: ; implicit exception: dispatches to 0x000001f657258a16
  0x000001f6572568ec: 483b 0648 

  0x000001f6572568f0: ;   {metadata(method data for {method} {0x000001f643680a98} 'getFilter' '()Ljava/lang/String;' in 'org/eclipse/osgi/internal/serviceregistry/FilteredServiceListener')}
  0x000001f6572568f0: 8bfe 48bb | e02b 8843 | f601 0000 | 8b7f 0849 | ba00 0000 | 00f6 0100 | 0049 03fa | 483b bb40 
  0x000001f657256910: 0100 0075 | 0d48 8383 | 4801 0000 | 01e9 6000 | 0000 483b | bb50 0100 | 0075 0d48 | 8383 5801 
  0x000001f657256930: 0000 01e9 | 4a00 0000 | 4883 bb40 | 0100 0000 | 7517 4889 | bb40 0100 | 0048 c783 | 4801 0000 
  0x000001f657256950: 0100 0000 | e929 0000 | 0048 83bb | 5001 0000 | 0075 1748 | 89bb 5001 | 0000 48c7 | 8358 0100 
  0x000001f657256970: 0001 0000 | 00e9 0800 | 0000 4883 | 8338 0100 | 0001 488b 

  0x000001f657256984: ;   {optimized virtual_call}
  0x000001f657256984: d666 90e8 

  0x000001f657256988: ; ImmutableOopMap {[168]=Oop [176]=Oop [184]=Oop [208]=Oop [224]=Oop }
                      ;*invokevirtual toString {reexecute=0 rethrow=0 return_oop=0}
                      ; - org.eclipse.osgi.internal.serviceregistry.FilteredServiceListener::getFilter@11 (line 203)
                      ; - org.eclipse.osgi.internal.serviceregistry.FilteredServiceListener::serviceChanged@138 (line 119)
  0x000001f657256988: 547b 3007 

  0x000001f65725698c: ;   {other}
  0x000001f65725698c: 0f1f 8400 | 0414 000d | e9be 0300 | 008b 5a1c 

  0x000001f65725699c: ;   {metadata(method data for {method} {0x000001f643680a98} 'getFilter' '()Ljava/lang/String;' in 'org/eclipse/osgi/internal/serviceregistry/FilteredServiceListener')}
  0x000001f65725699c: 48be e02b | 8843 f601 | 0000 4883 | 8668 0100 

  0x000001f6572569ac: ;   {metadata(method data for {method} {0x000001f643680cc8} 'getObjectClassFilterString' '(Ljava/lang/String;)Ljava/lang/String;' in 'org/eclipse/osgi/internal/serviceregistry/FilteredServiceListener')}
  0x000001f6572569ac: 0001 48be | b02f 8843 | f601 0000 | 8bbe cc00 | 0000 83c7 | 0289 becc | 0000 0081 | e7fe ff1f 
  0x000001f6572569cc: 0085 ff0f | 8446 2000 | 0048 85db 

  0x000001f6572569d8: ;   {metadata(method data for {method} {0x000001f643680cc8} 'getObjectClassFilterString' '(Ljava/lang/String;)Ljava/lang/String;' in 'org/eclipse/osgi/internal/serviceregistry/FilteredServiceListener')}
  0x000001f6572569d8: 48be b02f | 8843 f601 | 0000 bf18 | 0100 0075 | 05bf 2801 | 0000 488b | 043e 488d | 4001 4889 
  0x000001f6572569f8: 043e 0f85 | 0f00 0000 

  0x000001f657256a00: ;   {oop(nullptr)}
  0x000001f657256a00: 48be 0000 | 0000 0000 | 0000 e945 | 0300 0048 | 899c 24f0 | 0000 0090 

  0x000001f657256a18: ;   {no_reloc}
  0x000001f657256a18: e92e 2000 | 0000 0000 | 0000 498b | 87b8 0100 | 0048 8d78 | 1849 3bbf | c801 0000 | 0f87 1b20 
  0x000001f657256a38: 0000 4989 | bfb8 0100 | 0048 c700 | 0100 0000 | 488b ca49 | ba00 0000 | 00f6 0100 | 0049 2bca 
  0x000001f657256a58: 8948 0848 | 33c9 8948 | 0c48 33c9 | 4889 4810 

  0x000001f657256a68: ;   {metadata(method data for {method} {0x000001f643680cc8} 'getObjectClassFilterString' '(Ljava/lang/String;)Ljava/lang/String;' in 'org/eclipse/osgi/internal/serviceregistry/FilteredServiceListener')}
  0x000001f657256a68: 4c8b c048 | bab0 2f88 | 43f6 0100 | 0048 8382 | 3801 0000 

  0x000001f657256a7c: ;   {metadata(method data for {method} {0x000001f600492b00} '<init>' '(Ljava/lang/String;)V' in 'java/lang/StringBuilder')}
  0x000001f657256a7c: 0149 b800 | ef32 43f6 | 0100 0041 | 8b90 cc00 | 0000 83c2 | 0241 8990 | cc00 0000 | 81e2 feff 
  0x000001f657256a9c: 1f00 85d2 | 0f84 bc1f | 0000 4c8b 

  0x000001f657256aa8: ;   {metadata(method data for {method} {0x000001f600492b00} '<init>' '(Ljava/lang/String;)V' in 'java/lang/StringBuilder')}
  0x000001f657256aa8: c048 ba00 | ef32 43f6 | 0100 0048 | 8382 1801 

  0x000001f657256ab8: ;   {oop("(objectClass="{0x00000000c002b340})}
  0x000001f657256ab8: 0000 0149 | b840 b302 | c000 0000 | 0048 8bd0 | 4889 8424 | e800 0000 | 0f1f 8000 

  0x000001f657256ad4: ;   {optimized virtual_call}
  0x000001f657256ad4: 0000 00e8 

  0x000001f657256ad8: ; ImmutableOopMap {[168]=Oop [176]=Oop [184]=Oop [208]=Oop [224]=Oop [232]=Oop [240]=Oop }
                      ;*invokespecial <init> {reexecute=0 rethrow=0 return_oop=0}
                      ; - java.lang.StringBuilder::<init>@2 (line 131)
                      ; - org.eclipse.osgi.internal.serviceregistry.FilteredServiceListener::getObjectClassFilterString@13 (line 239)
                      ; - org.eclipse.osgi.internal.serviceregistry.FilteredServiceListener::getFilter@19 (line 205)
                      ; - org.eclipse.osgi.internal.serviceregistry.FilteredServiceListener::serviceChanged@138 (line 119)
  0x000001f657256ad8: 047a 3007 

  0x000001f657256adc: ;   {other}
  0x000001f657256adc: 0f1f 8400 | 5415 000e | 488b 8424 | e800 0000 

  0x000001f657256aec: ;   {metadata(method data for {method} {0x000001f643680cc8} 'getObjectClassFilterString' '(Ljava/lang/String;)Ljava/lang/String;' in 'org/eclipse/osgi/internal/serviceregistry/FilteredServiceListener')}
  0x000001f657256aec: 49b8 b02f | 8843 f601 | 0000 4983 | 8048 0100 

  0x000001f657256afc: ;   {metadata(method data for {method} {0x000001f600492840} 'append' '(Ljava/lang/String;)Ljava/lang/StringBuilder;' in 'java/lang/StringBuilder')}
  0x000001f657256afc: 0001 49b8 | 50bf 0043 | f601 0000 | 418b 90cc | 0000 0083 | c202 4189 | 90cc 0000 | 0081 e2fe 
  0x000001f657256b1c: ff1f 0085 | d20f 845c | 1f00 0048 | 8b84 24e8 

  0x000001f657256b2c: ;   {metadata(method data for {method} {0x000001f600492840} 'append' '(Ljava/lang/String;)Ljava/lang/StringBuilder;' in 'java/lang/StringBuilder')}
  0x000001f657256b2c: 0000 0049 | b850 bf00 | 43f6 0100 | 0049 8380 | 1801 0000 | 014c 8b84 | 24f0 0000 | 0048 8b94 
  0x000001f657256b4c: 24e8 0000 | 0066 0f1f 

  0x000001f657256b54: ;   {optimized virtual_call}
  0x000001f657256b54: 4400 00e8 

  0x000001f657256b58: ; ImmutableOopMap {[168]=Oop [176]=Oop [184]=Oop [208]=Oop [224]=Oop [232]=Oop }
                      ;*invokespecial append {reexecute=0 rethrow=0 return_oop=0}
                      ; - java.lang.StringBuilder::append@2 (line 179)
                      ; - org.eclipse.osgi.internal.serviceregistry.FilteredServiceListener::getObjectClassFilterString@17 (line 239)
                      ; - org.eclipse.osgi.internal.serviceregistry.FilteredServiceListener::getFilter@19 (line 205)
                      ; - org.eclipse.osgi.internal.serviceregistry.FilteredServiceListener::serviceChanged@138 (line 119)
  0x000001f657256b58: 8479 3007 

  0x000001f657256b5c: ;   {other}
  0x000001f657256b5c: 0f1f 8400 | d415 000f | 488b 8424 | e800 0000 

  0x000001f657256b6c: ;   {metadata(method data for {method} {0x000001f643680cc8} 'getObjectClassFilterString' '(Ljava/lang/String;)Ljava/lang/String;' in 'org/eclipse/osgi/internal/serviceregistry/FilteredServiceListener')}
  0x000001f657256b6c: 49b8 b02f | 8843 f601 | 0000 4983 | 8078 0100 

  0x000001f657256b7c: ;   {metadata(method data for {method} {0x000001f600492840} 'append' '(Ljava/lang/String;)Ljava/lang/StringBuilder;' in 'java/lang/StringBuilder')}
  0x000001f657256b7c: 0001 49b8 | 50bf 0043 | f601 0000 | 418b 90cc | 0000 0083 | c202 4189 | 90cc 0000 | 0081 e2fe 
  0x000001f657256b9c: ff1f 0085 | d20f 84fd | 1e00 0048 | 8b84 24e8 

  0x000001f657256bac: ;   {metadata(method data for {method} {0x000001f600492840} 'append' '(Ljava/lang/String;)Ljava/lang/StringBuilder;' in 'java/lang/StringBuilder')}
  0x000001f657256bac: 0000 0049 | b850 bf00 | 43f6 0100 | 0049 8380 | 1801 0000 

  0x000001f657256bc0: ;   {oop(")"{0x00000000c0001240})}
  0x000001f657256bc0: 0149 b840 | 1200 c000 | 0000 0048 | 8b94 24e8 | 0000 000f 

  0x000001f657256bd4: ;   {optimized virtual_call}
  0x000001f657256bd4: 1f40 00e8 

  0x000001f657256bd8: ; ImmutableOopMap {[168]=Oop [176]=Oop [184]=Oop [208]=Oop [224]=Oop [232]=Oop }
                      ;*invokespecial append {reexecute=0 rethrow=0 return_oop=0}
                      ; - java.lang.StringBuilder::append@2 (line 179)
                      ; - org.eclipse.osgi.internal.serviceregistry.FilteredServiceListener::getObjectClassFilterString@22 (line 239)
                      ; - org.eclipse.osgi.internal.serviceregistry.FilteredServiceListener::getFilter@19 (line 205)
                      ; - org.eclipse.osgi.internal.serviceregistry.FilteredServiceListener::serviceChanged@138 (line 119)
  0x000001f657256bd8: 0479 3007 

  0x000001f657256bdc: ;   {other}
  0x000001f657256bdc: 0f1f 8400 | 5416 0010 | 488b 8424 | e800 0000 

  0x000001f657256bec: ;   {metadata(method data for {method} {0x000001f643680cc8} 'getObjectClassFilterString' '(Ljava/lang/String;)Ljava/lang/String;' in 'org/eclipse/osgi/internal/serviceregistry/FilteredServiceListener')}
  0x000001f657256bec: 48ba b02f | 8843 f601 | 0000 4883 | 82a8 0100 

  0x000001f657256bfc: ;   {metadata(method data for {method} {0x000001f60016ae60} 'toString' '()Ljava/lang/String;' in 'java/lang/StringBuilder')}
  0x000001f657256bfc: 0001 48ba | 98c6 0043 | f601 0000 | 8bb2 cc00 | 0000 83c6 | 0289 b2cc | 0000 0081 | e6fe ff1f 
  0x000001f657256c1c: 0085 f60f | 84a0 1e00 | 0048 8b84 | 24e8 0000 

  0x000001f657256c2c: ;   {metadata(method data for {method} {0x000001f60016ae60} 'toString' '()Ljava/lang/String;' in 'java/lang/StringBuilder')}
  0x000001f657256c2c: 0048 ba98 | c600 43f6 | 0100 0048 | 8382 1801 

  0x000001f657256c3c: ;   {metadata(method data for {method} {0x000001f60016aeb8} 'length' '()I' in 'java/lang/StringBuilder')}
  0x000001f657256c3c: 0000 0148 | ba80 c800 | 43f6 0100 | 008b b2cc | 0000 0083 | c602 89b2 | cc00 0000 | 81e6 feff 
  0x000001f657256c5c: 1f00 85f6 | 0f84 801e | 0000 488b | 8424 e800 

  0x000001f657256c6c: ;   {metadata(method data for {method} {0x000001f60016aeb8} 'length' '()I' in 'java/lang/StringBuilder')}
  0x000001f657256c6c: 0000 48ba | 80c8 0043 | f601 0000 | 4883 8218 | 0100 0001 | 4c8b 8424 | e800 0000 | 418b 500c 
  0x000001f657256c8c: ;   {metadata(method data for {method} {0x000001f60016ae60} 'toString' '()Ljava/lang/String;' in 'java/lang/StringBuilder')}
  0x000001f657256c8c: 85d2 48ba | 98c6 0043 | f601 0000 | be48 0100 | 0075 05be | 5801 0000 | 488b 3c32 | 488d 7f01 
  0x000001f657256cac: 4889 3c32 | 0f85 0f00 

  0x000001f657256cb4: ;   {oop(""{0x00000000c0000450})}
  0x000001f657256cb4: 0000 48be | 5004 00c0 | 0000 0000 | e98f 0000 

  0x000001f657256cc4: ;   {metadata('java/lang/String')}
  0x000001f657256cc4: 0048 ba28 | 0d17 00f6 | 0100 0049 | 8b87 b801 | 0000 488d | 7818 493b | bfc8 0100 | 000f 8720 
  0x000001f657256ce4: 1e00 0049 | 89bf b801 | 0000 48c7 | 0001 0000 | 0048 8bca | 49ba 0000 | 0000 f601 | 0000 492b 
  0x000001f657256d04: ca89 4808 | 4833 c989 | 480c 4833 | c948 8948 | 104c 8bc8 

  0x000001f657256d18: ;   {metadata(method data for {method} {0x000001f60016ae60} 'toString' '()Ljava/lang/String;' in 'java/lang/StringBuilder')}
  0x000001f657256d18: 48ba 98c6 | 0043 f601 | 0000 4883 | 8268 0100 

  0x000001f657256d28: ;   {oop(nullptr)}
  0x000001f657256d28: 0001 49b9 | 0000 0000 | 0000 0000 | 488b d048 | 8984 24f8 

  0x000001f657256d3c: ;   {optimized virtual_call}
  0x000001f657256d3c: 0000 00e8 

  0x000001f657256d40: ; ImmutableOopMap {[168]=Oop [176]=Oop [184]=Oop [208]=Oop [224]=Oop [248]=Oop }
                      ;*invokespecial <init> {reexecute=0 rethrow=0 return_oop=0}
                      ; - java.lang.StringBuilder::toString@16 (line 478)
                      ; - org.eclipse.osgi.internal.serviceregistry.FilteredServiceListener::getObjectClassFilterString@25 (line 239)
                      ; - org.eclipse.osgi.internal.serviceregistry.FilteredServiceListener::getFilter@19 (line 205)
                      ; - org.eclipse.osgi.internal.serviceregistry.FilteredServiceListener::serviceChanged@138 (line 119)
  0x000001f657256d40: 9c77 3007 

  0x000001f657256d44: ;   {other}
  0x000001f657256d44: 0f1f 8400 | bc17 0011 | 488b b424 | f800 0000 | 488b c64c | 8b84 24d0 

  0x000001f657256d5c: ;   {metadata(method data for {method} {0x000001f643680680} 'serviceChanged' '(Lorg/osgi/framework/ServiceEvent;)V' in 'org/eclipse/osgi/internal/serviceregistry/FilteredServiceListener')}
  0x000001f657256d5c: 0000 0048 | ba88 1188 | 43f6 0100 | 0048 8382 | 5804 0000 

  0x000001f657256d70: ;   {metadata(method data for {method} {0x000001f600492840} 'append' '(Ljava/lang/String;)Ljava/lang/StringBuilder;' in 'java/lang/StringBuilder')}
  0x000001f657256d70: 0149 b850 | bf00 43f6 | 0100 0041 | 8b90 cc00 | 0000 83c2 | 0241 8990 | cc00 0000 | 81e2 feff 
  0x000001f657256d90: 1f00 85d2 | 0f84 7a1d | 0000 4c8b | 8424 d000 

  0x000001f657256da0: ;   {metadata(method data for {method} {0x000001f600492840} 'append' '(Ljava/lang/String;)Ljava/lang/StringBuilder;' in 'java/lang/StringBuilder')}
  0x000001f657256da0: 0000 48ba | 50bf 0043 | f601 0000 | 4883 8218 | 0100 0001 | 4c8b c048 | 8b94 24d0 

  0x000001f657256dbc: ;   {optimized virtual_call}
  0x000001f657256dbc: 0000 00e8 

  0x000001f657256dc0: ; ImmutableOopMap {[168]=Oop [176]=Oop [184]=Oop [208]=Oop [224]=Oop }
                      ;*invokespecial append {reexecute=0 rethrow=0 return_oop=0}
                      ; - java.lang.StringBuilder::append@2 (line 179)
                      ; - org.eclipse.osgi.internal.serviceregistry.FilteredServiceListener::serviceChanged@141 (line 119)
  0x000001f657256dc0: 1c77 3007 

  0x000001f657256dc4: ;   {other}
  0x000001f657256dc4: 0f1f 8400 | 3c18 0012 | 488b 8424 | d000 0000 

  0x000001f657256dd4: ;   {metadata(method data for {method} {0x000001f643680680} 'serviceChanged' '(Lorg/osgi/framework/ServiceEvent;)V' in 'org/eclipse/osgi/internal/serviceregistry/FilteredServiceListener')}
  0x000001f657256dd4: 49b8 8811 | 8843 f601 | 0000 4983 | 8088 0400 

  0x000001f657256de4: ;   {metadata(method data for {method} {0x000001f600492840} 'append' '(Ljava/lang/String;)Ljava/lang/StringBuilder;' in 'java/lang/StringBuilder')}
  0x000001f657256de4: 0001 49b8 | 50bf 0043 | f601 0000 | 418b 90cc | 0000 0083 | c202 4189 | 90cc 0000 | 0081 e2fe 
  0x000001f657256e04: ff1f 0085 | d20f 8426 | 1d00 0048 | 8b84 24d0 

  0x000001f657256e14: ;   {metadata(method data for {method} {0x000001f600492840} 'append' '(Ljava/lang/String;)Ljava/lang/StringBuilder;' in 'java/lang/StringBuilder')}
  0x000001f657256e14: 0000 0049 | b850 bf00 | 43f6 0100 | 0049 8380 | 1801 0000 

  0x000001f657256e28: ;   {oop("", "{0x00000000eadef1c8})}
  0x000001f657256e28: 0149 b8c8 | f1de ea00 | 0000 0048 | 8b94 24d0 | 0000 000f 

  0x000001f657256e3c: ;   {optimized virtual_call}
  0x000001f657256e3c: 1f40 00e8 

  0x000001f657256e40: ; ImmutableOopMap {[168]=Oop [176]=Oop [184]=Oop [208]=Oop [224]=Oop }
                      ;*invokespecial append {reexecute=0 rethrow=0 return_oop=0}
                      ; - java.lang.StringBuilder::append@2 (line 179)
                      ; - org.eclipse.osgi.internal.serviceregistry.FilteredServiceListener::serviceChanged@146 (line 119)
  0x000001f657256e40: 9c76 3007 

  0x000001f657256e44: ;   {other}
  0x000001f657256e44: 0f1f 8400 | bc18 0013 | 488b b424 | b000 0000 

  0x000001f657256e54: ; implicit exception: dispatches to 0x000001f657258b56
  0x000001f657256e54: 483b 0648 

  0x000001f657256e58: ;   {metadata(method data for {method} {0x000001f643680680} 'serviceChanged' '(Lorg/osgi/framework/ServiceEvent;)V' in 'org/eclipse/osgi/internal/serviceregistry/FilteredServiceListener')}
  0x000001f657256e58: 8bc6 48ba | 8811 8843 | f601 0000 

  0x000001f657256e64: ;   {metadata('org/eclipse/osgi/internal/serviceregistry/ServiceReferenceImpl')}
  0x000001f657256e64: 49ba 20d9 | 0b01 f601 | 0000 4c89 | 92c0 0400 | 0048 8382 | c804 0000 | 018b 560c 

  0x000001f657256e80: ; implicit exception: dispatches to 0x000001f657258b5b
  0x000001f657256e80: 483b 0248 

  0x000001f657256e84: ;   {metadata(method data for {method} {0x000001f643680680} 'serviceChanged' '(Lorg/osgi/framework/ServiceEvent;)V' in 'org/eclipse/osgi/internal/serviceregistry/FilteredServiceListener')}
  0x000001f657256e84: 8bc2 48bf | 8811 8843 | f601 0000 | 8b40 0849 | ba00 0000 | 00f6 0100 | 0049 03c2 | 483b 87f0 
  0x000001f657256ea4: 0400 0075 | 0d48 8387 | f804 0000 | 01e9 6000 | 0000 483b | 8700 0500 | 0075 0d48 | 8387 0805 
  0x000001f657256ec4: 0000 01e9 | 4a00 0000 | 4883 bff0 | 0400 0000 | 7517 4889 | 87f0 0400 | 0048 c787 | f804 0000 
  0x000001f657256ee4: 0100 0000 | e929 0000 | 0048 83bf | 0005 0000 | 0075 1748 | 8987 0005 | 0000 48c7 | 8708 0500 
  0x000001f657256f04: 0001 0000 | 00e9 0800 | 0000 4883 | 87e8 0400 

  0x000001f657256f14: ;   {metadata(method data for {method} {0x000001f64364d370} 'getProperties' '()Ljava/util/Map;' in 'org/eclipse/osgi/internal/serviceregistry/ServiceRegistrationImpl')}
  0x000001f657256f14: 0001 48b8 | c831 8843 | f601 0000 | 8bb8 cc00 | 0000 83c7 | 0289 b8cc | 0000 0081 | e7fe ff1f 
  0x000001f657256f34: 0085 ff0f | 8423 1c00 | 008b 7a3c | 488d 9c24 | 5001 0000 | 4889 7b08 

  0x000001f657256f4c: ; implicit exception: dispatches to 0x000001f657258b81
  0x000001f657256f4c: 488b 0741 | 8b8f 1806 | 0000 81f9 | 6806 0000 | 0f8d 241c | 0000 493b | 7c0f f80f | 8425 0000 
  0x000001f657256f6c: 00a8 020f | 8511 1c00 | 0048 8bc8 | 4883 e1fe | 4883 c801 | f048 0fb1 | 0f0f 85fb | 1b00 0041 
  0x000001f657256f8c: 8b8f 1806 | 0000 4989 | 3c0f 83c1 | 0841 898f | 1806 0000 | 49ff 8750 | 0500 008b | 5238 488d 
  0x000001f657256fac: 8424 5001 | 0000 488b | 5808 418b | bf18 0600 | 0049 3b5c | 3ff8 0f85 | d11b 0000 | 4183 af18 
  0x000001f657256fcc: 0600 0008 | 493b 5c3f | f00f 842a | 0000 0048 | 8b03 a802 | 0f85 1200 | 0000 488b | f848 83cf 
  0x000001f657256fec: 01f0 480f | b13b 0f84 | 0d00 0000 | 4183 8718 | 0600 0008 | e994 1b00 | 0049 ff8f | 5005 0000 
  0x000001f65725700c: 488b 8424 | d000 0000 

  0x000001f657257014: ;   {metadata(method data for {method} {0x000001f643680680} 'serviceChanged' '(Lorg/osgi/framework/ServiceEvent;)V' in 'org/eclipse/osgi/internal/serviceregistry/FilteredServiceListener')}
  0x000001f657257014: 48bf 8811 | 8843 f601 | 0000 4883 | 8718 0500 

  0x000001f657257024: ;   {metadata(method data for {method} {0x000001f600492898} 'append' '(Ljava/lang/Object;)Ljava/lang/StringBuilder;' in 'java/lang/StringBuilder')}
  0x000001f657257024: 0001 48bf | d091 0943 | f601 0000 | 8b9f cc00 | 0000 83c3 | 0289 9fcc | 0000 0081 | e3fe ff1f 
  0x000001f657257044: 0085 db0f | 8462 1b00 

  0x000001f65725704c: ;   {metadata(method data for {method} {0x000001f600492898} 'append' '(Ljava/lang/Object;)Ljava/lang/StringBuilder;' in 'java/lang/StringBuilder')}
  0x000001f65725704c: 0048 bfd0 | 9109 43f6 | 0100 0048 | 8387 1801 

  0x000001f65725705c: ;   {metadata(method data for {method} {0x000001f60048d080} 'valueOf' '(Ljava/lang/Object;)Ljava/lang/String;' in 'java/lang/String')}
  0x000001f65725705c: 0000 0148 | bf70 9309 | 43f6 0100 | 008b 9fcc | 0000 0083 | c302 899f | cc00 0000 | 81e3 feff 
  0x000001f65725707c: 1f00 85db | 0f84 4a1b | 0000 4885 

  0x000001f657257088: ;   {metadata(method data for {method} {0x000001f60048d080} 'valueOf' '(Ljava/lang/Object;)Ljava/lang/String;' in 'java/lang/String')}
  0x000001f657257088: d248 bf70 | 9309 43f6 | 0100 00bb | 1801 0000 | 7505 bb28 | 0100 0048 | 8b04 1f48 | 8d40 0148 
  0x000001f6572570a8: 8904 1f0f | 851f 0000 

  0x000001f6572570b0: ;   {metadata(method data for {method} {0x000001f60048d080} 'valueOf' '(Ljava/lang/Object;)Ljava/lang/String;' in 'java/lang/String')}
  0x000001f6572570b0: 0048 ba70 | 9309 43f6 | 0100 00ff | 8238 0100 

  0x000001f6572570c0: ;   {oop("null"{0x00000000c0000f28})}
  0x000001f6572570c0: 0048 bf28 | 0f00 c000 | 0000 00e9 | b700 0000 

  0x000001f6572570d0: ; implicit exception: dispatches to 0x000001f657258bf1
  0x000001f6572570d0: 483b 0248 

  0x000001f6572570d4: ;   {metadata(method data for {method} {0x000001f60048d080} 'valueOf' '(Ljava/lang/Object;)Ljava/lang/String;' in 'java/lang/String')}
  0x000001f6572570d4: 8bfa 48bb | 7093 0943 | f601 0000 | 8b7f 0849 | ba00 0000 | 00f6 0100 | 0049 03fa | 483b bb58 
  0x000001f6572570f4: 0100 0075 | 0d48 8383 | 6001 0000 | 01e9 6000 | 0000 483b | bb68 0100 | 0075 0d48 | 8383 7001 
  0x000001f657257114: 0000 01e9 | 4a00 0000 | 4883 bb58 | 0100 0000 | 7517 4889 | bb58 0100 | 0048 c783 | 6001 0000 
  0x000001f657257134: 0100 0000 | e929 0000 | 0048 83bb | 6801 0000 | 0075 1748 | 89bb 6801 | 0000 48c7 | 8370 0100 
  0x000001f657257154: 0001 0000 | 00e9 0800 | 0000 4883 | 8350 0100 | 0001 0f1f | 8000 0000 | 0048 b868 | f25f 47f6 
  0x000001f657257174: ;   {virtual_call}
  0x000001f657257174: 0100 00e8 

  0x000001f657257178: ; ImmutableOopMap {[168]=Oop [176]=Oop [184]=Oop [208]=Oop [224]=Oop }
                      ;*invokevirtual toString {reexecute=0 rethrow=0 return_oop=0}
                      ; - java.lang.String::valueOf@11 (line 4556)
                      ; - java.lang.StringBuilder::append@2 (line 173)
                      ; - org.eclipse.osgi.internal.serviceregistry.FilteredServiceListener::serviceChanged@156 (line 120)
  0x000001f657257178: 6476 3007 

  0x000001f65725717c: ;   {other}
  0x000001f65725717c: 0f1f 8400 | f41b 0014 | 488b f848 | 8b84 24d0 

  0x000001f65725718c: ;   {metadata(method data for {method} {0x000001f600492898} 'append' '(Ljava/lang/Object;)Ljava/lang/StringBuilder;' in 'java/lang/StringBuilder')}
  0x000001f65725718c: 0000 0049 | b8d0 9109 | 43f6 0100 | 0049 8380 | 2801 0000 

  0x000001f6572571a0: ;   {metadata(method data for {method} {0x000001f600492840} 'append' '(Ljava/lang/String;)Ljava/lang/StringBuilder;' in 'java/lang/StringBuilder')}
  0x000001f6572571a0: 0149 b850 | bf00 43f6 | 0100 0041 | 8b90 cc00 | 0000 83c2 | 0241 8990 | cc00 0000 | 81e2 feff 
  0x000001f6572571c0: 1f00 85d2 | 0f84 2c1a | 0000 488b | 8424 d000 

  0x000001f6572571d0: ;   {metadata(method data for {method} {0x000001f600492840} 'append' '(Ljava/lang/String;)Ljava/lang/StringBuilder;' in 'java/lang/StringBuilder')}
  0x000001f6572571d0: 0000 49b8 | 50bf 0043 | f601 0000 | 4983 8018 | 0100 0001 | 4c8b c748 | 8b94 24d0 

  0x000001f6572571ec: ;   {optimized virtual_call}
  0x000001f6572571ec: 0000 00e8 

  0x000001f6572571f0: ; ImmutableOopMap {[168]=Oop [176]=Oop [184]=Oop [208]=Oop [224]=Oop }
                      ;*invokespecial append {reexecute=0 rethrow=0 return_oop=0}
                      ; - java.lang.StringBuilder::append@2 (line 179)
                      ; - java.lang.StringBuilder::append@5 (line 173)
                      ; - org.eclipse.osgi.internal.serviceregistry.FilteredServiceListener::serviceChanged@156 (line 120)
  0x000001f6572571f0: ec72 3007 

  0x000001f6572571f4: ;   {other}
  0x000001f6572571f4: 0f1f 8400 | 6c1c 0015 | 488b 8424 | d000 0000 

  0x000001f657257204: ;   {metadata(method data for {method} {0x000001f643680680} 'serviceChanged' '(Lorg/osgi/framework/ServiceEvent;)V' in 'org/eclipse/osgi/internal/serviceregistry/FilteredServiceListener')}
  0x000001f657257204: 4c8b c048 | ba88 1188 | 43f6 0100 | 0048 8382 | 4805 0000 

  0x000001f657257218: ;   {metadata(method data for {method} {0x000001f600492840} 'append' '(Ljava/lang/String;)Ljava/lang/StringBuilder;' in 'java/lang/StringBuilder')}
  0x000001f657257218: 0149 b850 | bf00 43f6 | 0100 0041 | 8b90 cc00 | 0000 83c2 | 0241 8990 | cc00 0000 | 81e2 feff 
  0x000001f657257238: 1f00 85d2 | 0f84 d519 | 0000 4c8b 

  0x000001f657257244: ;   {metadata(method data for {method} {0x000001f600492840} 'append' '(Ljava/lang/String;)Ljava/lang/StringBuilder;' in 'java/lang/StringBuilder')}
  0x000001f657257244: c048 ba50 | bf00 43f6 | 0100 0048 | 8382 1801 

  0x000001f657257254: ;   {oop(")"{0x00000000c0001240})}
  0x000001f657257254: 0000 0149 | b840 1200 | c000 0000 | 0048 8bd0 

  0x000001f657257264: ;   {optimized virtual_call}
  0x000001f657257264: 6666 90e8 

  0x000001f657257268: ; ImmutableOopMap {[168]=Oop [176]=Oop [184]=Oop [208]=Oop [224]=Oop }
                      ;*invokespecial append {reexecute=0 rethrow=0 return_oop=0}
                      ; - java.lang.StringBuilder::append@2 (line 179)
                      ; - org.eclipse.osgi.internal.serviceregistry.FilteredServiceListener::serviceChanged@161 (line 120)
  0x000001f657257268: 7472 3007 

  0x000001f65725726c: ;   {other}
  0x000001f65725726c: 0f1f 8400 | e41c 0016 | 488b 8424 | d000 0000 

  0x000001f65725727c: ;   {metadata(method data for {method} {0x000001f643680680} 'serviceChanged' '(Lorg/osgi/framework/ServiceEvent;)V' in 'org/eclipse/osgi/internal/serviceregistry/FilteredServiceListener')}
  0x000001f65725727c: 48ba 8811 | 8843 f601 | 0000 4883 | 8278 0500 

  0x000001f65725728c: ;   {metadata(method data for {method} {0x000001f60016ae60} 'toString' '()Ljava/lang/String;' in 'java/lang/StringBuilder')}
  0x000001f65725728c: 0001 48ba | 98c6 0043 | f601 0000 | 8bb2 cc00 | 0000 83c6 | 0289 b2cc | 0000 0081 | e6fe ff1f 
  0x000001f6572572ac: 0085 f60f | 8483 1900 | 0048 8b84 | 24d0 0000 

  0x000001f6572572bc: ;   {metadata(method data for {method} {0x000001f60016ae60} 'toString' '()Ljava/lang/String;' in 'java/lang/StringBuilder')}
  0x000001f6572572bc: 0048 ba98 | c600 43f6 | 0100 0048 | 8382 1801 

  0x000001f6572572cc: ;   {metadata(method data for {method} {0x000001f60016aeb8} 'length' '()I' in 'java/lang/StringBuilder')}
  0x000001f6572572cc: 0000 0148 | ba80 c800 | 43f6 0100 | 008b b2cc | 0000 0083 | c602 89b2 | cc00 0000 | 81e6 feff 
  0x000001f6572572ec: 1f00 85f6 | 0f84 6319 | 0000 488b | 8424 d000 

  0x000001f6572572fc: ;   {metadata(method data for {method} {0x000001f60016aeb8} 'length' '()I' in 'java/lang/StringBuilder')}
  0x000001f6572572fc: 0000 48ba | 80c8 0043 | f601 0000 | 4883 8218 | 0100 0001 | 4c8b 8424 | d000 0000 | 418b 500c 
  0x000001f65725731c: ;   {metadata(method data for {method} {0x000001f60016ae60} 'toString' '()Ljava/lang/String;' in 'java/lang/StringBuilder')}
  0x000001f65725731c: 85d2 48ba | 98c6 0043 | f601 0000 | be48 0100 | 0075 05be | 5801 0000 | 488b 3c32 | 488d 7f01 
  0x000001f65725733c: 4889 3c32 | 0f85 0f00 

  0x000001f657257344: ;   {oop(""{0x00000000c0000450})}
  0x000001f657257344: 0000 48be | 5004 00c0 | 0000 0000 | e98f 0000 

  0x000001f657257354: ;   {metadata('java/lang/String')}
  0x000001f657257354: 0048 ba28 | 0d17 00f6 | 0100 0049 | 8b87 b801 | 0000 488d | 7818 493b | bfc8 0100 | 000f 8703 
  0x000001f657257374: 1900 0049 | 89bf b801 | 0000 48c7 | 0001 0000 | 0048 8bca | 49ba 0000 | 0000 f601 | 0000 492b 
  0x000001f657257394: ca89 4808 | 4833 c989 | 480c 4833 | c948 8948 | 104c 8bc8 

  0x000001f6572573a8: ;   {metadata(method data for {method} {0x000001f60016ae60} 'toString' '()Ljava/lang/String;' in 'java/lang/StringBuilder')}
  0x000001f6572573a8: 48ba 98c6 | 0043 f601 | 0000 4883 | 8268 0100 

  0x000001f6572573b8: ;   {oop(nullptr)}
  0x000001f6572573b8: 0001 49b9 | 0000 0000 | 0000 0000 | 488b d048 | 8984 2400 

  0x000001f6572573cc: ;   {optimized virtual_call}
  0x000001f6572573cc: 0100 00e8 

  0x000001f6572573d0: ; ImmutableOopMap {[168]=Oop [176]=Oop [184]=Oop [224]=Oop [256]=Oop }
                      ;*invokespecial <init> {reexecute=0 rethrow=0 return_oop=0}
                      ; - java.lang.StringBuilder::toString@16 (line 478)
                      ; - org.eclipse.osgi.internal.serviceregistry.FilteredServiceListener::serviceChanged@164 (line 120)
  0x000001f6572573d0: 0c71 3007 

  0x000001f6572573d4: ;   {other}
  0x000001f6572573d4: 0f1f 8400 | 4c1e 0017 | 488b b424 | 0001 0000 | 4c8b 8c24 | e000 0000 

  0x000001f6572573ec: ; implicit exception: dispatches to 0x000001f657258c87
  0x000001f6572573ec: 493b 014d 

  0x000001f6572573f0: ;   {metadata(method data for {method} {0x000001f643680680} 'serviceChanged' '(Lorg/osgi/framework/ServiceEvent;)V' in 'org/eclipse/osgi/internal/serviceregistry/FilteredServiceListener')}
  0x000001f6572573f0: 8bc1 48ba | 8811 8843 | f601 0000 

  0x000001f6572573fc: ;   {metadata('org/eclipse/osgi/internal/debug/Debug')}
  0x000001f6572573fc: 49ba 0060 | 0801 f601 | 0000 4c89 | 92b0 0500 | 0048 8382 | b805 0000 

  0x000001f657257414: ;   {metadata(method data for {method} {0x000001f6434cb398} 'trace' '(Ljava/lang/String;Ljava/lang/String;)V' in 'org/eclipse/osgi/internal/debug/Debug')}
  0x000001f657257414: 0149 b8a8 | ed84 43f6 | 0100 0041 | 8b90 cc00 | 0000 83c2 | 0241 8990 | cc00 0000 | 81e2 feff 
  0x000001f657257434: 1f00 85d2 | 0f84 4e18 | 0000 418b | 5120 4885 

  0x000001f657257444: ;   {metadata(method data for {method} {0x000001f6434cb398} 'trace' '(Ljava/lang/String;Ljava/lang/String;)V' in 'org/eclipse/osgi/internal/debug/Debug')}
  0x000001f657257444: d249 b8a8 | ed84 43f6 | 0100 0041 | b918 0100 | 0074 0641 | b928 0100 | 004b 8b3c | 0848 8d7f 
  0x000001f657257464: 014b 893c | 080f 84e3 | 0200 0048 | 89b4 2408 | 0100 0048 | 85d2 0f84 | 2900 0000 

  0x000001f657257480: ;   {metadata('org/eclipse/osgi/internal/log/ExtendedLogServiceImpl')}
  0x000001f657257480: 48bb 48ae | 0801 f601 | 0000 8b7a | 0849 ba00 | 0000 00f6 | 0100 0049 | 03fa 483b | 5f38 0f85 
  0x000001f6572574a0: 0918 0000 | e900 0000 | 004c 8bc2 

  0x000001f6572574ac: ; implicit exception: dispatches to 0x000001f657258cb2
  0x000001f6572574ac: 483b 024c 

  0x000001f6572574b0: ;   {metadata(method data for {method} {0x000001f6434cb398} 'trace' '(Ljava/lang/String;Ljava/lang/String;)V' in 'org/eclipse/osgi/internal/debug/Debug')}
  0x000001f6572574b0: 8bc2 49b9 | a8ed 8443 | f601 0000 

  0x000001f6572574bc: ;   {metadata('org/eclipse/osgi/internal/log/ExtendedLogServiceImpl')}
  0x000001f6572574bc: 49ba 48ae | 0801 f601 | 0000 4d89 | 9140 0100 | 0049 8381 | 4801 0000 

  0x000001f6572574d4: ;   {metadata(method data for {method} {0x000001f6434f1300} 'getLogger' '(Ljava/lang/String;)Lorg/osgi/service/log/Logger;' in 'org/eclipse/osgi/internal/log/ExtendedLogServiceImpl')}
  0x000001f6572574d4: 0149 b808 | f384 43f6 | 0100 0045 | 8b88 cc00 | 0000 4183 | c102 4589 | 88cc 0000 | 0041 81e1 
  0x000001f6572574f4: feff 1f00 | 4585 c90f | 84b6 1700 | 004c 8bc2 

  0x000001f657257504: ;   {metadata(method data for {method} {0x000001f6434f1300} 'getLogger' '(Ljava/lang/String;)Lorg/osgi/service/log/Logger;' in 'org/eclipse/osgi/internal/log/ExtendedLogServiceImpl')}
  0x000001f657257504: 49b9 08f3 | 8443 f601 

  0x000001f65725750c: ;   {metadata('org/eclipse/osgi/internal/log/ExtendedLogServiceImpl')}
  0x000001f65725750c: 0000 49ba | 48ae 0801 | f601 0000 | 4d89 9120 | 0100 0049 | 8381 2801 

  0x000001f657257524: ;   {metadata(method data for {method} {0x000001f6434eeb88} 'getLogger' '(Ljava/lang/String;)Lorg/eclipse/equinox/log/Logger;' in 'org/eclipse/osgi/internal/log/ExtendedLogServiceImpl')}
  0x000001f657257524: 0000 0149 | b800 f784 | 43f6 0100 | 0045 8b88 | cc00 0000 | 4183 c102 | 4589 88cc | 0000 0041 
  0x000001f657257544: 81e1 feff | 1f00 4585 | c90f 8485 | 1700 004c 

  0x000001f657257554: ;   {metadata(method data for {method} {0x000001f6434eeb88} 'getLogger' '(Ljava/lang/String;)Lorg/eclipse/equinox/log/Logger;' in 'org/eclipse/osgi/internal/log/ExtendedLogServiceImpl')}
  0x000001f657257554: 8bc2 49b9 | 00f7 8443 | f601 0000 

  0x000001f657257560: ;   {metadata('org/eclipse/osgi/internal/log/ExtendedLogServiceImpl')}
  0x000001f657257560: 49ba 48ae | 0801 f601 | 0000 4d89 | 9120 0100 | 0049 8381 | 2801 0000 

  0x000001f657257578: ;   {oop("org.eclipse.osgi/debug/events"{0x00000000c0095850})}
  0x000001f657257578: 0149 b850 | 5809 c000 

  0x000001f657257580: ;   {oop(a 'java/lang/Class'{0x00000000ec826e18} = 'org/osgi/service/log/Logger')}
  0x000001f657257580: 0000 0049 | b918 6e82 | ec00 0000 

  0x000001f65725758c: ;   {optimized virtual_call}
  0x000001f65725758c: 0066 90e8 

  0x000001f657257590: ; ImmutableOopMap {[168]=Oop [176]=Oop [184]=Oop [264]=Oop }
                      ;*invokevirtual getLogger {reexecute=0 rethrow=0 return_oop=0}
                      ; - org.eclipse.osgi.internal.log.ExtendedLogServiceImpl::getLogger@4 (line 73)
                      ; - org.eclipse.osgi.internal.log.ExtendedLogServiceImpl::getLogger@2 (line 1)
                      ; - org.eclipse.osgi.internal.debug.Debug::trace@11 (line 230)
                      ; - org.eclipse.osgi.internal.serviceregistry.FilteredServiceListener::serviceChanged@167 (line 119)
  0x000001f657257590: 4c6f 3007 

  0x000001f657257594: ;   {other}
  0x000001f657257594: 0f1f 8400 | 0c20 0018 

  0x000001f65725759c: ;   {metadata(method data for {method} {0x000001f6434eeb88} 'getLogger' '(Ljava/lang/String;)Lorg/eclipse/equinox/log/Logger;' in 'org/eclipse/osgi/internal/log/ExtendedLogServiceImpl')}
  0x000001f65725759c: 4885 c048 | be00 f784 | 43f6 0100 | 0075 0c80 | 8e41 0100 | 0001 e9c9 | 0000 008b | 7808 49ba 
  0x000001f6572575bc: 0000 0000 | f601 0000 | 4903 fa48 | 3bbe 5001 | 0000 750d | 4883 8658 | 0100 0001 | e960 0000 
  0x000001f6572575dc: 0048 3bbe | 6001 0000 | 750d 4883 | 8668 0100 | 0001 e94a | 0000 0048 | 83be 5001 | 0000 0075 
  0x000001f6572575fc: 1748 89be | 5001 0000 | 48c7 8658 | 0100 0001 | 0000 00e9 | 2900 0000 | 4883 be60 | 0100 0000 
  0x000001f65725761c: 7517 4889 | be60 0100 | 0048 c786 | 6801 0000 | 0100 0000 | e908 0000 | 0048 8386 | 4801 0000 
  0x000001f65725763c: ;   {metadata('org/eclipse/equinox/log/Logger')}
  0x000001f65725763c: 0148 bf00 | 8208 01f6 | 0100 008b | 7008 49ba | 0000 0000 | f601 0000 | 4903 f248 | 3b7e 200f 
  0x000001f65725765c: 841f 0000 | 0048 3bf7 | 0f84 1600 | 0000 5657 

  0x000001f65725766c: ;   {runtime_call slow_subtype_check Runtime1 stub}
  0x000001f65725766c: e84f a73b | 075e 5e85 | f60f 847e | 1600 00e9 | 0000 0000 | 488b d048 | 3b02 4c8b 

  0x000001f657257688: ;   {metadata(method data for {method} {0x000001f6434cb398} 'trace' '(Ljava/lang/String;Ljava/lang/String;)V' in 'org/eclipse/osgi/internal/debug/Debug')}
  0x000001f657257688: c248 bea8 | ed84 43f6 | 0100 0045 | 8b40 0849 | ba00 0000 | 00f6 0100 | 004d 03c2 | 4c3b 8670 
  0x000001f6572576a8: 0100 0075 | 0d48 8386 | 7801 0000 | 01e9 6000 | 0000 4c3b | 8680 0100 | 0075 0d48 | 8386 8801 
  0x000001f6572576c8: 0000 01e9 | 4a00 0000 | 4883 be70 | 0100 0000 | 7517 4c89 | 8670 0100 | 0048 c786 | 7801 0000 
  0x000001f6572576e8: 0100 0000 | e929 0000 | 0048 83be | 8001 0000 | 0075 174c | 8986 8001 | 0000 48c7 | 8688 0100 
  0x000001f657257708: 0001 0000 | 00e9 0800 | 0000 4883 | 8668 0100 | 0001 4c8b | 8424 0801 | 0000 6666 | 9048 b890 
  0x000001f657257728: f25f 47f6 

  0x000001f65725772c: ;   {virtual_call}
  0x000001f65725772c: 0100 00e8 

  0x000001f657257730: ; ImmutableOopMap {[168]=Oop [176]=Oop [184]=Oop }
                      ;*invokeinterface trace {reexecute=0 rethrow=0 return_oop=0}
                      ; - org.eclipse.osgi.internal.debug.Debug::trace@17 (line 230)
                      ; - org.eclipse.osgi.internal.serviceregistry.FilteredServiceListener::serviceChanged@167 (line 119)
  0x000001f657257730: ac70 3007 

  0x000001f657257734: ;   {other}
  0x000001f657257734: 0f1f 8400 | ac21 0019 

  0x000001f65725773c: ;   {metadata(method data for {method} {0x000001f6434cb398} 'trace' '(Ljava/lang/String;Ljava/lang/String;)V' in 'org/eclipse/osgi/internal/debug/Debug')}
  0x000001f65725773c: 49b8 a8ed | 8443 f601 | 0000 41ff | 8098 0100 | 00e9 4a00 

  0x000001f657257750: ;   {oop(a 'java/lang/Class'{0x00000000ec826500} = 'org/eclipse/osgi/internal/debug/Debug')}
  0x000001f657257750: 0000 49b8 | 0065 82ec | 0000 0000 | 418b 90c8 | 0000 0048 | 3b02 4c8b 

  0x000001f657257768: ;   {metadata(method data for {method} {0x000001f6434cb398} 'trace' '(Ljava/lang/String;Ljava/lang/String;)V' in 'org/eclipse/osgi/internal/debug/Debug')}
  0x000001f657257768: c248 bfa8 | ed84 43f6 

  0x000001f657257770: ;   {metadata('java/io/PrintStream')}
  0x000001f657257770: 0100 0049 | bac8 c816 | 00f6 0100 | 004c 8997 | b801 0000 | 4883 87c0 | 0100 0001 

  0x000001f65725778c: ;   {optimized virtual_call}
  0x000001f65725778c: 4c8b c6e8 

  0x000001f657257790: ; ImmutableOopMap {[168]=Oop [176]=Oop [184]=Oop }
                      ;*invokevirtual println {reexecute=0 rethrow=0 return_oop=0}
                      ; - org.eclipse.osgi.internal.debug.Debug::trace@29 (line 232)
                      ; - org.eclipse.osgi.internal.serviceregistry.FilteredServiceListener::serviceChanged@167 (line 119)
  0x000001f657257790: 4c6d 3007 

  0x000001f657257794: ;   {other}
  0x000001f657257794: 0f1f 8400 | 0c22 001a | 4c8b 8424 | b800 0000 | 488b 9424 | a800 0000 

  0x000001f6572577ac: ;   {metadata(method data for {method} {0x000001f643680680} 'serviceChanged' '(Lorg/osgi/framework/ServiceEvent;)V' in 'org/eclipse/osgi/internal/serviceregistry/FilteredServiceListener')}
  0x000001f6572577ac: 48be 8811 | 8843 f601 | 0000 4883 | 86d8 0500 | 0001 488b | 9424 a800 

  0x000001f6572577c4: ;   {optimized virtual_call}
  0x000001f6572577c4: 0000 90e8 

  0x000001f6572577c8: ; ImmutableOopMap {[168]=Oop [176]=Oop }
                      ;*invokespecial filterMatch {reexecute=0 rethrow=0 return_oop=0}
                      ; - org.eclipse.osgi.internal.serviceregistry.FilteredServiceListener::serviceChanged@172 (line 123)
  0x000001f6572577c8: 7a1a 0000 

  0x000001f6572577cc: ;   {other}
  0x000001f6572577cc: 0f1f 8400 | 4422 001b 

  0x000001f6572577d4: ;   {metadata(method data for {method} {0x000001f643680680} 'serviceChanged' '(Lorg/osgi/framework/ServiceEvent;)V' in 'org/eclipse/osgi/internal/serviceregistry/FilteredServiceListener')}
  0x000001f6572577d4: 4885 c048 | ba88 1188 | 43f6 0100 | 0041 b8f8 | 0500 0074 | 0641 b8e8 | 0500 004e | 8b0c 024d 
  0x000001f6572577f4: 8d49 014e | 890c 020f | 84c1 0e00 | 0048 8b94 | 24a8 0000 | 0044 0fbe | 420c 4585 

  0x000001f657257810: ;   {metadata(method data for {method} {0x000001f643680680} 'serviceChanged' '(Lorg/osgi/framework/ServiceEvent;)V' in 'org/eclipse/osgi/internal/serviceregistry/FilteredServiceListener')}
  0x000001f657257810: c049 b888 | 1188 43f6 | 0100 0041 | b908 0600 | 0075 0641 | b918 0600 | 004b 8b34 | 0848 8d76 
  0x000001f657257830: 014b 8934 | 0848 8984 | 2410 0100 | 000f 856b | 0000 0048 | 8bb4 24b0 | 0000 0044 | 8b42 1844 
  0x000001f657257850: ;   {metadata(method data for {method} {0x000001f643680680} 'serviceChanged' '(Lorg/osgi/framework/ServiceEvent;)V' in 'org/eclipse/osgi/internal/serviceregistry/FilteredServiceListener')}
  0x000001f657257850: 8b4a 1c48 | bf88 1188 | 43f6 0100 | 0048 8387 | 2806 0000 | 0149 8bd0 | 4d8b c14c 

  0x000001f65725786c: ;   {static_call}
  0x000001f65725786c: 8bce 90e8 

  0x000001f657257870: ; ImmutableOopMap {[168]=Oop [272]=Oop }
                      ;*invokestatic isAssignableTo {reexecute=0 rethrow=0 return_oop=0}
                      ; - org.eclipse.osgi.internal.serviceregistry.FilteredServiceListener::serviceChanged@197 (line 127)
  0x000001f657257870: e119 0000 

  0x000001f657257874: ;   {other}
  0x000001f657257874: 0f1f 8400 | ec22 001c 

  0x000001f65725787c: ;   {metadata(method data for {method} {0x000001f643680680} 'serviceChanged' '(Lorg/osgi/framework/ServiceEvent;)V' in 'org/eclipse/osgi/internal/serviceregistry/FilteredServiceListener')}
  0x000001f65725787c: 85c0 48ba | 8811 8843 | f601 0000 | be38 0600 | 0074 05be | 4806 0000 | 488b 3c32 | 488d 7f01 
  0x000001f65725789c: 4889 3c32 | 0f84 060e | 0000 488b | 9424 a800 | 0000 8b72 | 200f be76 

  0x000001f6572578b4: ;   {metadata(method data for {method} {0x000001f643680680} 'serviceChanged' '(Lorg/osgi/framework/ServiceEvent;)V' in 'org/eclipse/osgi/internal/serviceregistry/FilteredServiceListener')}
  0x000001f6572578b4: 1185 f648 | be88 1188 | 43f6 0100 | 00bf 6806 | 0000 7505 | bf58 0600 | 0048 8b04 | 3e48 8d40 
  0x000001f6572578d4: 0148 8904 | 3e0f 850d | 0000 0048 | 8b84 2410 | 0100 00e9 | 080d 0000 | 488b da90 

  0x000001f6572578f0: ;   {no_reloc}
  0x000001f6572578f0: e92b 1400 | 0000 0000 | 0000 498b | 87b8 0100 | 0048 8d78 | 1849 3bbf | c801 0000 | 0f87 1814 
  0x000001f657257910: 0000 4989 | bfb8 0100 | 0048 c700 | 0100 0000 | 488b ca49 | ba00 0000 | 00f6 0100 | 0049 2bca 
  0x000001f657257930: 8948 0848 | 33c9 8948 | 0c48 33c9 | 4889 4810 | 4889 8424 | 1801 0000 | 8b53 1448 | 3b02 488b 
  0x000001f657257950: ;   {metadata(method data for {method} {0x000001f643680680} 'serviceChanged' '(Lorg/osgi/framework/ServiceEvent;)V' in 'org/eclipse/osgi/internal/serviceregistry/FilteredServiceListener')}
  0x000001f657257950: f248 bf88 | 1188 43f6 | 0100 0048 | 8387 7806 | 0000 018b | 5208 49ba | 0000 0000 | f601 0000 
  0x000001f657257970: 4903 d248 | 8b52 7048 | 8b12 483b | 0248 8bf2 

  0x000001f657257980: ;   {metadata(method data for {method} {0x000001f643680680} 'serviceChanged' '(Lorg/osgi/framework/ServiceEvent;)V' in 'org/eclipse/osgi/internal/serviceregistry/FilteredServiceListener')}
  0x000001f657257980: 48bf 8811 | 8843 f601 | 0000 4883 | 87a8 0600 

  0x000001f657257990: ;   {metadata(method data for {method} {0x000001f6004987e0} 'getName' '()Ljava/lang/String;' in 'java/lang/Class')}
  0x000001f657257990: 0001 48be | 1859 0943 | f601 0000 | 8bbe cc00 | 0000 83c7 | 0289 becc | 0000 0081 | e7fe ff1f 
  0x000001f6572579b0: 0085 ff0f | 8488 1300 | 008b 722c 

  0x000001f6572579bc: ;   {metadata(method data for {method} {0x000001f6004987e0} 'getName' '()Ljava/lang/String;' in 'java/lang/Class')}
  0x000001f6572579bc: 4885 f648 | bf18 5909 | 43f6 0100 | 00b9 1801 | 0000 7405 | b928 0100 | 004c 8b04 | 0f4d 8d40 
  0x000001f6572579dc: 014c 8904 | 0f0f 8415 

  0x000001f6572579e4: ;   {metadata(method data for {method} {0x000001f6004987e0} 'getName' '()Ljava/lang/String;' in 'java/lang/Class')}
  0x000001f6572579e4: 0000 0048 | ba18 5909 | 43f6 0100 | 00ff 8238 | 0100 00e9 | 2b00 0000 

  0x000001f6572579fc: ;   {metadata(method data for {method} {0x000001f6004987e0} 'getName' '()Ljava/lang/String;' in 'java/lang/Class')}
  0x000001f6572579fc: 488b fa48 | bb18 5909 | 43f6 0100 | 0048 8383 | 5001 0000 | 0166 0f1f 

  0x000001f657257a14: ;   {optimized virtual_call}
  0x000001f657257a14: 4400 00e8 

  0x000001f657257a18: ; ImmutableOopMap {[168]=Oop [272]=Oop [280]=Oop }
                      ;*invokevirtual initClassName {reexecute=0 rethrow=0 return_oop=0}
                      ; - java.lang.Class::getName@14 (line 1037)
                      ; - org.eclipse.osgi.internal.serviceregistry.FilteredServiceListener::serviceChanged@224 (line 129)
  0x000001f657257a18: c46a 3007 

  0x000001f657257a1c: ;   {other}
  0x000001f657257a1c: 0f1f 8400 | 9424 001d 

  0x000001f657257a24: ;   {metadata(method data for {method} {0x000001f643680680} 'serviceChanged' '(Lorg/osgi/framework/ServiceEvent;)V' in 'org/eclipse/osgi/internal/serviceregistry/FilteredServiceListener')}
  0x000001f657257a24: 488b f048 | ba88 1188 | 43f6 0100 | 0048 8382 | d806 0000 

  0x000001f657257a38: ;   {metadata(method data for {method} {0x000001f60048d080} 'valueOf' '(Ljava/lang/Object;)Ljava/lang/String;' in 'java/lang/String')}
  0x000001f657257a38: 0148 ba70 | 9309 43f6 | 0100 008b | bacc 0000 | 0083 c702 | 89ba cc00 | 0000 81e7 | feff 1f00 
  0x000001f657257a58: 85ff 0f84 | 0213 0000 

  0x000001f657257a60: ;   {metadata(method data for {method} {0x000001f60048d080} 'valueOf' '(Ljava/lang/Object;)Ljava/lang/String;' in 'java/lang/String')}
  0x000001f657257a60: 4885 f648 | ba70 9309 | 43f6 0100 | 00bf 1801 | 0000 7505 | bf28 0100 | 0048 8b1c | 3a48 8d5b 
  0x000001f657257a80: 0148 891c | 3a0f 851f 

  0x000001f657257a88: ;   {metadata(method data for {method} {0x000001f60048d080} 'valueOf' '(Ljava/lang/Object;)Ljava/lang/String;' in 'java/lang/String')}
  0x000001f657257a88: 0000 0048 | ba70 9309 | 43f6 0100 | 00ff 8238 

  0x000001f657257a98: ;   {oop("null"{0x00000000c0000f28})}
  0x000001f657257a98: 0100 0048 | be28 0f00 | c000 0000 | 00e9 b500 | 0000 483b | 0648 8bd6 

  0x000001f657257ab0: ;   {metadata(method data for {method} {0x000001f60048d080} 'valueOf' '(Ljava/lang/Object;)Ljava/lang/String;' in 'java/lang/String')}
  0x000001f657257ab0: 48bf 7093 | 0943 f601 | 0000 8b52 | 0849 ba00 | 0000 00f6 | 0100 0049 | 03d2 483b | 9758 0100 
  0x000001f657257ad0: 0075 0d48 | 8387 6001 | 0000 01e9 | 6000 0000 | 483b 9768 | 0100 0075 | 0d48 8387 | 7001 0000 
  0x000001f657257af0: 01e9 4a00 | 0000 4883 | bf58 0100 | 0000 7517 | 4889 9758 | 0100 0048 | c787 6001 | 0000 0100 
  0x000001f657257b10: 0000 e929 | 0000 0048 | 83bf 6801 | 0000 0075 | 1748 8997 | 6801 0000 | 48c7 8770 | 0100 0001 
  0x000001f657257b30: 0000 00e9 | 0800 0000 | 4883 8750 | 0100 0001 | 488b d666 | 9048 b8b8 | f25f 47f6 

  0x000001f657257b4c: ;   {virtual_call}
  0x000001f657257b4c: 0100 00e8 

  0x000001f657257b50: ; ImmutableOopMap {[168]=Oop [272]=Oop [280]=Oop }
                      ;*invokevirtual toString {reexecute=0 rethrow=0 return_oop=0}
                      ; - java.lang.String::valueOf@11 (line 4556)
                      ; - org.eclipse.osgi.internal.serviceregistry.FilteredServiceListener::serviceChanged@227 (line 129)
  0x000001f657257b50: 8c6c 3007 

  0x000001f657257b54: ;   {other}
  0x000001f657257b54: 0f1f 8400 | cc25 001e | 488b f048 | 8b84 2418 | 0100 004c 

  0x000001f657257b68: ;   {metadata(method data for {method} {0x000001f643680680} 'serviceChanged' '(Lorg/osgi/framework/ServiceEvent;)V' in 'org/eclipse/osgi/internal/serviceregistry/FilteredServiceListener')}
  0x000001f657257b68: 8bc0 48bf | 8811 8843 | f601 0000 | 4883 87e8 | 0600 0001 

  0x000001f657257b7c: ;   {metadata(method data for {method} {0x000001f600492b00} '<init>' '(Ljava/lang/String;)V' in 'java/lang/StringBuilder')}
  0x000001f657257b7c: 49b8 00ef | 3243 f601 | 0000 418b | b8cc 0000 | 0083 c702 | 4189 b8cc | 0000 0081 | e7fe ff1f 
  0x000001f657257b9c: 0085 ff0f | 84e3 1100 | 004c 8bc0 

  0x000001f657257ba8: ;   {metadata(method data for {method} {0x000001f600492b00} '<init>' '(Ljava/lang/String;)V' in 'java/lang/StringBuilder')}
  0x000001f657257ba8: 48bf 00ef | 3243 f601 | 0000 4883 | 8718 0100 | 0001 4c8b | c648 8bd0 | 0f1f 8000 

  0x000001f657257bc4: ;   {optimized virtual_call}
  0x000001f657257bc4: 0000 00e8 

  0x000001f657257bc8: ; ImmutableOopMap {[168]=Oop [272]=Oop [280]=Oop }
                      ;*invokespecial <init> {reexecute=0 rethrow=0 return_oop=0}
                      ; - java.lang.StringBuilder::<init>@2 (line 131)
                      ; - org.eclipse.osgi.internal.serviceregistry.FilteredServiceListener::serviceChanged@230 (line 129)
  0x000001f657257bc8: 1469 3007 

  0x000001f657257bcc: ;   {other}
  0x000001f657257bcc: 0f1f 8400 | 4426 001f | 488b 8424 | 1801 0000 

  0x000001f657257bdc: ;   {metadata(method data for {method} {0x000001f643680680} 'serviceChanged' '(Lorg/osgi/framework/ServiceEvent;)V' in 'org/eclipse/osgi/internal/serviceregistry/FilteredServiceListener')}
  0x000001f657257bdc: 49b8 8811 | 8843 f601 | 0000 4983 | 80f8 0600 

  0x000001f657257bec: ;   {metadata(method data for {method} {0x000001f600492840} 'append' '(Ljava/lang/String;)Ljava/lang/StringBuilder;' in 'java/lang/StringBuilder')}
  0x000001f657257bec: 0001 49b8 | 50bf 0043 | f601 0000 | 418b 90cc | 0000 0083 | c202 4189 | 90cc 0000 | 0081 e2fe 
  0x000001f657257c0c: ff1f 0085 | d20f 8492 | 1100 0048 | 8b84 2418 

  0x000001f657257c1c: ;   {metadata(method data for {method} {0x000001f600492840} 'append' '(Ljava/lang/String;)Ljava/lang/StringBuilder;' in 'java/lang/StringBuilder')}
  0x000001f657257c1c: 0100 0049 | b850 bf00 | 43f6 0100 | 0049 8380 | 1801 0000 

  0x000001f657257c30: ;   {oop("@"{0x00000000c00069e0})}
  0x000001f657257c30: 0149 b8e0 | 6900 c000 | 0000 0048 | 8b94 2418 | 0100 000f 

  0x000001f657257c44: ;   {optimized virtual_call}
  0x000001f657257c44: 1f40 00e8 

  0x000001f657257c48: ; ImmutableOopMap {[168]=Oop [272]=Oop [280]=Oop }
                      ;*invokespecial append {reexecute=0 rethrow=0 return_oop=0}
                      ; - java.lang.StringBuilder::append@2 (line 179)
                      ; - org.eclipse.osgi.internal.serviceregistry.FilteredServiceListener::serviceChanged@235 (line 129)
  0x000001f657257c48: 9468 3007 

  0x000001f657257c4c: ;   {other}
  0x000001f657257c4c: 0f1f 8400 | c426 0020 | 488b 9424 | a800 0000 

  0x000001f657257c5c: ;   {metadata(method data for {method} {0x000001f643680680} 'serviceChanged' '(Lorg/osgi/framework/ServiceEvent;)V' in 'org/eclipse/osgi/internal/serviceregistry/FilteredServiceListener')}
  0x000001f657257c5c: 8b72 1448 | bf88 1188 | 43f6 0100 | 0048 8387 | 2807 0000 | 0148 8bd6 

  0x000001f657257c74: ;   {static_call}
  0x000001f657257c74: 6666 90e8 

  0x000001f657257c78: ; ImmutableOopMap {[168]=Oop [272]=Oop [280]=Oop }
                      ;*invokestatic identityHashCode {reexecute=0 rethrow=0 return_oop=0}
                      ; - org.eclipse.osgi.internal.serviceregistry.FilteredServiceListener::serviceChanged@242 (line 130)
  0x000001f657257c78: 646e 3007 

  0x000001f657257c7c: ;   {other}
  0x000001f657257c7c: 0f1f 8400 | f426 0021 

  0x000001f657257c84: ;   {metadata(method data for {method} {0x000001f643680680} 'serviceChanged' '(Lorg/osgi/framework/ServiceEvent;)V' in 'org/eclipse/osgi/internal/serviceregistry/FilteredServiceListener')}
  0x000001f657257c84: 48ba 8811 | 8843 f601 | 0000 4883 | 8238 0700 

  0x000001f657257c94: ;   {metadata(method data for {method} {0x000001f600470478} 'toHexString' '(I)Ljava/lang/String;' in 'java/lang/Integer')}
  0x000001f657257c94: 0001 48ba | e008 3243 | f601 0000 | 448b 82cc | 0000 0041 | 83c0 0244 | 8982 cc00 | 0000 4181 
  0x000001f657257cb4: e0fe ff1f | 0045 85c0 | 0f84 0811 

  0x000001f657257cc0: ;   {metadata(method data for {method} {0x000001f600470478} 'toHexString' '(I)Ljava/lang/String;' in 'java/lang/Integer')}
  0x000001f657257cc0: 0000 48ba | e008 3243 | f601 0000 | 4883 8218 | 0100 0001 | 488b d041 | b804 0000 

  0x000001f657257cdc: ;   {static_call}
  0x000001f657257cdc: 0066 90e8 

  0x000001f657257ce0: ; ImmutableOopMap {[168]=Oop [272]=Oop [280]=Oop }
                      ;*invokestatic toUnsignedString0 {reexecute=0 rethrow=0 return_oop=0}
                      ; - java.lang.Integer::toHexString@2 (line 287)
                      ; - org.eclipse.osgi.internal.serviceregistry.FilteredServiceListener::serviceChanged@245 (line 130)
  0x000001f657257ce0: fc6d 3007 

  0x000001f657257ce4: ;   {other}
  0x000001f657257ce4: 0f1f 8400 | 5c27 0022 | 4c8b 8424 | 1801 0000 

  0x000001f657257cf4: ;   {metadata(method data for {method} {0x000001f643680680} 'serviceChanged' '(Lorg/osgi/framework/ServiceEvent;)V' in 'org/eclipse/osgi/internal/serviceregistry/FilteredServiceListener')}
  0x000001f657257cf4: 48ba 8811 | 8843 f601 | 0000 4883 | 8248 0700 

  0x000001f657257d04: ;   {metadata(method data for {method} {0x000001f600492840} 'append' '(Ljava/lang/String;)Ljava/lang/StringBuilder;' in 'java/lang/StringBuilder')}
  0x000001f657257d04: 0001 49b8 | 50bf 0043 | f601 0000 | 418b 90cc | 0000 0083 | c202 4189 | 90cc 0000 | 0081 e2fe 
  0x000001f657257d24: ff1f 0085 | d20f 84bc | 1000 004c | 8b84 2418 

  0x000001f657257d34: ;   {metadata(method data for {method} {0x000001f600492840} 'append' '(Ljava/lang/String;)Ljava/lang/StringBuilder;' in 'java/lang/StringBuilder')}
  0x000001f657257d34: 0100 0048 | ba50 bf00 | 43f6 0100 | 0048 8382 | 1801 0000 | 014c 8bc0 | 488b 9424 | 1801 0000 
  0x000001f657257d54: ;   {optimized virtual_call}
  0x000001f657257d54: 6666 90e8 

  0x000001f657257d58: ; ImmutableOopMap {[168]=Oop [272]=Oop [280]=Oop }
                      ;*invokespecial append {reexecute=0 rethrow=0 return_oop=0}
                      ; - java.lang.StringBuilder::append@2 (line 179)
                      ; - org.eclipse.osgi.internal.serviceregistry.FilteredServiceListener::serviceChanged@248 (line 130)
  0x000001f657257d58: 8467 3007 

  0x000001f657257d5c: ;   {other}
  0x000001f657257d5c: 0f1f 8400 | d427 0023 | 488b 8424 | 1801 0000 

  0x000001f657257d6c: ;   {metadata(method data for {method} {0x000001f643680680} 'serviceChanged' '(Lorg/osgi/framework/ServiceEvent;)V' in 'org/eclipse/osgi/internal/serviceregistry/FilteredServiceListener')}
  0x000001f657257d6c: 48ba 8811 | 8843 f601 | 0000 4883 | 8278 0700 

  0x000001f657257d7c: ;   {metadata(method data for {method} {0x000001f60016ae60} 'toString' '()Ljava/lang/String;' in 'java/lang/StringBuilder')}
  0x000001f657257d7c: 0001 48ba | 98c6 0043 | f601 0000 | 8bb2 cc00 | 0000 83c6 | 0289 b2cc | 0000 0081 | e6fe ff1f 
  0x000001f657257d9c: 0085 f60f | 8467 1000 | 0048 8b84 | 2418 0100 

  0x000001f657257dac: ;   {metadata(method data for {method} {0x000001f60016ae60} 'toString' '()Ljava/lang/String;' in 'java/lang/StringBuilder')}
  0x000001f657257dac: 0048 ba98 | c600 43f6 | 0100 0048 | 8382 1801 

  0x000001f657257dbc: ;   {metadata(method data for {method} {0x000001f60016aeb8} 'length' '()I' in 'java/lang/StringBuilder')}
  0x000001f657257dbc: 0000 0148 | ba80 c800 | 43f6 0100 | 008b b2cc | 0000 0083 | c602 89b2 | cc00 0000 | 81e6 feff 
  0x000001f657257ddc: 1f00 85f6 | 0f84 4710 | 0000 488b | 8424 1801 

  0x000001f657257dec: ;   {metadata(method data for {method} {0x000001f60016aeb8} 'length' '()I' in 'java/lang/StringBuilder')}
  0x000001f657257dec: 0000 48ba | 80c8 0043 | f601 0000 | 4883 8218 | 0100 0001 | 4c8b 8424 | 1801 0000 | 418b 500c 
  0x000001f657257e0c: ;   {metadata(method data for {method} {0x000001f60016ae60} 'toString' '()Ljava/lang/String;' in 'java/lang/StringBuilder')}
  0x000001f657257e0c: 85d2 48ba | 98c6 0043 | f601 0000 | be48 0100 | 0075 05be | 5801 0000 | 488b 3c32 | 488d 7f01 
  0x000001f657257e2c: 4889 3c32 | 0f85 0f00 

  0x000001f657257e34: ;   {oop(""{0x00000000c0000450})}
  0x000001f657257e34: 0000 48bb | 5004 00c0 | 0000 0000 | e98f 0000 

  0x000001f657257e44: ;   {metadata('java/lang/String')}
  0x000001f657257e44: 0048 ba28 | 0d17 00f6 | 0100 0049 | 8b87 b801 | 0000 488d | 7818 493b | bfc8 0100 | 000f 87e7 
  0x000001f657257e64: 0f00 0049 | 89bf b801 | 0000 48c7 | 0001 0000 | 0048 8bca | 49ba 0000 | 0000 f601 | 0000 492b 
  0x000001f657257e84: ca89 4808 | 4833 c989 | 480c 4833 | c948 8948 | 104c 8bc8 

  0x000001f657257e98: ;   {metadata(method data for {method} {0x000001f60016ae60} 'toString' '()Ljava/lang/String;' in 'java/lang/StringBuilder')}
  0x000001f657257e98: 48ba 98c6 | 0043 f601 | 0000 4883 | 8268 0100 

  0x000001f657257ea8: ;   {oop(nullptr)}
  0x000001f657257ea8: 0001 49b9 | 0000 0000 | 0000 0000 | 488b d048 | 8984 2420 

  0x000001f657257ebc: ;   {optimized virtual_call}
  0x000001f657257ebc: 0100 00e8 

  0x000001f657257ec0: ; ImmutableOopMap {[168]=Oop [272]=Oop [288]=Oop }
                      ;*invokespecial <init> {reexecute=0 rethrow=0 return_oop=0}
                      ; - java.lang.StringBuilder::toString@16 (line 478)
                      ; - org.eclipse.osgi.internal.serviceregistry.FilteredServiceListener::serviceChanged@251 (line 129)
  0x000001f657257ec0: 1c66 3007 

  0x000001f657257ec4: ;   {other}
  0x000001f657257ec4: 0f1f 8400 | 3c29 0024 | 488b 9c24 | 2001 0000 | 4889 9c24 | 3001 0000 | 488b 9424 | a800 0000 
  0x000001f657257ee4: 448b 4a20 

  0x000001f657257ee8: ;   {no_reloc}
  0x000001f657257ee8: e97d 0f00 | 0000 0000 | 0000 498b | 87b8 0100 | 0048 8d78 | 1849 3bbf | c801 0000 | 0f87 6a0f 
  0x000001f657257f08: 0000 4989 | bfb8 0100 | 0048 c700 | 0100 0000 | 488b ca49 | ba00 0000 | 00f6 0100 | 0049 2bca 
  0x000001f657257f28: 8948 0848 | 33c9 8948 | 0c48 33c9 | 4889 4810 

  0x000001f657257f38: ;   {metadata(method data for {method} {0x000001f643680680} 'serviceChanged' '(Lorg/osgi/framework/ServiceEvent;)V' in 'org/eclipse/osgi/internal/serviceregistry/FilteredServiceListener')}
  0x000001f657257f38: 4c8b c048 | ba88 1188 | 43f6 0100 | 0048 8382 | a807 0000 

  0x000001f657257f4c: ;   {metadata(method data for {method} {0x000001f600492b00} '<init>' '(Ljava/lang/String;)V' in 'java/lang/StringBuilder')}
  0x000001f657257f4c: 0149 b800 | ef32 43f6 | 0100 0041 | 8b90 cc00 | 0000 83c2 | 0241 8990 | cc00 0000 | 81e2 feff 
  0x000001f657257f6c: 1f00 85d2 | 0f84 0b0f | 0000 4c8b 

  0x000001f657257f78: ;   {metadata(method data for {method} {0x000001f600492b00} '<init>' '(Ljava/lang/String;)V' in 'java/lang/StringBuilder')}
  0x000001f657257f78: c048 ba00 | ef32 43f6 | 0100 0048 | 8382 1801 

  0x000001f657257f88: ;   {oop("dispatchFilteredServiceEvent("{0x00000000eadef1f8})}
  0x000001f657257f88: 0000 0149 | b8f8 f1de | ea00 0000 | 0048 8bd0 | 4c89 8c24 | 3801 0000 | 4889 8424 | 2801 0000 
  0x000001f657257fa8: 0f1f 8000 

  0x000001f657257fac: ;   {optimized virtual_call}
  0x000001f657257fac: 0000 00e8 

  0x000001f657257fb0: ; ImmutableOopMap {[168]=Oop [272]=Oop [296]=Oop [304]=Oop [312]=Oop }
                      ;*invokespecial <init> {reexecute=0 rethrow=0 return_oop=0}
                      ; - java.lang.StringBuilder::<init>@2 (line 131)
                      ; - org.eclipse.osgi.internal.serviceregistry.FilteredServiceListener::serviceChanged@267 (line 131)
  0x000001f657257fb0: 2c65 3007 

  0x000001f657257fb4: ;   {other}
  0x000001f657257fb4: 0f1f 8400 | 2c2a 0025 | 488b 8424 | 2801 0000 

  0x000001f657257fc4: ;   {metadata(method data for {method} {0x000001f643680680} 'serviceChanged' '(Lorg/osgi/framework/ServiceEvent;)V' in 'org/eclipse/osgi/internal/serviceregistry/FilteredServiceListener')}
  0x000001f657257fc4: 49b8 8811 | 8843 f601 | 0000 4983 | 80b8 0700 

  0x000001f657257fd4: ;   {metadata(method data for {method} {0x000001f600492840} 'append' '(Ljava/lang/String;)Ljava/lang/StringBuilder;' in 'java/lang/StringBuilder')}
  0x000001f657257fd4: 0001 49b8 | 50bf 0043 | f601 0000 | 418b 90cc | 0000 0083 | c202 4189 | 90cc 0000 | 0081 e2fe 
  0x000001f657257ff4: ff1f 0085 | d20f 84a3 | 0e00 0048 | 8b84 2428 

  0x000001f657258004: ;   {metadata(method data for {method} {0x000001f600492840} 'append' '(Ljava/lang/String;)Ljava/lang/StringBuilder;' in 'java/lang/StringBuilder')}
  0x000001f657258004: 0100 0049 | b850 bf00 | 43f6 0100 | 0049 8380 | 1801 0000 | 014c 8b84 | 2430 0100 | 0048 8b94 
  0x000001f657258024: 2428 0100 | 0066 0f1f 

  0x000001f65725802c: ;   {optimized virtual_call}
  0x000001f65725802c: 4400 00e8 

  0x000001f657258030: ; ImmutableOopMap {[168]=Oop [272]=Oop [296]=Oop [312]=Oop }
                      ;*invokespecial append {reexecute=0 rethrow=0 return_oop=0}
                      ; - java.lang.StringBuilder::append@2 (line 179)
                      ; - org.eclipse.osgi.internal.serviceregistry.FilteredServiceListener::serviceChanged@271 (line 131)
  0x000001f657258030: ac64 3007 

  0x000001f657258034: ;   {other}
  0x000001f657258034: 0f1f 8400 | ac2a 0026 | 488b 8424 | 2801 0000 

  0x000001f657258044: ;   {metadata(method data for {method} {0x000001f643680680} 'serviceChanged' '(Lorg/osgi/framework/ServiceEvent;)V' in 'org/eclipse/osgi/internal/serviceregistry/FilteredServiceListener')}
  0x000001f657258044: 49b8 8811 | 8843 f601 | 0000 4983 | 80e8 0700 

  0x000001f657258054: ;   {metadata(method data for {method} {0x000001f600492840} 'append' '(Ljava/lang/String;)Ljava/lang/StringBuilder;' in 'java/lang/StringBuilder')}
  0x000001f657258054: 0001 49b8 | 50bf 0043 | f601 0000 | 418b 90cc | 0000 0083 | c202 4189 | 90cc 0000 | 0081 e2fe 
  0x000001f657258074: ff1f 0085 | d20f 8444 | 0e00 0048 | 8b84 2428 

  0x000001f657258084: ;   {metadata(method data for {method} {0x000001f600492840} 'append' '(Ljava/lang/String;)Ljava/lang/StringBuilder;' in 'java/lang/StringBuilder')}
  0x000001f657258084: 0100 0049 | b850 bf00 | 43f6 0100 | 0049 8380 | 1801 0000 

  0x000001f657258098: ;   {oop(")"{0x00000000c0001240})}
  0x000001f657258098: 0149 b840 | 1200 c000 | 0000 0048 | 8b94 2428 | 0100 000f 

  0x000001f6572580ac: ;   {optimized virtual_call}
  0x000001f6572580ac: 1f40 00e8 

  0x000001f6572580b0: ; ImmutableOopMap {[168]=Oop [272]=Oop [296]=Oop [312]=Oop }
                      ;*invokespecial append {reexecute=0 rethrow=0 return_oop=0}
                      ; - java.lang.StringBuilder::append@2 (line 179)
                      ; - org.eclipse.osgi.internal.serviceregistry.FilteredServiceListener::serviceChanged@276 (line 131)
  0x000001f6572580b0: 2c64 3007 

  0x000001f6572580b4: ;   {other}
  0x000001f6572580b4: 0f1f 8400 | 2c2b 0027 | 488b 8424 | 2801 0000 

  0x000001f6572580c4: ;   {metadata(method data for {method} {0x000001f643680680} 'serviceChanged' '(Lorg/osgi/framework/ServiceEvent;)V' in 'org/eclipse/osgi/internal/serviceregistry/FilteredServiceListener')}
  0x000001f6572580c4: 48ba 8811 | 8843 f601 | 0000 4883 | 8218 0800 

  0x000001f6572580d4: ;   {metadata(method data for {method} {0x000001f60016ae60} 'toString' '()Ljava/lang/String;' in 'java/lang/StringBuilder')}
  0x000001f6572580d4: 0001 48ba | 98c6 0043 | f601 0000 | 8bb2 cc00 | 0000 83c6 | 0289 b2cc | 0000 0081 | e6fe ff1f 
  0x000001f6572580f4: 0085 f60f | 84e7 0d00 | 0048 8b84 | 2428 0100 

  0x000001f657258104: ;   {metadata(method data for {method} {0x000001f60016ae60} 'toString' '()Ljava/lang/String;' in 'java/lang/StringBuilder')}
  0x000001f657258104: 0048 ba98 | c600 43f6 | 0100 0048 | 8382 1801 

  0x000001f657258114: ;   {metadata(method data for {method} {0x000001f60016aeb8} 'length' '()I' in 'java/lang/StringBuilder')}
  0x000001f657258114: 0000 0148 | ba80 c800 | 43f6 0100 | 008b b2cc | 0000 0083 | c602 89b2 | cc00 0000 | 81e6 feff 
  0x000001f657258134: 1f00 85f6 | 0f84 c70d | 0000 488b | 8424 2801 

  0x000001f657258144: ;   {metadata(method data for {method} {0x000001f60016aeb8} 'length' '()I' in 'java/lang/StringBuilder')}
  0x000001f657258144: 0000 48ba | 80c8 0043 | f601 0000 | 4883 8218 | 0100 0001 | 4c8b 8424 | 2801 0000 | 418b 500c 
  0x000001f657258164: ;   {metadata(method data for {method} {0x000001f60016ae60} 'toString' '()Ljava/lang/String;' in 'java/lang/StringBuilder')}
  0x000001f657258164: 85d2 48ba | 98c6 0043 | f601 0000 | be48 0100 | 0075 05be | 5801 0000 | 488b 3c32 | 488d 7f01 
  0x000001f657258184: 4889 3c32 | 0f85 0f00 

  0x000001f65725818c: ;   {oop(""{0x00000000c0000450})}
  0x000001f65725818c: 0000 48be | 5004 00c0 | 0000 0000 | e98f 0000 

  0x000001f65725819c: ;   {metadata('java/lang/String')}
  0x000001f65725819c: 0048 ba28 | 0d17 00f6 | 0100 0049 | 8b87 b801 | 0000 488d | 7818 493b | bfc8 0100 | 000f 8767 
  0x000001f6572581bc: 0d00 0049 | 89bf b801 | 0000 48c7 | 0001 0000 | 0048 8bca | 49ba 0000 | 0000 f601 | 0000 492b 
  0x000001f6572581dc: ca89 4808 | 4833 c989 | 480c 4833 | c948 8948 | 104c 8bc8 

  0x000001f6572581f0: ;   {metadata(method data for {method} {0x000001f60016ae60} 'toString' '()Ljava/lang/String;' in 'java/lang/StringBuilder')}
  0x000001f6572581f0: 48ba 98c6 | 0043 f601 | 0000 4883 | 8268 0100 

  0x000001f657258200: ;   {oop(nullptr)}
  0x000001f657258200: 0001 49b9 | 0000 0000 | 0000 0000 | 488b d048 | 8984 2440 

  0x000001f657258214: ;   {optimized virtual_call}
  0x000001f657258214: 0100 00e8 

  0x000001f657258218: ; ImmutableOopMap {[168]=Oop [272]=Oop [312]=Oop [320]=Oop }
                      ;*invokespecial <init> {reexecute=0 rethrow=0 return_oop=0}
                      ; - java.lang.StringBuilder::toString@16 (line 478)
                      ; - org.eclipse.osgi.internal.serviceregistry.FilteredServiceListener::serviceChanged@279 (line 131)
  0x000001f657258218: c462 3007 

  0x000001f65725821c: ;   {other}
  0x000001f65725821c: 0f1f 8400 | 942c 0028 | 488b b424 | 4001 0000 | 4c8b 8c24 | 3801 0000 

  0x000001f657258234: ; implicit exception: dispatches to 0x000001f657258f33
  0x000001f657258234: 493b 014d 

  0x000001f657258238: ;   {metadata(method data for {method} {0x000001f643680680} 'serviceChanged' '(Lorg/osgi/framework/ServiceEvent;)V' in 'org/eclipse/osgi/internal/serviceregistry/FilteredServiceListener')}
  0x000001f657258238: 8bc1 48ba | 8811 8843 | f601 0000 

  0x000001f657258244: ;   {metadata('org/eclipse/osgi/internal/debug/Debug')}
  0x000001f657258244: 49ba 0060 | 0801 f601 | 0000 4c89 | 9250 0800 | 0048 8382 | 5808 0000 

  0x000001f65725825c: ;   {metadata(method data for {method} {0x000001f6434cb398} 'trace' '(Ljava/lang/String;Ljava/lang/String;)V' in 'org/eclipse/osgi/internal/debug/Debug')}
  0x000001f65725825c: 0149 b8a8 | ed84 43f6 | 0100 0041 | 8b90 cc00 | 0000 83c2 | 0241 8990 | cc00 0000 | 81e2 feff 
  0x000001f65725827c: 1f00 85d2 | 0f84 b20c | 0000 418b | 5120 4885 

  0x000001f65725828c: ;   {metadata(method data for {method} {0x000001f6434cb398} 'trace' '(Ljava/lang/String;Ljava/lang/String;)V' in 'org/eclipse/osgi/internal/debug/Debug')}
  0x000001f65725828c: d249 b8a8 | ed84 43f6 | 0100 0041 | b918 0100 | 0074 0641 | b928 0100 | 004b 8b3c | 0848 8d7f 
  0x000001f6572582ac: 014b 893c | 080f 84e3 | 0200 0048 | 89b4 2448 | 0100 0048 | 85d2 0f84 | 2900 0000 

  0x000001f6572582c8: ;   {metadata('org/eclipse/osgi/internal/log/ExtendedLogServiceImpl')}
  0x000001f6572582c8: 48bb 48ae | 0801 f601 | 0000 8b7a | 0849 ba00 | 0000 00f6 | 0100 0049 | 03fa 483b | 5f38 0f85 
  0x000001f6572582e8: 6d0c 0000 | e900 0000 | 004c 8bc2 

  0x000001f6572582f4: ; implicit exception: dispatches to 0x000001f657258f5e
  0x000001f6572582f4: 483b 024c 

  0x000001f6572582f8: ;   {metadata(method data for {method} {0x000001f6434cb398} 'trace' '(Ljava/lang/String;Ljava/lang/String;)V' in 'org/eclipse/osgi/internal/debug/Debug')}
  0x000001f6572582f8: 8bc2 49b9 | a8ed 8443 | f601 0000 

  0x000001f657258304: ;   {metadata('org/eclipse/osgi/internal/log/ExtendedLogServiceImpl')}
  0x000001f657258304: 49ba 48ae | 0801 f601 | 0000 4d89 | 9140 0100 | 0049 8381 | 4801 0000 

  0x000001f65725831c: ;   {metadata(method data for {method} {0x000001f6434f1300} 'getLogger' '(Ljava/lang/String;)Lorg/osgi/service/log/Logger;' in 'org/eclipse/osgi/internal/log/ExtendedLogServiceImpl')}
  0x000001f65725831c: 0149 b808 | f384 43f6 | 0100 0045 | 8b88 cc00 | 0000 4183 | c102 4589 | 88cc 0000 | 0041 81e1 
  0x000001f65725833c: feff 1f00 | 4585 c90f | 841a 0c00 | 004c 8bc2 

  0x000001f65725834c: ;   {metadata(method data for {method} {0x000001f6434f1300} 'getLogger' '(Ljava/lang/String;)Lorg/osgi/service/log/Logger;' in 'org/eclipse/osgi/internal/log/ExtendedLogServiceImpl')}
  0x000001f65725834c: 49b9 08f3 | 8443 f601 

  0x000001f657258354: ;   {metadata('org/eclipse/osgi/internal/log/ExtendedLogServiceImpl')}
  0x000001f657258354: 0000 49ba | 48ae 0801 | f601 0000 | 4d89 9120 | 0100 0049 | 8381 2801 

  0x000001f65725836c: ;   {metadata(method data for {method} {0x000001f6434eeb88} 'getLogger' '(Ljava/lang/String;)Lorg/eclipse/equinox/log/Logger;' in 'org/eclipse/osgi/internal/log/ExtendedLogServiceImpl')}
  0x000001f65725836c: 0000 0149 | b800 f784 | 43f6 0100 | 0045 8b88 | cc00 0000 | 4183 c102 | 4589 88cc | 0000 0041 
  0x000001f65725838c: 81e1 feff | 1f00 4585 | c90f 84e9 | 0b00 004c 

  0x000001f65725839c: ;   {metadata(method data for {method} {0x000001f6434eeb88} 'getLogger' '(Ljava/lang/String;)Lorg/eclipse/equinox/log/Logger;' in 'org/eclipse/osgi/internal/log/ExtendedLogServiceImpl')}
  0x000001f65725839c: 8bc2 49b9 | 00f7 8443 | f601 0000 

  0x000001f6572583a8: ;   {metadata('org/eclipse/osgi/internal/log/ExtendedLogServiceImpl')}
  0x000001f6572583a8: 49ba 48ae | 0801 f601 | 0000 4d89 | 9120 0100 | 0049 8381 | 2801 0000 

  0x000001f6572583c0: ;   {oop("org.eclipse.osgi/debug/events"{0x00000000c0095850})}
  0x000001f6572583c0: 0149 b850 | 5809 c000 

  0x000001f6572583c8: ;   {oop(a 'java/lang/Class'{0x00000000ec826e18} = 'org/osgi/service/log/Logger')}
  0x000001f6572583c8: 0000 0049 | b918 6e82 | ec00 0000 

  0x000001f6572583d4: ;   {optimized virtual_call}
  0x000001f6572583d4: 0066 90e8 

  0x000001f6572583d8: ; ImmutableOopMap {[168]=Oop [272]=Oop [328]=Oop }
                      ;*invokevirtual getLogger {reexecute=0 rethrow=0 return_oop=0}
                      ; - org.eclipse.osgi.internal.log.ExtendedLogServiceImpl::getLogger@4 (line 73)
                      ; - org.eclipse.osgi.internal.log.ExtendedLogServiceImpl::getLogger@2 (line 1)
                      ; - org.eclipse.osgi.internal.debug.Debug::trace@11 (line 230)
                      ; - org.eclipse.osgi.internal.serviceregistry.FilteredServiceListener::serviceChanged@282 (line 131)
  0x000001f6572583d8: 0461 3007 

  0x000001f6572583dc: ;   {other}
  0x000001f6572583dc: 0f1f 8400 | 542e 0029 

  0x000001f6572583e4: ;   {metadata(method data for {method} {0x000001f6434eeb88} 'getLogger' '(Ljava/lang/String;)Lorg/eclipse/equinox/log/Logger;' in 'org/eclipse/osgi/internal/log/ExtendedLogServiceImpl')}
  0x000001f6572583e4: 4885 c048 | be00 f784 | 43f6 0100 | 0075 0c80 | 8e41 0100 | 0001 e9c9 | 0000 008b | 7808 49ba 
  0x000001f657258404: 0000 0000 | f601 0000 | 4903 fa48 | 3bbe 5001 | 0000 750d | 4883 8658 | 0100 0001 | e960 0000 
  0x000001f657258424: 0048 3bbe | 6001 0000 | 750d 4883 | 8668 0100 | 0001 e94a | 0000 0048 | 83be 5001 | 0000 0075 
  0x000001f657258444: 1748 89be | 5001 0000 | 48c7 8658 | 0100 0001 | 0000 00e9 | 2900 0000 | 4883 be60 | 0100 0000 
  0x000001f657258464: 7517 4889 | be60 0100 | 0048 c786 | 6801 0000 | 0100 0000 | e908 0000 | 0048 8386 | 4801 0000 
  0x000001f657258484: ;   {metadata('org/eclipse/equinox/log/Logger')}
  0x000001f657258484: 0148 bf00 | 8208 01f6 | 0100 008b | 7008 49ba | 0000 0000 | f601 0000 | 4903 f248 | 3b7e 200f 
  0x000001f6572584a4: 841f 0000 | 0048 3bf7 | 0f84 1600 | 0000 5657 

  0x000001f6572584b4: ;   {runtime_call slow_subtype_check Runtime1 stub}
  0x000001f6572584b4: e807 993b | 075e 5e85 | f60f 84e2 | 0a00 00e9 | 0000 0000 | 488b d048 | 3b02 4c8b 

  0x000001f6572584d0: ;   {metadata(method data for {method} {0x000001f6434cb398} 'trace' '(Ljava/lang/String;Ljava/lang/String;)V' in 'org/eclipse/osgi/internal/debug/Debug')}
  0x000001f6572584d0: c248 bea8 | ed84 43f6 | 0100 0045 | 8b40 0849 | ba00 0000 | 00f6 0100 | 004d 03c2 | 4c3b 8670 
  0x000001f6572584f0: 0100 0075 | 0d48 8386 | 7801 0000 | 01e9 6000 | 0000 4c3b | 8680 0100 | 0075 0d48 | 8386 8801 
  0x000001f657258510: 0000 01e9 | 4a00 0000 | 4883 be70 | 0100 0000 | 7517 4c89 | 8670 0100 | 0048 c786 | 7801 0000 
  0x000001f657258530: 0100 0000 | e929 0000 | 0048 83be | 8001 0000 | 0075 174c | 8986 8001 | 0000 48c7 | 8688 0100 
  0x000001f657258550: 0001 0000 | 00e9 0800 | 0000 4883 | 8668 0100 | 0001 4c8b | 8424 4801 | 0000 6666 | 9048 b8e0 
  0x000001f657258570: f25f 47f6 

  0x000001f657258574: ;   {virtual_call}
  0x000001f657258574: 0100 00e8 

  0x000001f657258578: ; ImmutableOopMap {[168]=Oop [272]=Oop }
                      ;*invokeinterface trace {reexecute=0 rethrow=0 return_oop=0}
                      ; - org.eclipse.osgi.internal.debug.Debug::trace@17 (line 230)
                      ; - org.eclipse.osgi.internal.serviceregistry.FilteredServiceListener::serviceChanged@282 (line 131)
  0x000001f657258578: 6462 3007 

  0x000001f65725857c: ;   {other}
  0x000001f65725857c: 0f1f 8400 | f42f 002a 

  0x000001f657258584: ;   {metadata(method data for {method} {0x000001f6434cb398} 'trace' '(Ljava/lang/String;Ljava/lang/String;)V' in 'org/eclipse/osgi/internal/debug/Debug')}
  0x000001f657258584: 49b8 a8ed | 8443 f601 | 0000 41ff | 8098 0100 | 00e9 4a00 

  0x000001f657258598: ;   {oop(a 'java/lang/Class'{0x00000000ec826500} = 'org/eclipse/osgi/internal/debug/Debug')}
  0x000001f657258598: 0000 49b8 | 0065 82ec | 0000 0000 | 418b 90c8 | 0000 0048 | 3b02 4c8b 

  0x000001f6572585b0: ;   {metadata(method data for {method} {0x000001f6434cb398} 'trace' '(Ljava/lang/String;Ljava/lang/String;)V' in 'org/eclipse/osgi/internal/debug/Debug')}
  0x000001f6572585b0: c248 bfa8 | ed84 43f6 

  0x000001f6572585b8: ;   {metadata('java/io/PrintStream')}
  0x000001f6572585b8: 0100 0049 | bac8 c816 | 00f6 0100 | 004c 8997 | b801 0000 | 4883 87c0 | 0100 0001 

  0x000001f6572585d4: ;   {optimized virtual_call}
  0x000001f6572585d4: 4c8b c6e8 

  0x000001f6572585d8: ; ImmutableOopMap {[168]=Oop [272]=Oop }
                      ;*invokevirtual println {reexecute=0 rethrow=0 return_oop=0}
                      ; - org.eclipse.osgi.internal.debug.Debug::trace@29 (line 232)
                      ; - org.eclipse.osgi.internal.serviceregistry.FilteredServiceListener::serviceChanged@282 (line 131)
  0x000001f6572585d8: 045f 3007 

  0x000001f6572585dc: ;   {other}
  0x000001f6572585dc: 0f1f 8400 | 5430 002b | 488b 8424 | 1001 0000 | 488b 9424 | a800 0000 | 8b52 1448 | 3b02 4c8b 
  0x000001f6572585fc: ;   {metadata(method data for {method} {0x000001f643680680} 'serviceChanged' '(Lorg/osgi/framework/ServiceEvent;)V' in 'org/eclipse/osgi/internal/serviceregistry/FilteredServiceListener')}
  0x000001f6572585fc: c248 be88 | 1188 43f6 | 0100 0045 | 8b40 0849 | ba00 0000 | 00f6 0100 | 004d 03c2 | 4c3b 8680 
  0x000001f65725861c: 0800 0075 | 0d48 8386 | 8808 0000 | 01e9 6000 | 0000 4c3b | 8690 0800 | 0075 0d48 | 8386 9808 
  0x000001f65725863c: 0000 01e9 | 4a00 0000 | 4883 be80 | 0800 0000 | 7517 4c89 | 8680 0800 | 0048 c786 | 8808 0000 
  0x000001f65725865c: 0100 0000 | e929 0000 | 0048 83be | 9008 0000 | 0075 174c | 8986 9008 | 0000 48c7 | 8698 0800 
  0x000001f65725867c: 0001 0000 | 00e9 0800 | 0000 4883 | 8678 0800 | 0001 4c8b | c00f 1f40 | 0048 b808 | f35f 47f6 
  0x000001f65725869c: ;   {virtual_call}
  0x000001f65725869c: 0100 00e8 

  0x000001f6572586a0: ; ImmutableOopMap {}
                      ;*invokeinterface serviceChanged {reexecute=0 rethrow=0 return_oop=0}
                      ; - org.eclipse.osgi.internal.serviceregistry.FilteredServiceListener::serviceChanged@290 (line 134)
  0x000001f6572586a0: 2ce6 3b07 

  0x000001f6572586a4: ;   {other}
  0x000001f6572586a4: 0f1f 8400 | 1c31 002c | 4881 c470 | 0100 005d 

  0x000001f6572586b4: ;   {poll_return}
  0x000001f6572586b4: 493b a748 | 0400 000f | 87fc 0800 | 00c3 4881 | c470 0100 

  0x000001f6572586c8: ;   {poll_return}
  0x000001f6572586c8: 005d 493b | a748 0400 | 000f 87fc | 0800 00c3 | 4881 c470 | 0100 005d 

  0x000001f6572586e0: ;   {poll_return}
  0x000001f6572586e0: 493b a748 | 0400 000f | 87fc 0800 | 00c3 4881 | c470 0100 

  0x000001f6572586f4: ;   {poll_return}
  0x000001f6572586f4: 005d 493b | a748 0400 | 000f 87fc | 0800 00c3 | 498b 8700 | 0500 004d | 33d2 4d89 | 9700 0500 
  0x000001f657258714: 004d 33d2 | 4d89 9708 | 0500 0048 | 8bf0 488d | 8424 5001 | 0000 488b | 5808 418b | bf18 0600 
  0x000001f657258734: 0049 3b5c | 3ff8 0f85 | d508 0000 | 4183 af18 | 0600 0008 | 493b 5c3f | f00f 842a | 0000 0048 
  0x000001f657258754: 8b03 a802 | 0f85 1200 | 0000 488b | f848 83cf | 01f0 480f | b13b 0f84 | 0d00 0000 | 4183 8718 
  0x000001f657258774: 0600 0008 | e998 0800 | 0049 ff8f | 5005 0000 | 488b c6e9 | bc08 0000 

  0x000001f65725878c: ;   {metadata({method} {0x000001f643680680} 'serviceChanged' '(Lorg/osgi/framework/ServiceEvent;)V' in 'org/eclipse/osgi/internal/serviceregistry/FilteredServiceListener')}
  0x000001f65725878c: 49ba 7806 | 6843 f601 | 0000 4c89 | 5424 0848 | c704 24ff 

  0x000001f6572587a0: ;   {runtime_call counter_overflow Runtime1 stub}
  0x000001f6572587a0: ffff ffe8 

  0x000001f6572587a4: ; ImmutableOopMap {rdx=Oop r8=Oop [168]=Oop }
                      ;*synchronization entry
                      ; - org.eclipse.osgi.internal.serviceregistry.FilteredServiceListener::serviceChanged@-1 (line 96)
  0x000001f6572587a4: 38c0 3b07 | e9e1 d4ff 

  0x000001f6572587ac: ;   {runtime_call throw_null_pointer_exception Runtime1 stub}
  0x000001f6572587ac: ffe8 2e54 

  0x000001f6572587b0: ; ImmutableOopMap {rdx=Oop r8=Oop [168]=Oop }
                      ;*invokevirtual getServiceReference {reexecute=0 rethrow=0 return_oop=0}
                      ; - org.eclipse.osgi.internal.serviceregistry.FilteredServiceListener::serviceChanged@1 (line 96)
  0x000001f6572587b0: 3b07 4889 

  0x000001f6572587b4: ;   {runtime_call throw_class_cast_exception Runtime1 stub}
  0x000001f6572587b4: 3424 e825 

  0x000001f6572587b8: ; ImmutableOopMap {rdx=Oop r8=Oop [168]=Oop }
                      ;*checkcast {reexecute=0 rethrow=0 return_oop=0}
                      ; - org.eclipse.osgi.internal.serviceregistry.FilteredServiceListener::serviceChanged@4 (line 96)
                      ;   {runtime_call throw_null_pointer_exception Runtime1 stub}
  0x000001f6572587b8: 903b 07e8 

  0x000001f6572587bc: ; ImmutableOopMap {rdx=Oop r8=Oop rsi=Oop rdi=Oop [168]=Oop [176]=Oop }
                      ;*invokevirtual getClasses {reexecute=0 rethrow=0 return_oop=0}
                      ; - org.eclipse.osgi.internal.serviceregistry.FilteredServiceListener::serviceChanged@16 (line 101)
  0x000001f6572587bc: 2054 3b07 

  0x000001f6572587c0: ;   {metadata({method} {0x000001f64368e6c8} 'getClasses' '()[Ljava/lang/String;' in 'org/eclipse/osgi/internal/serviceregistry/ServiceReferenceImpl')}
  0x000001f6572587c0: 49ba c0e6 | 6843 f601 | 0000 4c89 | 5424 0848 | c704 24ff 

  0x000001f6572587d4: ;   {runtime_call counter_overflow Runtime1 stub}
  0x000001f6572587d4: ffff ffe8 

  0x000001f6572587d8: ; ImmutableOopMap {rdx=Oop r8=Oop rsi=Oop rdi=Oop [168]=Oop [176]=Oop }
                      ;*synchronization entry
                      ; - org.eclipse.osgi.internal.serviceregistry.ServiceReferenceImpl::getClasses@-1 (line 288)
                      ; - org.eclipse.osgi.internal.serviceregistry.FilteredServiceListener::serviceChanged@16 (line 101)
  0x000001f6572587d8: 04c0 3b07 | e995 d6ff 

  0x000001f6572587e0: ;   {runtime_call throw_null_pointer_exception Runtime1 stub}
  0x000001f6572587e0: ffe8 fa53 

  0x000001f6572587e4: ; ImmutableOopMap {rdx=Oop r8=Oop rsi=Oop rdi=Oop rbx=Oop [168]=Oop [176]=Oop }
                      ;*invokevirtual getClasses {reexecute=0 rethrow=0 return_oop=0}
                      ; - org.eclipse.osgi.internal.serviceregistry.ServiceReferenceImpl::getClasses@4 (line 288)
                      ; - org.eclipse.osgi.internal.serviceregistry.FilteredServiceListener::serviceChanged@16 (line 101)
                      ;   {runtime_call throw_null_pointer_exception Runtime1 stub}
  0x000001f6572587e4: 3b07 e8f5 

  0x000001f6572587e8: ; ImmutableOopMap {rdx=Oop r8=Oop rsi=Oop rdi=Oop rbx=Oop [168]=Oop [176]=Oop }
                      ;*arraylength {reexecute=0 rethrow=0 return_oop=0}
                      ; - org.eclipse.osgi.internal.serviceregistry.FilteredServiceListener::serviceChanged@21 (line 102)
                      ;   {metadata({method} {0x000001f643680680} 'serviceChanged' '(Lorg/osgi/framework/ServiceEvent;)V' in 'org/eclipse/osgi/internal/serviceregistry/FilteredServiceListener')}
  0x000001f6572587e8: 533b 0749 | ba78 0668 | 43f6 0100 | 004c 8954 | 2408 48c7 | 0424 3300 

  0x000001f657258800: ;   {runtime_call counter_overflow Runtime1 stub}
  0x000001f657258800: 0000 e8d9 

  0x000001f657258804: ; ImmutableOopMap {rdx=Oop r8=Oop rsi=Oop rdi=Oop rbx=Oop [168]=Oop [176]=Oop }
                      ;*if_icmplt {reexecute=1 rethrow=0 return_oop=0}
                      ; - (reexecute) org.eclipse.osgi.internal.serviceregistry.FilteredServiceListener::serviceChanged@51 (line 103)
  0x000001f657258804: bf3b 07e9 | a1d7 ffff 

  0x000001f65725880c: ;   {internal_word}
  0x000001f65725880c: 49ba eb5f | 2557 f601 | 0000 4d89 | 9760 0400 

  0x000001f65725881c: ;   {runtime_call SafepointBlob}
  0x000001f65725881c: 00e9 bec2 

  0x000001f657258820: ;   {runtime_call throw_null_pointer_exception Runtime1 stub}
  0x000001f657258820: 3007 e8b9 

  0x000001f657258824: ; ImmutableOopMap {rdx=Oop [168]=Oop [176]=Oop [184]=Oop }
                      ;*getfield DEBUG_EVENTS {reexecute=1 rethrow=0 return_oop=0}
                      ; - (reexecute) org.eclipse.osgi.internal.serviceregistry.FilteredServiceListener::serviceChanged@71 (line 117)
                      ;   {metadata(nullptr)}
  0x000001f657258824: 533b 0748 | ba00 0000 | 0000 0000 | 00b8 000f 

  0x000001f657258834: ;   {runtime_call load_klass_patching Runtime1 stub}
  0x000001f657258834: 050a e825 

  0x000001f657258838: ; ImmutableOopMap {rbx=Oop [168]=Oop [176]=Oop [184]=Oop }
                      ;*new {reexecute=1 rethrow=0 return_oop=0}
                      ; - (reexecute) org.eclipse.osgi.internal.serviceregistry.FilteredServiceListener::serviceChanged@77 (line 118)
  0x000001f657258838: af3b 07e9 | 68d8 ffff 

  0x000001f657258840: ;   {runtime_call fast_new_instance Runtime1 stub}
  0x000001f657258840: 488b d2e8 

  0x000001f657258844: ; ImmutableOopMap {rbx=Oop [168]=Oop [176]=Oop [184]=Oop }
                      ;*new {reexecute=0 rethrow=0 return_oop=0}
                      ; - org.eclipse.osgi.internal.serviceregistry.FilteredServiceListener::serviceChanged@77 (line 118)
  0x000001f657258844: 985c 3b07 | e9ab d8ff 

  0x000001f65725884c: ;   {runtime_call throw_null_pointer_exception Runtime1 stub}
  0x000001f65725884c: ffe8 8e53 

  0x000001f657258850: ; ImmutableOopMap {rbx=Oop rax=Oop rdx=Oop [168]=Oop [176]=Oop [184]=Oop [192]=Oop }
                      ;*invokevirtual getName {reexecute=0 rethrow=0 return_oop=0}
                      ; - org.eclipse.osgi.internal.serviceregistry.FilteredServiceListener::serviceChanged@85 (line 118)
                      ;   {metadata({method} {0x000001f6004987e0} 'getName' '()Ljava/lang/String;' in 'java/lang/Class')}
  0x000001f657258850: 3b07 49ba | d887 4900 | f601 0000 | 4c89 5424 | 0848 c704 | 24ff ffff 

  0x000001f657258868: ;   {runtime_call counter_overflow Runtime1 stub}
  0x000001f657258868: ffe8 72bf 

  0x000001f65725886c: ; ImmutableOopMap {rbx=Oop rax=Oop rdx=Oop [168]=Oop [176]=Oop [184]=Oop [192]=Oop }
                      ;*synchronization entry
                      ; - java.lang.Class::getName@-1 (line 1036)
                      ; - org.eclipse.osgi.internal.serviceregistry.FilteredServiceListener::serviceChanged@85 (line 118)
  0x000001f65725886c: 3b07 e9f8 

  0x000001f657258870: ;   {metadata({method} {0x000001f60048d080} 'valueOf' '(Ljava/lang/Object;)Ljava/lang/String;' in 'java/lang/String')}
  0x000001f657258870: d8ff ff49 | ba78 d048 | 00f6 0100 | 004c 8954 | 2408 48c7 | 0424 ffff 

  0x000001f657258888: ;   {runtime_call counter_overflow Runtime1 stub}
  0x000001f657258888: ffff e851 

  0x000001f65725888c: ; ImmutableOopMap {rsi=Oop [168]=Oop [176]=Oop [184]=Oop [192]=Oop }
                      ;*synchronization entry
                      ; - java.lang.String::valueOf@-1 (line 4556)
                      ; - org.eclipse.osgi.internal.serviceregistry.FilteredServiceListener::serviceChanged@88 (line 118)
  0x000001f65725888c: bf3b 07e9 | 7cd9 ffff 

  0x000001f657258894: ;   {runtime_call throw_null_pointer_exception Runtime1 stub}
  0x000001f657258894: e847 533b 

  0x000001f657258898: ; ImmutableOopMap {rsi=Oop [168]=Oop [176]=Oop [184]=Oop [192]=Oop }
                      ;*invokevirtual toString {reexecute=0 rethrow=0 return_oop=0}
                      ; - java.lang.String::valueOf@11 (line 4556)
                      ; - org.eclipse.osgi.internal.serviceregistry.FilteredServiceListener::serviceChanged@88 (line 118)
                      ;   {metadata({method} {0x000001f600492b00} '<init>' '(Ljava/lang/String;)V' in 'java/lang/StringBuilder')}
  0x000001f657258898: 0749 baf8 | 2a49 00f6 | 0100 004c | 8954 2408 | 48c7 0424 | ffff ffff 

  0x000001f6572588b0: ;   {runtime_call counter_overflow Runtime1 stub}
  0x000001f6572588b0: e82b bf3b 

  0x000001f6572588b4: ; ImmutableOopMap {rsi=Oop rax=Oop [168]=Oop [176]=Oop [184]=Oop [192]=Oop }
                      ;*synchronization entry
                      ; - java.lang.StringBuilder::<init>@-1 (line 131)
                      ; - org.eclipse.osgi.internal.serviceregistry.FilteredServiceListener::serviceChanged@91 (line 118)
  0x000001f6572588b4: 07e9 9bda 

  0x000001f6572588b8: ;   {metadata({method} {0x000001f600492840} 'append' '(Ljava/lang/String;)Ljava/lang/StringBuilder;' in 'java/lang/StringBuilder')}
  0x000001f6572588b8: ffff 49ba | 3828 4900 | f601 0000 | 4c89 5424 | 0848 c704 | 24ff ffff 

  0x000001f6572588d0: ;   {runtime_call counter_overflow Runtime1 stub}
  0x000001f6572588d0: ffe8 0abf 

  0x000001f6572588d4: ; ImmutableOopMap {[168]=Oop [176]=Oop [184]=Oop [192]=Oop }
                      ;*synchronization entry
                      ; - java.lang.StringBuilder::append@-1 (line 179)
                      ; - org.eclipse.osgi.internal.serviceregistry.FilteredServiceListener::serviceChanged@96 (line 118)
  0x000001f6572588d4: 3b07 e9ec 

  0x000001f6572588d8: ;   {metadata({method} {0x000001f600470478} 'toHexString' '(I)Ljava/lang/String;' in 'java/lang/Integer')}
  0x000001f6572588d8: daff ff49 | ba70 0447 | 00f6 0100 | 004c 8954 | 2408 48c7 | 0424 ffff 

  0x000001f6572588f0: ;   {runtime_call counter_overflow Runtime1 stub}
  0x000001f6572588f0: ffff e8e9 

  0x000001f6572588f4: ; ImmutableOopMap {[168]=Oop [176]=Oop [184]=Oop [192]=Oop }
                      ;*synchronization entry
                      ; - java.lang.Integer::toHexString@-1 (line 287)
                      ; - org.eclipse.osgi.internal.serviceregistry.FilteredServiceListener::serviceChanged@103 (line 118)
  0x000001f6572588f4: be3b 07e9 | 6edb ffff 

  0x000001f6572588fc: ;   {metadata({method} {0x000001f600492840} 'append' '(Ljava/lang/String;)Ljava/lang/StringBuilder;' in 'java/lang/StringBuilder')}
  0x000001f6572588fc: 49ba 3828 | 4900 f601 | 0000 4c89 | 5424 0848 | c704 24ff 

  0x000001f657258910: ;   {runtime_call counter_overflow Runtime1 stub}
  0x000001f657258910: ffff ffe8 

  0x000001f657258914: ; ImmutableOopMap {rax=Oop [168]=Oop [176]=Oop [184]=Oop [192]=Oop }
                      ;*synchronization entry
                      ; - java.lang.StringBuilder::append@-1 (line 179)
                      ; - org.eclipse.osgi.internal.serviceregistry.FilteredServiceListener::serviceChanged@106 (line 118)
  0x000001f657258914: c8be 3b07 | e9ba dbff 

  0x000001f65725891c: ;   {metadata({method} {0x000001f60016ae60} 'toString' '()Ljava/lang/String;' in 'java/lang/StringBuilder')}
  0x000001f65725891c: ff49 ba58 | ae16 00f6 | 0100 004c | 8954 2408 | 48c7 0424 | ffff ffff 

  0x000001f657258934: ;   {runtime_call counter_overflow Runtime1 stub}
  0x000001f657258934: e8a7 be3b 

  0x000001f657258938: ; ImmutableOopMap {[168]=Oop [176]=Oop [184]=Oop [192]=Oop }
                      ;*synchronization entry
                      ; - java.lang.StringBuilder::toString@-1 (line 474)
                      ; - org.eclipse.osgi.internal.serviceregistry.FilteredServiceListener::serviceChanged@109 (line 118)
  0x000001f657258938: 07e9 0fdc 

  0x000001f65725893c: ;   {metadata({method} {0x000001f60016aeb8} 'length' '()I' in 'java/lang/StringBuilder')}
  0x000001f65725893c: ffff 49ba | b0ae 1600 | f601 0000 | 4c89 5424 | 0848 c704 | 24ff ffff 

  0x000001f657258954: ;   {runtime_call counter_overflow Runtime1 stub}
  0x000001f657258954: ffe8 86be 

  0x000001f657258958: ; ImmutableOopMap {[168]=Oop [176]=Oop [184]=Oop [192]=Oop }
                      ;*synchronization entry
                      ; - java.lang.StringBuilder::length@-1 (line 91)
                      ; - java.lang.StringBuilder::toString@1 (line 474)
                      ; - org.eclipse.osgi.internal.serviceregistry.FilteredServiceListener::serviceChanged@109 (line 118)
  0x000001f657258958: 3b07 e92f | dcff ff48 

  0x000001f657258960: ;   {runtime_call fast_new_instance Runtime1 stub}
  0x000001f657258960: 8bd2 e879 

  0x000001f657258964: ; ImmutableOopMap {r8=Oop [168]=Oop [176]=Oop [184]=Oop [192]=Oop }
                      ;*new {reexecute=0 rethrow=0 return_oop=0}
                      ; - java.lang.StringBuilder::toString@10 (line 478)
                      ; - org.eclipse.osgi.internal.serviceregistry.FilteredServiceListener::serviceChanged@109 (line 118)
  0x000001f657258964: 5b3b 07e9 | d1dc ffff 

  0x000001f65725896c: ;   {metadata(nullptr)}
  0x000001f65725896c: 48ba 0000 | 0000 0000 | 0000 b800 

  0x000001f657258978: ;   {runtime_call load_klass_patching Runtime1 stub}
  0x000001f657258978: 0f05 0ae8 

  0x000001f65725897c: ; ImmutableOopMap {r9=Oop [168]=Oop [176]=Oop [184]=Oop [216]=Oop }
                      ;*new {reexecute=1 rethrow=0 return_oop=0}
                      ; - (reexecute) org.eclipse.osgi.internal.serviceregistry.FilteredServiceListener::serviceChanged@119 (line 119)
  0x000001f65725897c: e0ad 3b07 | e90b ddff | ff48 8bd2 

  0x000001f657258988: ;   {runtime_call fast_new_instance Runtime1 stub}
  0x000001f657258988: e853 5b3b 

  0x000001f65725898c: ; ImmutableOopMap {r9=Oop [168]=Oop [176]=Oop [184]=Oop [216]=Oop }
                      ;*new {reexecute=0 rethrow=0 return_oop=0}
                      ; - org.eclipse.osgi.internal.serviceregistry.FilteredServiceListener::serviceChanged@119 (line 119)
  0x000001f65725898c: 07e9 4edd 

  0x000001f657258990: ;   {metadata({method} {0x000001f600492b00} '<init>' '(Ljava/lang/String;)V' in 'java/lang/StringBuilder')}
  0x000001f657258990: ffff 49ba | f82a 4900 | f601 0000 | 4c89 5424 | 0848 c704 | 24ff ffff 

  0x000001f6572589a8: ;   {runtime_call counter_overflow Runtime1 stub}
  0x000001f6572589a8: ffe8 32be 

  0x000001f6572589ac: ; ImmutableOopMap {r9=Oop rax=Oop [168]=Oop [176]=Oop [184]=Oop [208]=Oop [216]=Oop }
                      ;*synchronization entry
                      ; - java.lang.StringBuilder::<init>@-1 (line 131)
                      ; - org.eclipse.osgi.internal.serviceregistry.FilteredServiceListener::serviceChanged@125 (line 119)
  0x000001f6572589ac: 3b07 e973 

  0x000001f6572589b0: ;   {metadata({method} {0x000001f600492840} 'append' '(Ljava/lang/String;)Ljava/lang/StringBuilder;' in 'java/lang/StringBuilder')}
  0x000001f6572589b0: ddff ff49 | ba38 2849 | 00f6 0100 | 004c 8954 | 2408 48c7 | 0424 ffff 

  0x000001f6572589c8: ;   {runtime_call counter_overflow Runtime1 stub}
  0x000001f6572589c8: ffff e811 

  0x000001f6572589cc: ; ImmutableOopMap {[168]=Oop [176]=Oop [184]=Oop [208]=Oop [216]=Oop [224]=Oop }
                      ;*synchronization entry
                      ; - java.lang.StringBuilder::append@-1 (line 179)
                      ; - org.eclipse.osgi.internal.serviceregistry.FilteredServiceListener::serviceChanged@129 (line 119)
  0x000001f6572589cc: be3b 07e9 | d3dd ffff 

  0x000001f6572589d4: ;   {metadata({method} {0x000001f600492840} 'append' '(Ljava/lang/String;)Ljava/lang/StringBuilder;' in 'java/lang/StringBuilder')}
  0x000001f6572589d4: 49ba 3828 | 4900 f601 | 0000 4c89 | 5424 0848 | c704 24ff 

  0x000001f6572589e8: ;   {runtime_call counter_overflow Runtime1 stub}
  0x000001f6572589e8: ffff ffe8 

  0x000001f6572589ec: ; ImmutableOopMap {[168]=Oop [176]=Oop [184]=Oop [208]=Oop [224]=Oop }
                      ;*synchronization entry
                      ; - java.lang.StringBuilder::append@-1 (line 179)
                      ; - org.eclipse.osgi.internal.serviceregistry.FilteredServiceListener::serviceChanged@134 (line 119)
  0x000001f6572589ec: f0bd 3b07 | e932 deff 

  0x000001f6572589f4: ;   {metadata({method} {0x000001f643680a98} 'getFilter' '()Ljava/lang/String;' in 'org/eclipse/osgi/internal/serviceregistry/FilteredServiceListener')}
  0x000001f6572589f4: ff49 ba90 | 0a68 43f6 | 0100 004c | 8954 2408 | 48c7 0424 | ffff ffff 

  0x000001f657258a0c: ;   {runtime_call counter_overflow Runtime1 stub}
  0x000001f657258a0c: e8cf bd3b 

  0x000001f657258a10: ; ImmutableOopMap {[168]=Oop [176]=Oop [184]=Oop [208]=Oop [224]=Oop }
                      ;*synchronization entry
                      ; - org.eclipse.osgi.internal.serviceregistry.FilteredServiceListener::getFilter@-1 (line 202)
                      ; - org.eclipse.osgi.internal.serviceregistry.FilteredServiceListener::serviceChanged@138 (line 119)
  0x000001f657258a10: 07e9 a0de 

  0x000001f657258a14: ;   {runtime_call throw_null_pointer_exception Runtime1 stub}
  0x000001f657258a14: ffff e8c5 

  0x000001f657258a18: ; ImmutableOopMap {rsi=Oop [168]=Oop [176]=Oop [184]=Oop [208]=Oop [224]=Oop }
                      ;*invokevirtual toString {reexecute=0 rethrow=0 return_oop=0}
                      ; - org.eclipse.osgi.internal.serviceregistry.FilteredServiceListener::getFilter@11 (line 203)
                      ; - org.eclipse.osgi.internal.serviceregistry.FilteredServiceListener::serviceChanged@138 (line 119)
                      ;   {metadata({method} {0x000001f643680cc8} 'getObjectClassFilterString' '(Ljava/lang/String;)Ljava/lang/String;' in 'org/eclipse/osgi/internal/serviceregistry/FilteredServiceListener')}
  0x000001f657258a18: 513b 0749 | bac0 0c68 | 43f6 0100 | 004c 8954 | 2408 48c7 | 0424 ffff 

  0x000001f657258a30: ;   {runtime_call counter_overflow Runtime1 stub}
  0x000001f657258a30: ffff e8a9 

  0x000001f657258a34: ; ImmutableOopMap {rdx=Oop rbx=Oop [168]=Oop [176]=Oop [184]=Oop [208]=Oop [224]=Oop }
                      ;*synchronization entry
                      ; - org.eclipse.osgi.internal.serviceregistry.FilteredServiceListener::getObjectClassFilterString@-1 (line 236)
                      ; - org.eclipse.osgi.internal.serviceregistry.FilteredServiceListener::getFilter@19 (line 205)
                      ; - org.eclipse.osgi.internal.serviceregistry.FilteredServiceListener::serviceChanged@138 (line 119)
  0x000001f657258a34: bd3b 07e9 | 99df ffff 

  0x000001f657258a3c: ;   {metadata(nullptr)}
  0x000001f657258a3c: 48ba 0000 | 0000 0000 | 0000 b800 

  0x000001f657258a48: ;   {runtime_call load_klass_patching Runtime1 stub}
  0x000001f657258a48: 0f05 0ae8 

  0x000001f657258a4c: ; ImmutableOopMap {[168]=Oop [176]=Oop [184]=Oop [208]=Oop [224]=Oop [240]=Oop }
                      ;*new {reexecute=1 rethrow=0 return_oop=0}
                      ; - (reexecute) org.eclipse.osgi.internal.serviceregistry.FilteredServiceListener::getObjectClassFilterString@6 (line 239)
                      ; - org.eclipse.osgi.internal.serviceregistry.FilteredServiceListener::getFilter@19 (line 205)
                      ; - org.eclipse.osgi.internal.serviceregistry.FilteredServiceListener::serviceChanged@138 (line 119)
  0x000001f657258a4c: 10ad 3b07 | e9c3 dfff | ff48 8bd2 

  0x000001f657258a58: ;   {runtime_call fast_new_instance Runtime1 stub}
  0x000001f657258a58: e883 5a3b 

  0x000001f657258a5c: ; ImmutableOopMap {[168]=Oop [176]=Oop [184]=Oop [208]=Oop [224]=Oop [240]=Oop }
                      ;*new {reexecute=0 rethrow=0 return_oop=0}
                      ; - org.eclipse.osgi.internal.serviceregistry.FilteredServiceListener::getObjectClassFilterString@6 (line 239)
                      ; - org.eclipse.osgi.internal.serviceregistry.FilteredServiceListener::getFilter@19 (line 205)
                      ; - org.eclipse.osgi.internal.serviceregistry.FilteredServiceListener::serviceChanged@138 (line 119)
  0x000001f657258a5c: 07e9 06e0 

  0x000001f657258a60: ;   {metadata({method} {0x000001f600492b00} '<init>' '(Ljava/lang/String;)V' in 'java/lang/StringBuilder')}
  0x000001f657258a60: ffff 49ba | f82a 4900 | f601 0000 | 4c89 5424 | 0848 c704 | 24ff ffff 

  0x000001f657258a78: ;   {runtime_call counter_overflow Runtime1 stub}
  0x000001f657258a78: ffe8 62bd 

  0x000001f657258a7c: ; ImmutableOopMap {rax=Oop [168]=Oop [176]=Oop [184]=Oop [208]=Oop [224]=Oop [240]=Oop }
                      ;*synchronization entry
                      ; - java.lang.StringBuilder::<init>@-1 (line 131)
                      ; - org.eclipse.osgi.internal.serviceregistry.FilteredServiceListener::getObjectClassFilterString@13 (line 239)
                      ; - org.eclipse.osgi.internal.serviceregistry.FilteredServiceListener::getFilter@19 (line 205)
                      ; - org.eclipse.osgi.internal.serviceregistry.FilteredServiceListener::serviceChanged@138 (line 119)
  0x000001f657258a7c: 3b07 e923 

  0x000001f657258a80: ;   {metadata({method} {0x000001f600492840} 'append' '(Ljava/lang/String;)Ljava/lang/StringBuilder;' in 'java/lang/StringBuilder')}
  0x000001f657258a80: e0ff ff49 | ba38 2849 | 00f6 0100 | 004c 8954 | 2408 48c7 | 0424 ffff 

  0x000001f657258a98: ;   {runtime_call counter_overflow Runtime1 stub}
  0x000001f657258a98: ffff e841 

  0x000001f657258a9c: ; ImmutableOopMap {[168]=Oop [176]=Oop [184]=Oop [208]=Oop [224]=Oop [232]=Oop [240]=Oop }
                      ;*synchronization entry
                      ; - java.lang.StringBuilder::append@-1 (line 179)
                      ; - org.eclipse.osgi.internal.serviceregistry.FilteredServiceListener::getObjectClassFilterString@17 (line 239)
                      ; - org.eclipse.osgi.internal.serviceregistry.FilteredServiceListener::getFilter@19 (line 205)
                      ; - org.eclipse.osgi.internal.serviceregistry.FilteredServiceListener::serviceChanged@138 (line 119)
  0x000001f657258a9c: bd3b 07e9 | 83e0 ffff 

  0x000001f657258aa4: ;   {metadata({method} {0x000001f600492840} 'append' '(Ljava/lang/String;)Ljava/lang/StringBuilder;' in 'java/lang/StringBuilder')}
  0x000001f657258aa4: 49ba 3828 | 4900 f601 | 0000 4c89 | 5424 0848 | c704 24ff 

  0x000001f657258ab8: ;   {runtime_call counter_overflow Runtime1 stub}
  0x000001f657258ab8: ffff ffe8 

  0x000001f657258abc: ; ImmutableOopMap {[168]=Oop [176]=Oop [184]=Oop [208]=Oop [224]=Oop [232]=Oop }
                      ;*synchronization entry
                      ; - java.lang.StringBuilder::append@-1 (line 179)
                      ; - org.eclipse.osgi.internal.serviceregistry.FilteredServiceListener::getObjectClassFilterString@22 (line 239)
                      ; - org.eclipse.osgi.internal.serviceregistry.FilteredServiceListener::getFilter@19 (line 205)
                      ; - org.eclipse.osgi.internal.serviceregistry.FilteredServiceListener::serviceChanged@138 (line 119)
  0x000001f657258abc: 20bd 3b07 | e9e2 e0ff 

  0x000001f657258ac4: ;   {metadata({method} {0x000001f60016ae60} 'toString' '()Ljava/lang/String;' in 'java/lang/StringBuilder')}
  0x000001f657258ac4: ff49 ba58 | ae16 00f6 | 0100 004c | 8954 2408 | 48c7 0424 | ffff ffff 

  0x000001f657258adc: ;   {runtime_call counter_overflow Runtime1 stub}
  0x000001f657258adc: e8ff bc3b 

  0x000001f657258ae0: ; ImmutableOopMap {[168]=Oop [176]=Oop [184]=Oop [208]=Oop [224]=Oop [232]=Oop }
                      ;*synchronization entry
                      ; - java.lang.StringBuilder::toString@-1 (line 474)
                      ; - org.eclipse.osgi.internal.serviceregistry.FilteredServiceListener::getObjectClassFilterString@25 (line 239)
                      ; - org.eclipse.osgi.internal.serviceregistry.FilteredServiceListener::getFilter@19 (line 205)
                      ; - org.eclipse.osgi.internal.serviceregistry.FilteredServiceListener::serviceChanged@138 (line 119)
  0x000001f657258ae0: 07e9 3fe1 

  0x000001f657258ae4: ;   {metadata({method} {0x000001f60016aeb8} 'length' '()I' in 'java/lang/StringBuilder')}
  0x000001f657258ae4: ffff 49ba | b0ae 1600 | f601 0000 | 4c89 5424 | 0848 c704 | 24ff ffff 

  0x000001f657258afc: ;   {runtime_call counter_overflow Runtime1 stub}
  0x000001f657258afc: ffe8 debc 

  0x000001f657258b00: ; ImmutableOopMap {[168]=Oop [176]=Oop [184]=Oop [208]=Oop [224]=Oop [232]=Oop }
                      ;*synchronization entry
                      ; - java.lang.StringBuilder::length@-1 (line 91)
                      ; - java.lang.StringBuilder::toString@1 (line 474)
                      ; - org.eclipse.osgi.internal.serviceregistry.FilteredServiceListener::getObjectClassFilterString@25 (line 239)
                      ; - org.eclipse.osgi.internal.serviceregistry.FilteredServiceListener::getFilter@19 (line 205)
                      ; - org.eclipse.osgi.internal.serviceregistry.FilteredServiceListener::serviceChanged@138 (line 119)
  0x000001f657258b00: 3b07 e95f | e1ff ff48 

  0x000001f657258b08: ;   {runtime_call fast_new_instance Runtime1 stub}
  0x000001f657258b08: 8bd2 e8d1 

  0x000001f657258b0c: ; ImmutableOopMap {r8=Oop [168]=Oop [176]=Oop [184]=Oop [208]=Oop [224]=Oop }
                      ;*new {reexecute=0 rethrow=0 return_oop=0}
                      ; - java.lang.StringBuilder::toString@10 (line 478)
                      ; - org.eclipse.osgi.internal.serviceregistry.FilteredServiceListener::getObjectClassFilterString@25 (line 239)
                      ; - org.eclipse.osgi.internal.serviceregistry.FilteredServiceListener::getFilter@19 (line 205)
                      ; - org.eclipse.osgi.internal.serviceregistry.FilteredServiceListener::serviceChanged@138 (line 119)
  0x000001f657258b0c: 593b 07e9 | 01e2 ffff 

  0x000001f657258b14: ;   {metadata({method} {0x000001f600492840} 'append' '(Ljava/lang/String;)Ljava/lang/StringBuilder;' in 'java/lang/StringBuilder')}
  0x000001f657258b14: 49ba 3828 | 4900 f601 | 0000 4c89 | 5424 0848 | c704 24ff 

  0x000001f657258b28: ;   {runtime_call counter_overflow Runtime1 stub}
  0x000001f657258b28: ffff ffe8 

  0x000001f657258b2c: ; ImmutableOopMap {rax=Oop [168]=Oop [176]=Oop [184]=Oop [208]=Oop [224]=Oop }
                      ;*synchronization entry
                      ; - java.lang.StringBuilder::append@-1 (line 179)
                      ; - org.eclipse.osgi.internal.serviceregistry.FilteredServiceListener::serviceChanged@141 (line 119)
  0x000001f657258b2c: b0bc 3b07 | e965 e2ff 

  0x000001f657258b34: ;   {metadata({method} {0x000001f600492840} 'append' '(Ljava/lang/String;)Ljava/lang/StringBuilder;' in 'java/lang/StringBuilder')}
  0x000001f657258b34: ff49 ba38 | 2849 00f6 | 0100 004c | 8954 2408 | 48c7 0424 | ffff ffff 

  0x000001f657258b4c: ;   {runtime_call counter_overflow Runtime1 stub}
  0x000001f657258b4c: e88f bc3b 

  0x000001f657258b50: ; ImmutableOopMap {[168]=Oop [176]=Oop [184]=Oop [208]=Oop [224]=Oop }
                      ;*synchronization entry
                      ; - java.lang.StringBuilder::append@-1 (line 179)
                      ; - org.eclipse.osgi.internal.serviceregistry.FilteredServiceListener::serviceChanged@146 (line 119)
  0x000001f657258b50: 07e9 b9e2 

  0x000001f657258b54: ;   {runtime_call throw_null_pointer_exception Runtime1 stub}
  0x000001f657258b54: ffff e885 

  0x000001f657258b58: ; ImmutableOopMap {rsi=Oop [168]=Oop [176]=Oop [184]=Oop [208]=Oop [224]=Oop }
                      ;*invokevirtual getRegistration {reexecute=0 rethrow=0 return_oop=0}
                      ; - org.eclipse.osgi.internal.serviceregistry.FilteredServiceListener::serviceChanged@150 (line 120)
                      ;   {runtime_call throw_null_pointer_exception Runtime1 stub}
  0x000001f657258b58: 503b 07e8 

  0x000001f657258b5c: ; ImmutableOopMap {rsi=Oop rdx=Oop [168]=Oop [176]=Oop [184]=Oop [208]=Oop [224]=Oop }
                      ;*invokevirtual getProperties {reexecute=0 rethrow=0 return_oop=0}
                      ; - org.eclipse.osgi.internal.serviceregistry.FilteredServiceListener::serviceChanged@153 (line 120)
  0x000001f657258b5c: 8050 3b07 

  0x000001f657258b60: ;   {metadata({method} {0x000001f64364d370} 'getProperties' '()Ljava/util/Map;' in 'org/eclipse/osgi/internal/serviceregistry/ServiceRegistrationImpl')}
  0x000001f657258b60: 49ba 68d3 | 6443 f601 | 0000 4c89 | 5424 0848 | c704 24ff 

  0x000001f657258b74: ;   {runtime_call counter_overflow Runtime1 stub}
  0x000001f657258b74: ffff ffe8 

  0x000001f657258b78: ; ImmutableOopMap {rsi=Oop rdx=Oop [168]=Oop [176]=Oop [184]=Oop [208]=Oop [224]=Oop }
                      ;*synchronization entry
                      ; - org.eclipse.osgi.internal.serviceregistry.ServiceRegistrationImpl::getProperties@-1 (line 397)
                      ; - org.eclipse.osgi.internal.serviceregistry.FilteredServiceListener::serviceChanged@153 (line 120)
  0x000001f657258b78: 64bc 3b07 | e9bc e3ff 

  0x000001f657258b80: ;   {runtime_call throw_null_pointer_exception Runtime1 stub}
  0x000001f657258b80: ffe8 5a50 

  0x000001f657258b84: ; ImmutableOopMap {rsi=Oop rdx=Oop rdi=Oop [168]=Oop [176]=Oop [184]=Oop [208]=Oop [224]=Oop }
                      ;*monitorenter {reexecute=0 rethrow=0 return_oop=0}
                      ; - org.eclipse.osgi.internal.serviceregistry.ServiceRegistrationImpl::getProperties@6 (line 397)
                      ; - org.eclipse.osgi.internal.serviceregistry.FilteredServiceListener::serviceChanged@153 (line 120)
  0x000001f657258b84: 3b07 4889 | 7c24 0848 

  0x000001f657258b8c: ;   {runtime_call monitorenter_nofpu Runtime1 stub}
  0x000001f657258b8c: 891c 24e8 

  0x000001f657258b90: ; ImmutableOopMap {rsi=Oop rdx=Oop rdi=Oop [168]=Oop [176]=Oop [184]=Oop [208]=Oop [224]=Oop [344]=Oop }
                      ;*monitorenter {reexecute=0 rethrow=0 return_oop=0}
                      ; - org.eclipse.osgi.internal.serviceregistry.ServiceRegistrationImpl::getProperties@6 (line 397)
                      ; - org.eclipse.osgi.internal.serviceregistry.FilteredServiceListener::serviceChanged@153 (line 120)
  0x000001f657258b90: 4c98 3b07 | e90e e4ff | ff48 8d84 | 2450 0100 | 0048 8904 

  0x000001f657258ba4: ;   {runtime_call monitorexit_nofpu Runtime1 stub}
  0x000001f657258ba4: 24e8 36a1 | 3b07 e95d 

  0x000001f657258bac: ;   {metadata({method} {0x000001f600492898} 'append' '(Ljava/lang/Object;)Ljava/lang/StringBuilder;' in 'java/lang/StringBuilder')}
  0x000001f657258bac: e4ff ff49 | ba90 2849 | 00f6 0100 | 004c 8954 | 2408 48c7 | 0424 ffff 

  0x000001f657258bc4: ;   {runtime_call counter_overflow Runtime1 stub}
  0x000001f657258bc4: ffff e815 

  0x000001f657258bc8: ; ImmutableOopMap {rsi=Oop rdx=Oop [168]=Oop [176]=Oop [184]=Oop [208]=Oop [224]=Oop }
                      ;*synchronization entry
                      ; - java.lang.StringBuilder::append@-1 (line 173)
                      ; - org.eclipse.osgi.internal.serviceregistry.FilteredServiceListener::serviceChanged@156 (line 120)
  0x000001f657258bc8: bc3b 07e9 | 7de4 ffff 

  0x000001f657258bd0: ;   {metadata({method} {0x000001f60048d080} 'valueOf' '(Ljava/lang/Object;)Ljava/lang/String;' in 'java/lang/String')}
  0x000001f657258bd0: 49ba 78d0 | 4800 f601 | 0000 4c89 | 5424 0848 | c704 24ff 

  0x000001f657258be4: ;   {runtime_call counter_overflow Runtime1 stub}
  0x000001f657258be4: ffff ffe8 

  0x000001f657258be8: ; ImmutableOopMap {rsi=Oop rdx=Oop [168]=Oop [176]=Oop [184]=Oop [208]=Oop [224]=Oop }
                      ;*synchronization entry
                      ; - java.lang.String::valueOf@-1 (line 4556)
                      ; - java.lang.StringBuilder::append@2 (line 173)
                      ; - org.eclipse.osgi.internal.serviceregistry.FilteredServiceListener::serviceChanged@156 (line 120)
  0x000001f657258be8: f4bb 3b07 | e995 e4ff 

  0x000001f657258bf0: ;   {runtime_call throw_null_pointer_exception Runtime1 stub}
  0x000001f657258bf0: ffe8 ea4f 

  0x000001f657258bf4: ; ImmutableOopMap {rdx=Oop [168]=Oop [176]=Oop [184]=Oop [208]=Oop [224]=Oop }
                      ;*invokevirtual toString {reexecute=0 rethrow=0 return_oop=0}
                      ; - java.lang.String::valueOf@11 (line 4556)
                      ; - java.lang.StringBuilder::append@2 (line 173)
                      ; - org.eclipse.osgi.internal.serviceregistry.FilteredServiceListener::serviceChanged@156 (line 120)
                      ;   {metadata({method} {0x000001f600492840} 'append' '(Ljava/lang/String;)Ljava/lang/StringBuilder;' in 'java/lang/StringBuilder')}
  0x000001f657258bf4: 3b07 49ba | 3828 4900 | f601 0000 | 4c89 5424 | 0848 c704 | 24ff ffff 

  0x000001f657258c0c: ;   {runtime_call counter_overflow Runtime1 stub}
  0x000001f657258c0c: ffe8 cebb 

  0x000001f657258c10: ; ImmutableOopMap {rdi=Oop [168]=Oop [176]=Oop [184]=Oop [208]=Oop [224]=Oop }
                      ;*synchronization entry
                      ; - java.lang.StringBuilder::append@-1 (line 179)
                      ; - java.lang.StringBuilder::append@5 (line 173)
                      ; - org.eclipse.osgi.internal.serviceregistry.FilteredServiceListener::serviceChanged@156 (line 120)
  0x000001f657258c10: 3b07 e9b3 

  0x000001f657258c14: ;   {metadata({method} {0x000001f600492840} 'append' '(Ljava/lang/String;)Ljava/lang/StringBuilder;' in 'java/lang/StringBuilder')}
  0x000001f657258c14: e5ff ff49 | ba38 2849 | 00f6 0100 | 004c 8954 | 2408 48c7 | 0424 ffff 

  0x000001f657258c2c: ;   {runtime_call counter_overflow Runtime1 stub}
  0x000001f657258c2c: ffff e8ad 

  0x000001f657258c30: ; ImmutableOopMap {rax=Oop [168]=Oop [176]=Oop [184]=Oop [208]=Oop [224]=Oop }
                      ;*synchronization entry
                      ; - java.lang.StringBuilder::append@-1 (line 179)
                      ; - org.eclipse.osgi.internal.serviceregistry.FilteredServiceListener::serviceChanged@161 (line 120)
  0x000001f657258c30: bb3b 07e9 | 0ae6 ffff 

  0x000001f657258c38: ;   {metadata({method} {0x000001f60016ae60} 'toString' '()Ljava/lang/String;' in 'java/lang/StringBuilder')}
  0x000001f657258c38: 49ba 58ae | 1600 f601 | 0000 4c89 | 5424 0848 | c704 24ff 

  0x000001f657258c4c: ;   {runtime_call counter_overflow Runtime1 stub}
  0x000001f657258c4c: ffff ffe8 

  0x000001f657258c50: ; ImmutableOopMap {[168]=Oop [176]=Oop [184]=Oop [208]=Oop [224]=Oop }
                      ;*synchronization entry
                      ; - java.lang.StringBuilder::toString@-1 (line 474)
                      ; - org.eclipse.osgi.internal.serviceregistry.FilteredServiceListener::serviceChanged@164 (line 120)
  0x000001f657258c50: 8cbb 3b07 | e95c e6ff 

  0x000001f657258c58: ;   {metadata({method} {0x000001f60016aeb8} 'length' '()I' in 'java/lang/StringBuilder')}
  0x000001f657258c58: ff49 bab0 | ae16 00f6 | 0100 004c | 8954 2408 | 48c7 0424 | ffff ffff 

  0x000001f657258c70: ;   {runtime_call counter_overflow Runtime1 stub}
  0x000001f657258c70: e86b bb3b 

  0x000001f657258c74: ; ImmutableOopMap {[168]=Oop [176]=Oop [184]=Oop [208]=Oop [224]=Oop }
                      ;*synchronization entry
                      ; - java.lang.StringBuilder::length@-1 (line 91)
                      ; - java.lang.StringBuilder::toString@1 (line 474)
                      ; - org.eclipse.osgi.internal.serviceregistry.FilteredServiceListener::serviceChanged@164 (line 120)
  0x000001f657258c74: 07e9 7ce6 | ffff 488b 

  0x000001f657258c7c: ;   {runtime_call fast_new_instance Runtime1 stub}
  0x000001f657258c7c: d2e8 5e58 

  0x000001f657258c80: ; ImmutableOopMap {r8=Oop [168]=Oop [176]=Oop [184]=Oop [208]=Oop [224]=Oop }
                      ;*new {reexecute=0 rethrow=0 return_oop=0}
                      ; - java.lang.StringBuilder::toString@10 (line 478)
                      ; - org.eclipse.osgi.internal.serviceregistry.FilteredServiceListener::serviceChanged@164 (line 120)
  0x000001f657258c80: 3b07 e91e 

  0x000001f657258c84: ;   {runtime_call throw_null_pointer_exception Runtime1 stub}
  0x000001f657258c84: e7ff ffe8 

  0x000001f657258c88: ; ImmutableOopMap {rsi=Oop r9=Oop [168]=Oop [176]=Oop [184]=Oop }
                      ;*invokevirtual trace {reexecute=0 rethrow=0 return_oop=0}
                      ; - org.eclipse.osgi.internal.serviceregistry.FilteredServiceListener::serviceChanged@167 (line 119)
  0x000001f657258c88: 544f 3b07 

  0x000001f657258c8c: ;   {metadata({method} {0x000001f6434cb398} 'trace' '(Ljava/lang/String;Ljava/lang/String;)V' in 'org/eclipse/osgi/internal/debug/Debug')}
  0x000001f657258c8c: 49ba 90b3 | 4c43 f601 | 0000 4c89 | 5424 0848 | c704 24ff 

  0x000001f657258ca0: ;   {runtime_call counter_overflow Runtime1 stub}
  0x000001f657258ca0: ffff ffe8 

  0x000001f657258ca4: ; ImmutableOopMap {rsi=Oop r9=Oop [168]=Oop [176]=Oop [184]=Oop }
                      ;*synchronization entry
                      ; - org.eclipse.osgi.internal.debug.Debug::trace@-1 (line 221)
                      ; - org.eclipse.osgi.internal.serviceregistry.FilteredServiceListener::serviceChanged@167 (line 119)
  0x000001f657258ca4: 38bb 3b07 | e991 e7ff 

  0x000001f657258cac: ;   {runtime_call throw_incompatible_class_change_error Runtime1 stub}
  0x000001f657258cac: ffe8 2e8e 

  0x000001f657258cb0: ; ImmutableOopMap {rdx=Oop [168]=Oop [176]=Oop [184]=Oop [264]=Oop }
                      ;*invokeinterface getLogger {reexecute=0 rethrow=0 return_oop=0}
                      ; - org.eclipse.osgi.internal.debug.Debug::trace@11 (line 230)
                      ; - org.eclipse.osgi.internal.serviceregistry.FilteredServiceListener::serviceChanged@167 (line 119)
                      ;   {runtime_call throw_null_pointer_exception Runtime1 stub}
  0x000001f657258cb0: 3b07 e829 

  0x000001f657258cb4: ; ImmutableOopMap {rdx=Oop [168]=Oop [176]=Oop [184]=Oop [264]=Oop }
                      ;*invokeinterface getLogger {reexecute=0 rethrow=0 return_oop=0}
                      ; - org.eclipse.osgi.internal.debug.Debug::trace@11 (line 230)
                      ; - org.eclipse.osgi.internal.serviceregistry.FilteredServiceListener::serviceChanged@167 (line 119)
                      ;   {metadata({method} {0x000001f6434f1300} 'getLogger' '(Ljava/lang/String;)Lorg/osgi/service/log/Logger;' in 'org/eclipse/osgi/internal/log/ExtendedLogServiceImpl')}
  0x000001f657258cb4: 4f3b 0749 | baf8 124f | 43f6 0100 | 004c 8954 | 2408 48c7 | 0424 ffff 

  0x000001f657258ccc: ;   {runtime_call counter_overflow Runtime1 stub}
  0x000001f657258ccc: ffff e80d 

  0x000001f657258cd0: ; ImmutableOopMap {rdx=Oop [168]=Oop [176]=Oop [184]=Oop [264]=Oop }
                      ;*synchronization entry
                      ; - org.eclipse.osgi.internal.log.ExtendedLogServiceImpl::getLogger@-1 (line 1)
                      ; - org.eclipse.osgi.internal.debug.Debug::trace@11 (line 230)
                      ; - org.eclipse.osgi.internal.serviceregistry.FilteredServiceListener::serviceChanged@167 (line 119)
  0x000001f657258cd0: bb3b 07e9 | 29e8 ffff 

  0x000001f657258cd8: ;   {metadata({method} {0x000001f6434eeb88} 'getLogger' '(Ljava/lang/String;)Lorg/eclipse/equinox/log/Logger;' in 'org/eclipse/osgi/internal/log/ExtendedLogServiceImpl')}
  0x000001f657258cd8: 49ba 80eb | 4e43 f601 | 0000 4c89 | 5424 0848 | c704 24ff 

  0x000001f657258cec: ;   {runtime_call counter_overflow Runtime1 stub}
  0x000001f657258cec: ffff ffe8 

  0x000001f657258cf0: ; ImmutableOopMap {rdx=Oop [168]=Oop [176]=Oop [184]=Oop [264]=Oop }
                      ;*synchronization entry
                      ; - org.eclipse.osgi.internal.log.ExtendedLogServiceImpl::getLogger@-1 (line 73)
                      ; - org.eclipse.osgi.internal.log.ExtendedLogServiceImpl::getLogger@2 (line 1)
                      ; - org.eclipse.osgi.internal.debug.Debug::trace@11 (line 230)
                      ; - org.eclipse.osgi.internal.serviceregistry.FilteredServiceListener::serviceChanged@167 (line 119)
  0x000001f657258cf0: ecba 3b07 | e95a e8ff | ff48 8904 

  0x000001f657258cfc: ;   {runtime_call throw_class_cast_exception Runtime1 stub}
  0x000001f657258cfc: 24e8 de8a 

  0x000001f657258d00: ; ImmutableOopMap {[168]=Oop [176]=Oop [184]=Oop [264]=Oop }
                      ;*checkcast {reexecute=0 rethrow=0 return_oop=0}
                      ; - org.eclipse.osgi.internal.log.ExtendedLogServiceImpl::getLogger@7 (line 73)
                      ; - org.eclipse.osgi.internal.log.ExtendedLogServiceImpl::getLogger@2 (line 1)
                      ; - org.eclipse.osgi.internal.debug.Debug::trace@11 (line 230)
                      ; - org.eclipse.osgi.internal.serviceregistry.FilteredServiceListener::serviceChanged@167 (line 119)
                      ;   {runtime_call throw_null_pointer_exception Runtime1 stub}
  0x000001f657258d00: 3b07 e8d9 

  0x000001f657258d04: ; ImmutableOopMap {rdx=Oop [168]=Oop [176]=Oop [184]=Oop [264]=Oop }
                      ;*invokeinterface trace {reexecute=0 rethrow=0 return_oop=0}
                      ; - org.eclipse.osgi.internal.debug.Debug::trace@17 (line 230)
                      ; - org.eclipse.osgi.internal.serviceregistry.FilteredServiceListener::serviceChanged@167 (line 119)
                      ;   {runtime_call throw_null_pointer_exception Runtime1 stub}
  0x000001f657258d04: 4e3b 07e8 

  0x000001f657258d08: ; ImmutableOopMap {rsi=Oop rdx=Oop [168]=Oop [176]=Oop [184]=Oop }
                      ;*invokevirtual println {reexecute=0 rethrow=0 return_oop=0}
                      ; - org.eclipse.osgi.internal.debug.Debug::trace@29 (line 232)
                      ; - org.eclipse.osgi.internal.serviceregistry.FilteredServiceListener::serviceChanged@167 (line 119)
  0x000001f657258d08: d44e 3b07 

  0x000001f657258d0c: ;   {runtime_call throw_null_pointer_exception Runtime1 stub}
  0x000001f657258d0c: e8cf 4e3b 

  0x000001f657258d10: ; ImmutableOopMap {rdx=Oop [168]=Oop [272]=Oop }
                      ;*getfield DEBUG_EVENTS {reexecute=1 rethrow=0 return_oop=0}
                      ; - (reexecute) org.eclipse.osgi.internal.serviceregistry.FilteredServiceListener::serviceChanged@207 (line 128)
                      ;   {metadata(nullptr)}
  0x000001f657258d10: 0748 ba00 | 0000 0000 | 0000 00b8 | 000f 050a 

  0x000001f657258d20: ;   {runtime_call load_klass_patching Runtime1 stub}
  0x000001f657258d20: e83b aa3b 

  0x000001f657258d24: ; ImmutableOopMap {rbx=Oop [168]=Oop [272]=Oop }
                      ;*new {reexecute=1 rethrow=0 return_oop=0}
                      ; - (reexecute) org.eclipse.osgi.internal.serviceregistry.FilteredServiceListener::serviceChanged@213 (line 129)
  0x000001f657258d24: 07e9 c6eb | ffff 488b 

  0x000001f657258d2c: ;   {runtime_call fast_new_instance Runtime1 stub}
  0x000001f657258d2c: d2e8 ae57 

  0x000001f657258d30: ; ImmutableOopMap {rbx=Oop [168]=Oop [272]=Oop }
                      ;*new {reexecute=0 rethrow=0 return_oop=0}
                      ; - org.eclipse.osgi.internal.serviceregistry.FilteredServiceListener::serviceChanged@213 (line 129)
  0x000001f657258d30: 3b07 e909 

  0x000001f657258d34: ;   {runtime_call throw_null_pointer_exception Runtime1 stub}
  0x000001f657258d34: ecff ffe8 

  0x000001f657258d38: ; ImmutableOopMap {rbx=Oop rax=Oop rdx=Oop [168]=Oop [272]=Oop [280]=Oop }
                      ;*invokevirtual getClass {reexecute=0 rethrow=0 return_oop=0}
                      ; - org.eclipse.osgi.internal.serviceregistry.FilteredServiceListener::serviceChanged@221 (line 129)
  0x000001f657258d38: a44e 3b07 

  0x000001f657258d3c: ;   {runtime_call throw_null_pointer_exception Runtime1 stub}
  0x000001f657258d3c: e89f 4e3b 

  0x000001f657258d40: ; ImmutableOopMap {rbx=Oop rax=Oop rdx=Oop [168]=Oop [272]=Oop [280]=Oop }
                      ;*invokevirtual getName {reexecute=0 rethrow=0 return_oop=0}
                      ; - org.eclipse.osgi.internal.serviceregistry.FilteredServiceListener::serviceChanged@224 (line 129)
                      ;   {metadata({method} {0x000001f6004987e0} 'getName' '()Ljava/lang/String;' in 'java/lang/Class')}
  0x000001f657258d40: 0749 bad8 | 8749 00f6 | 0100 004c | 8954 2408 | 48c7 0424 | ffff ffff 

  0x000001f657258d58: ;   {runtime_call counter_overflow Runtime1 stub}
  0x000001f657258d58: e883 ba3b 

  0x000001f657258d5c: ; ImmutableOopMap {rbx=Oop rax=Oop rdx=Oop [168]=Oop [272]=Oop [280]=Oop }
                      ;*synchronization entry
                      ; - java.lang.Class::getName@-1 (line 1036)
                      ; - org.eclipse.osgi.internal.serviceregistry.FilteredServiceListener::serviceChanged@224 (line 129)
  0x000001f657258d5c: 07e9 57ec 

  0x000001f657258d60: ;   {metadata({method} {0x000001f60048d080} 'valueOf' '(Ljava/lang/Object;)Ljava/lang/String;' in 'java/lang/String')}
  0x000001f657258d60: ffff 49ba | 78d0 4800 | f601 0000 | 4c89 5424 | 0848 c704 | 24ff ffff 

  0x000001f657258d78: ;   {runtime_call counter_overflow Runtime1 stub}
  0x000001f657258d78: ffe8 62ba 

  0x000001f657258d7c: ; ImmutableOopMap {rsi=Oop [168]=Oop [272]=Oop [280]=Oop }
                      ;*synchronization entry
                      ; - java.lang.String::valueOf@-1 (line 4556)
                      ; - org.eclipse.osgi.internal.serviceregistry.FilteredServiceListener::serviceChanged@227 (line 129)
  0x000001f657258d7c: 3b07 e9dd 

  0x000001f657258d80: ;   {runtime_call throw_null_pointer_exception Runtime1 stub}
  0x000001f657258d80: ecff ffe8 

  0x000001f657258d84: ; ImmutableOopMap {rsi=Oop [168]=Oop [272]=Oop [280]=Oop }
                      ;*invokevirtual toString {reexecute=0 rethrow=0 return_oop=0}
                      ; - java.lang.String::valueOf@11 (line 4556)
                      ; - org.eclipse.osgi.internal.serviceregistry.FilteredServiceListener::serviceChanged@227 (line 129)
  0x000001f657258d84: 584e 3b07 

  0x000001f657258d88: ;   {metadata({method} {0x000001f600492b00} '<init>' '(Ljava/lang/String;)V' in 'java/lang/StringBuilder')}
  0x000001f657258d88: 49ba f82a | 4900 f601 | 0000 4c89 | 5424 0848 | c704 24ff 

  0x000001f657258d9c: ;   {runtime_call counter_overflow Runtime1 stub}
  0x000001f657258d9c: ffff ffe8 

  0x000001f657258da0: ; ImmutableOopMap {rsi=Oop rax=Oop [168]=Oop [272]=Oop [280]=Oop }
                      ;*synchronization entry
                      ; - java.lang.StringBuilder::<init>@-1 (line 131)
                      ; - org.eclipse.osgi.internal.serviceregistry.FilteredServiceListener::serviceChanged@230 (line 129)
  0x000001f657258da0: 3cba 3b07 | e9fc edff 

  0x000001f657258da8: ;   {metadata({method} {0x000001f600492840} 'append' '(Ljava/lang/String;)Ljava/lang/StringBuilder;' in 'java/lang/StringBuilder')}
  0x000001f657258da8: ff49 ba38 | 2849 00f6 | 0100 004c | 8954 2408 | 48c7 0424 | ffff ffff 

  0x000001f657258dc0: ;   {runtime_call counter_overflow Runtime1 stub}
  0x000001f657258dc0: e81b ba3b 

  0x000001f657258dc4: ; ImmutableOopMap {[168]=Oop [272]=Oop [280]=Oop }
                      ;*synchronization entry
                      ; - java.lang.StringBuilder::append@-1 (line 179)
                      ; - org.eclipse.osgi.internal.serviceregistry.FilteredServiceListener::serviceChanged@235 (line 129)
  0x000001f657258dc4: 07e9 4dee 

  0x000001f657258dc8: ;   {metadata({method} {0x000001f600470478} 'toHexString' '(I)Ljava/lang/String;' in 'java/lang/Integer')}
  0x000001f657258dc8: ffff 49ba | 7004 4700 | f601 0000 | 4c89 5424 | 0848 c704 | 24ff ffff 

  0x000001f657258de0: ;   {runtime_call counter_overflow Runtime1 stub}
  0x000001f657258de0: ffe8 fab9 

  0x000001f657258de4: ; ImmutableOopMap {[168]=Oop [272]=Oop [280]=Oop }
                      ;*synchronization entry
                      ; - java.lang.Integer::toHexString@-1 (line 287)
                      ; - org.eclipse.osgi.internal.serviceregistry.FilteredServiceListener::serviceChanged@245 (line 130)
  0x000001f657258de4: 3b07 e9d7 

  0x000001f657258de8: ;   {metadata({method} {0x000001f600492840} 'append' '(Ljava/lang/String;)Ljava/lang/StringBuilder;' in 'java/lang/StringBuilder')}
  0x000001f657258de8: eeff ff49 | ba38 2849 | 00f6 0100 | 004c 8954 | 2408 48c7 | 0424 ffff 

  0x000001f657258e00: ;   {runtime_call counter_overflow Runtime1 stub}
  0x000001f657258e00: ffff e8d9 

  0x000001f657258e04: ; ImmutableOopMap {rax=Oop [168]=Oop [272]=Oop [280]=Oop }
                      ;*synchronization entry
                      ; - java.lang.StringBuilder::append@-1 (line 179)
                      ; - org.eclipse.osgi.internal.serviceregistry.FilteredServiceListener::serviceChanged@248 (line 130)
  0x000001f657258e04: b93b 07e9 | 23ef ffff 

  0x000001f657258e0c: ;   {metadata({method} {0x000001f60016ae60} 'toString' '()Ljava/lang/String;' in 'java/lang/StringBuilder')}
  0x000001f657258e0c: 49ba 58ae | 1600 f601 | 0000 4c89 | 5424 0848 | c704 24ff 

  0x000001f657258e20: ;   {runtime_call counter_overflow Runtime1 stub}
  0x000001f657258e20: ffff ffe8 

  0x000001f657258e24: ; ImmutableOopMap {[168]=Oop [272]=Oop [280]=Oop }
                      ;*synchronization entry
                      ; - java.lang.StringBuilder::toString@-1 (line 474)
                      ; - org.eclipse.osgi.internal.serviceregistry.FilteredServiceListener::serviceChanged@251 (line 129)
  0x000001f657258e24: b8b9 3b07 | e978 efff 

  0x000001f657258e2c: ;   {metadata({method} {0x000001f60016aeb8} 'length' '()I' in 'java/lang/StringBuilder')}
  0x000001f657258e2c: ff49 bab0 | ae16 00f6 | 0100 004c | 8954 2408 | 48c7 0424 | ffff ffff 

  0x000001f657258e44: ;   {runtime_call counter_overflow Runtime1 stub}
  0x000001f657258e44: e897 b93b 

  0x000001f657258e48: ; ImmutableOopMap {[168]=Oop [272]=Oop [280]=Oop }
                      ;*synchronization entry
                      ; - java.lang.StringBuilder::length@-1 (line 91)
                      ; - java.lang.StringBuilder::toString@1 (line 474)
                      ; - org.eclipse.osgi.internal.serviceregistry.FilteredServiceListener::serviceChanged@251 (line 129)
  0x000001f657258e48: 07e9 98ef | ffff 488b 

  0x000001f657258e50: ;   {runtime_call fast_new_instance Runtime1 stub}
  0x000001f657258e50: d2e8 8a56 

  0x000001f657258e54: ; ImmutableOopMap {r8=Oop [168]=Oop [272]=Oop [280]=Oop }
                      ;*new {reexecute=0 rethrow=0 return_oop=0}
                      ; - java.lang.StringBuilder::toString@10 (line 478)
                      ; - org.eclipse.osgi.internal.serviceregistry.FilteredServiceListener::serviceChanged@251 (line 129)
  0x000001f657258e54: 3b07 e93a 

  0x000001f657258e58: ;   {metadata(nullptr)}
  0x000001f657258e58: f0ff ff48 | ba00 0000 | 0000 0000 | 00b8 000f 

  0x000001f657258e68: ;   {runtime_call load_klass_patching Runtime1 stub}
  0x000001f657258e68: 050a e8f1 

  0x000001f657258e6c: ; ImmutableOopMap {r9=Oop [168]=Oop [272]=Oop [304]=Oop }
                      ;*new {reexecute=1 rethrow=0 return_oop=0}
                      ; - (reexecute) org.eclipse.osgi.internal.serviceregistry.FilteredServiceListener::serviceChanged@261 (line 131)
  0x000001f657258e6c: a83b 07e9 | 74f0 ffff 

  0x000001f657258e74: ;   {runtime_call fast_new_instance Runtime1 stub}
  0x000001f657258e74: 488b d2e8 

  0x000001f657258e78: ; ImmutableOopMap {r9=Oop [168]=Oop [272]=Oop [304]=Oop }
                      ;*new {reexecute=0 rethrow=0 return_oop=0}
                      ; - org.eclipse.osgi.internal.serviceregistry.FilteredServiceListener::serviceChanged@261 (line 131)
  0x000001f657258e78: 6456 3b07 | e9b7 f0ff 

  0x000001f657258e80: ;   {metadata({method} {0x000001f600492b00} '<init>' '(Ljava/lang/String;)V' in 'java/lang/StringBuilder')}
  0x000001f657258e80: ff49 baf8 | 2a49 00f6 | 0100 004c | 8954 2408 | 48c7 0424 | ffff ffff 

  0x000001f657258e98: ;   {runtime_call counter_overflow Runtime1 stub}
  0x000001f657258e98: e843 b93b 

  0x000001f657258e9c: ; ImmutableOopMap {r9=Oop rax=Oop [168]=Oop [272]=Oop [304]=Oop }
                      ;*synchronization entry
                      ; - java.lang.StringBuilder::<init>@-1 (line 131)
                      ; - org.eclipse.osgi.internal.serviceregistry.FilteredServiceListener::serviceChanged@267 (line 131)
  0x000001f657258e9c: 07e9 d4f0 

  0x000001f657258ea0: ;   {metadata({method} {0x000001f600492840} 'append' '(Ljava/lang/String;)Ljava/lang/StringBuilder;' in 'java/lang/StringBuilder')}
  0x000001f657258ea0: ffff 49ba | 3828 4900 | f601 0000 | 4c89 5424 | 0848 c704 | 24ff ffff 

  0x000001f657258eb8: ;   {runtime_call counter_overflow Runtime1 stub}
  0x000001f657258eb8: ffe8 22b9 

  0x000001f657258ebc: ; ImmutableOopMap {[168]=Oop [272]=Oop [296]=Oop [304]=Oop [312]=Oop }
                      ;*synchronization entry
                      ; - java.lang.StringBuilder::append@-1 (line 179)
                      ; - org.eclipse.osgi.internal.serviceregistry.FilteredServiceListener::serviceChanged@271 (line 131)
  0x000001f657258ebc: 3b07 e93c 

  0x000001f657258ec0: ;   {metadata({method} {0x000001f600492840} 'append' '(Ljava/lang/String;)Ljava/lang/StringBuilder;' in 'java/lang/StringBuilder')}
  0x000001f657258ec0: f1ff ff49 | ba38 2849 | 00f6 0100 | 004c 8954 | 2408 48c7 | 0424 ffff 

  0x000001f657258ed8: ;   {runtime_call counter_overflow Runtime1 stub}
  0x000001f657258ed8: ffff e801 

  0x000001f657258edc: ; ImmutableOopMap {[168]=Oop [272]=Oop [296]=Oop [312]=Oop }
                      ;*synchronization entry
                      ; - java.lang.StringBuilder::append@-1 (line 179)
                      ; - org.eclipse.osgi.internal.serviceregistry.FilteredServiceListener::serviceChanged@276 (line 131)
  0x000001f657258edc: b93b 07e9 | 9bf1 ffff 

  0x000001f657258ee4: ;   {metadata({method} {0x000001f60016ae60} 'toString' '()Ljava/lang/String;' in 'java/lang/StringBuilder')}
  0x000001f657258ee4: 49ba 58ae | 1600 f601 | 0000 4c89 | 5424 0848 | c704 24ff 

  0x000001f657258ef8: ;   {runtime_call counter_overflow Runtime1 stub}
  0x000001f657258ef8: ffff ffe8 

  0x000001f657258efc: ; ImmutableOopMap {[168]=Oop [272]=Oop [296]=Oop [312]=Oop }
                      ;*synchronization entry
                      ; - java.lang.StringBuilder::toString@-1 (line 474)
                      ; - org.eclipse.osgi.internal.serviceregistry.FilteredServiceListener::serviceChanged@279 (line 131)
  0x000001f657258efc: e0b8 3b07 | e9f8 f1ff 

  0x000001f657258f04: ;   {metadata({method} {0x000001f60016aeb8} 'length' '()I' in 'java/lang/StringBuilder')}
  0x000001f657258f04: ff49 bab0 | ae16 00f6 | 0100 004c | 8954 2408 | 48c7 0424 | ffff ffff 

  0x000001f657258f1c: ;   {runtime_call counter_overflow Runtime1 stub}
  0x000001f657258f1c: e8bf b83b 

  0x000001f657258f20: ; ImmutableOopMap {[168]=Oop [272]=Oop [296]=Oop [312]=Oop }
                      ;*synchronization entry
                      ; - java.lang.StringBuilder::length@-1 (line 91)
                      ; - java.lang.StringBuilder::toString@1 (line 474)
                      ; - org.eclipse.osgi.internal.serviceregistry.FilteredServiceListener::serviceChanged@279 (line 131)
  0x000001f657258f20: 07e9 18f2 | ffff 488b 

  0x000001f657258f28: ;   {runtime_call fast_new_instance Runtime1 stub}
  0x000001f657258f28: d2e8 b255 

  0x000001f657258f2c: ; ImmutableOopMap {r8=Oop [168]=Oop [272]=Oop [312]=Oop }
                      ;*new {reexecute=0 rethrow=0 return_oop=0}
                      ; - java.lang.StringBuilder::toString@10 (line 478)
                      ; - org.eclipse.osgi.internal.serviceregistry.FilteredServiceListener::serviceChanged@279 (line 131)
  0x000001f657258f2c: 3b07 e9ba 

  0x000001f657258f30: ;   {runtime_call throw_null_pointer_exception Runtime1 stub}
  0x000001f657258f30: f2ff ffe8 

  0x000001f657258f34: ; ImmutableOopMap {rsi=Oop r9=Oop [168]=Oop [272]=Oop }
                      ;*invokevirtual trace {reexecute=0 rethrow=0 return_oop=0}
                      ; - org.eclipse.osgi.internal.serviceregistry.FilteredServiceListener::serviceChanged@282 (line 131)
  0x000001f657258f34: a84c 3b07 

  0x000001f657258f38: ;   {metadata({method} {0x000001f6434cb398} 'trace' '(Ljava/lang/String;Ljava/lang/String;)V' in 'org/eclipse/osgi/internal/debug/Debug')}
  0x000001f657258f38: 49ba 90b3 | 4c43 f601 | 0000 4c89 | 5424 0848 | c704 24ff 

  0x000001f657258f4c: ;   {runtime_call counter_overflow Runtime1 stub}
  0x000001f657258f4c: ffff ffe8 

  0x000001f657258f50: ; ImmutableOopMap {rsi=Oop r9=Oop [168]=Oop [272]=Oop }
                      ;*synchronization entry
                      ; - org.eclipse.osgi.internal.debug.Debug::trace@-1 (line 221)
                      ; - org.eclipse.osgi.internal.serviceregistry.FilteredServiceListener::serviceChanged@282 (line 131)
  0x000001f657258f50: 8cb8 3b07 | e92d f3ff 

  0x000001f657258f58: ;   {runtime_call throw_incompatible_class_change_error Runtime1 stub}
  0x000001f657258f58: ffe8 828b 

  0x000001f657258f5c: ; ImmutableOopMap {rdx=Oop [168]=Oop [272]=Oop [328]=Oop }
                      ;*invokeinterface getLogger {reexecute=0 rethrow=0 return_oop=0}
                      ; - org.eclipse.osgi.internal.debug.Debug::trace@11 (line 230)
                      ; - org.eclipse.osgi.internal.serviceregistry.FilteredServiceListener::serviceChanged@282 (line 131)
                      ;   {runtime_call throw_null_pointer_exception Runtime1 stub}
  0x000001f657258f5c: 3b07 e87d 

  0x000001f657258f60: ; ImmutableOopMap {rdx=Oop [168]=Oop [272]=Oop [328]=Oop }
                      ;*invokeinterface getLogger {reexecute=0 rethrow=0 return_oop=0}
                      ; - org.eclipse.osgi.internal.debug.Debug::trace@11 (line 230)
                      ; - org.eclipse.osgi.internal.serviceregistry.FilteredServiceListener::serviceChanged@282 (line 131)
                      ;   {metadata({method} {0x000001f6434f1300} 'getLogger' '(Ljava/lang/String;)Lorg/osgi/service/log/Logger;' in 'org/eclipse/osgi/internal/log/ExtendedLogServiceImpl')}
  0x000001f657258f60: 4c3b 0749 | baf8 124f | 43f6 0100 | 004c 8954 | 2408 48c7 | 0424 ffff 

  0x000001f657258f78: ;   {runtime_call counter_overflow Runtime1 stub}
  0x000001f657258f78: ffff e861 

  0x000001f657258f7c: ; ImmutableOopMap {rdx=Oop [168]=Oop [272]=Oop [328]=Oop }
                      ;*synchronization entry
                      ; - org.eclipse.osgi.internal.log.ExtendedLogServiceImpl::getLogger@-1 (line 1)
                      ; - org.eclipse.osgi.internal.debug.Debug::trace@11 (line 230)
                      ; - org.eclipse.osgi.internal.serviceregistry.FilteredServiceListener::serviceChanged@282 (line 131)
  0x000001f657258f7c: b83b 07e9 | c5f3 ffff 

  0x000001f657258f84: ;   {metadata({method} {0x000001f6434eeb88} 'getLogger' '(Ljava/lang/String;)Lorg/eclipse/equinox/log/Logger;' in 'org/eclipse/osgi/internal/log/ExtendedLogServiceImpl')}
  0x000001f657258f84: 49ba 80eb | 4e43 f601 | 0000 4c89 | 5424 0848 | c704 24ff 

  0x000001f657258f98: ;   {runtime_call counter_overflow Runtime1 stub}
  0x000001f657258f98: ffff ffe8 

  0x000001f657258f9c: ; ImmutableOopMap {rdx=Oop [168]=Oop [272]=Oop [328]=Oop }
                      ;*synchronization entry
                      ; - org.eclipse.osgi.internal.log.ExtendedLogServiceImpl::getLogger@-1 (line 73)
                      ; - org.eclipse.osgi.internal.log.ExtendedLogServiceImpl::getLogger@2 (line 1)
                      ; - org.eclipse.osgi.internal.debug.Debug::trace@11 (line 230)
                      ; - org.eclipse.osgi.internal.serviceregistry.FilteredServiceListener::serviceChanged@282 (line 131)
  0x000001f657258f9c: 40b8 3b07 | e9f6 f3ff | ff48 8904 

  0x000001f657258fa8: ;   {runtime_call throw_class_cast_exception Runtime1 stub}
  0x000001f657258fa8: 24e8 3288 

  0x000001f657258fac: ; ImmutableOopMap {[168]=Oop [272]=Oop [328]=Oop }
                      ;*checkcast {reexecute=0 rethrow=0 return_oop=0}
                      ; - org.eclipse.osgi.internal.log.ExtendedLogServiceImpl::getLogger@7 (line 73)
                      ; - org.eclipse.osgi.internal.log.ExtendedLogServiceImpl::getLogger@2 (line 1)
                      ; - org.eclipse.osgi.internal.debug.Debug::trace@11 (line 230)
                      ; - org.eclipse.osgi.internal.serviceregistry.FilteredServiceListener::serviceChanged@282 (line 131)
                      ;   {runtime_call throw_null_pointer_exception Runtime1 stub}
  0x000001f657258fac: 3b07 e82d 

  0x000001f657258fb0: ; ImmutableOopMap {rdx=Oop [168]=Oop [272]=Oop [328]=Oop }
                      ;*invokeinterface trace {reexecute=0 rethrow=0 return_oop=0}
                      ; - org.eclipse.osgi.internal.debug.Debug::trace@17 (line 230)
                      ; - org.eclipse.osgi.internal.serviceregistry.FilteredServiceListener::serviceChanged@282 (line 131)
                      ;   {runtime_call throw_null_pointer_exception Runtime1 stub}
  0x000001f657258fb0: 4c3b 07e8 

  0x000001f657258fb4: ; ImmutableOopMap {rsi=Oop rdx=Oop [168]=Oop [272]=Oop }
                      ;*invokevirtual println {reexecute=0 rethrow=0 return_oop=0}
                      ; - org.eclipse.osgi.internal.debug.Debug::trace@29 (line 232)
                      ; - org.eclipse.osgi.internal.serviceregistry.FilteredServiceListener::serviceChanged@282 (line 131)
  0x000001f657258fb4: 284c 3b07 

  0x000001f657258fb8: ;   {runtime_call throw_null_pointer_exception Runtime1 stub}
  0x000001f657258fb8: e823 4c3b 

  0x000001f657258fbc: ; ImmutableOopMap {rax=Oop rdx=Oop }
                      ;*invokeinterface serviceChanged {reexecute=0 rethrow=0 return_oop=0}
                      ; - org.eclipse.osgi.internal.serviceregistry.FilteredServiceListener::serviceChanged@290 (line 134)
                      ;   {internal_word}
  0x000001f657258fbc: 0749 bab4 | 8625 57f6 | 0100 004d | 8997 6004 

  0x000001f657258fcc: ;   {runtime_call SafepointBlob}
  0x000001f657258fcc: 0000 e90d 

  0x000001f657258fd0: ;   {internal_word}
  0x000001f657258fd0: bb30 0749 | baca 8625 | 57f6 0100 | 004d 8997 | 6004 0000 

  0x000001f657258fe4: ;   {runtime_call SafepointBlob}
  0x000001f657258fe4: e9f7 ba30 

  0x000001f657258fe8: ;   {internal_word}
  0x000001f657258fe8: 0749 bae0 | 8625 57f6 | 0100 004d | 8997 6004 

  0x000001f657258ff8: ;   {runtime_call SafepointBlob}
  0x000001f657258ff8: 0000 e9e1 

  0x000001f657258ffc: ;   {internal_word}
  0x000001f657258ffc: ba30 0749 | baf6 8625 | 57f6 0100 | 004d 8997 | 6004 0000 

  0x000001f657259010: ;   {runtime_call SafepointBlob}
  0x000001f657259010: e9cb ba30 | 0748 8d84 | 2450 0100 | 0048 8904 

  0x000001f657259020: ;   {runtime_call monitorexit_nofpu Runtime1 stub}
  0x000001f657259020: 24e8 ba9c | 3b07 e959 | f7ff ff49 | 8b87 0005 | 0000 49c7 | 8700 0500 | 0000 0000 | 0049 c787 
  0x000001f657259040: 0805 0000 | 0000 0000 | 4881 c470 | 0100 005d 

  0x000001f657259050: ;   {runtime_call unwind_exception Runtime1 stub}
  0x000001f657259050: e98b 3c3b | 07f4 f4f4 
[Stub Code]
  0x000001f657259058: ;   {no_reloc}
  0x000001f657259058: 0f1f 4400 

  0x000001f65725905c: ;   {static_stub}
  0x000001f65725905c: 0048 bb00 | 0000 0000 

  0x000001f657259064: ;   {runtime_call nmethod}
  0x000001f657259064: 0000 00e9 | fbff ffff 

  0x000001f65725906c: ;   {static_stub}
  0x000001f65725906c: 9048 bb00 | 0000 0000 

  0x000001f657259074: ;   {runtime_call nmethod}
  0x000001f657259074: 0000 00e9 | fbff ffff 

  0x000001f65725907c: ;   {static_stub}
  0x000001f65725907c: 9048 bb00 | 0000 0000 

  0x000001f657259084: ;   {runtime_call nmethod}
  0x000001f657259084: 0000 00e9 | fbff ffff 

  0x000001f65725908c: ;   {static_stub}
  0x000001f65725908c: 9048 bb00 | 0000 0000 

  0x000001f657259094: ;   {runtime_call nmethod}
  0x000001f657259094: 0000 00e9 | fbff ffff 

  0x000001f65725909c: ;   {static_stub}
  0x000001f65725909c: 9048 bb00 | 0000 0000 

  0x000001f6572590a4: ;   {runtime_call nmethod}
  0x000001f6572590a4: 0000 00e9 | fbff ffff 

  0x000001f6572590ac: ;   {static_stub}
  0x000001f6572590ac: 9048 bb00 | 0000 0000 

  0x000001f6572590b4: ;   {runtime_call nmethod}
  0x000001f6572590b4: 0000 00e9 | fbff ffff 

  0x000001f6572590bc: ;   {static_stub}
  0x000001f6572590bc: 9048 bb00 | 0000 0000 

  0x000001f6572590c4: ;   {runtime_call nmethod}
  0x000001f6572590c4: 0000 00e9 | fbff ffff 

  0x000001f6572590cc: ;   {static_stub}
  0x000001f6572590cc: 9048 bb00 | 0000 0000 

  0x000001f6572590d4: ;   {runtime_call nmethod}
  0x000001f6572590d4: 0000 00e9 | fbff ffff 

  0x000001f6572590dc: ;   {static_stub}
  0x000001f6572590dc: 9048 bb00 | 0000 0000 

  0x000001f6572590e4: ;   {runtime_call nmethod}
  0x000001f6572590e4: 0000 00e9 | fbff ffff 

  0x000001f6572590ec: ;   {static_stub}
  0x000001f6572590ec: 9048 bb00 | 0000 0000 

  0x000001f6572590f4: ;   {runtime_call nmethod}
  0x000001f6572590f4: 0000 00e9 | fbff ffff 

  0x000001f6572590fc: ;   {static_stub}
  0x000001f6572590fc: 9048 bb00 | 0000 0000 

  0x000001f657259104: ;   {runtime_call nmethod}
  0x000001f657259104: 0000 00e9 | fbff ffff 

  0x000001f65725910c: ;   {static_stub}
  0x000001f65725910c: 9048 bb00 | 0000 0000 

  0x000001f657259114: ;   {runtime_call nmethod}
  0x000001f657259114: 0000 00e9 | fbff ffff 

  0x000001f65725911c: ;   {static_stub}
  0x000001f65725911c: 9048 bb00 | 0000 0000 

  0x000001f657259124: ;   {runtime_call nmethod}
  0x000001f657259124: 0000 00e9 | fbff ffff 

  0x000001f65725912c: ;   {static_stub}
  0x000001f65725912c: 9048 bb00 | 0000 0000 

  0x000001f657259134: ;   {runtime_call nmethod}
  0x000001f657259134: 0000 00e9 | fbff ffff 

  0x000001f65725913c: ;   {static_stub}
  0x000001f65725913c: 9048 bb00 | 0000 0000 

  0x000001f657259144: ;   {runtime_call nmethod}
  0x000001f657259144: 0000 00e9 | fbff ffff 

  0x000001f65725914c: ;   {static_stub}
  0x000001f65725914c: 9048 bb00 | 0000 0000 

  0x000001f657259154: ;   {runtime_call nmethod}
  0x000001f657259154: 0000 00e9 | fbff ffff 

  0x000001f65725915c: ;   {static_stub}
  0x000001f65725915c: 9048 bb00 | 0000 0000 

  0x000001f657259164: ;   {runtime_call nmethod}
  0x000001f657259164: 0000 00e9 | fbff ffff 

  0x000001f65725916c: ;   {static_stub}
  0x000001f65725916c: 9048 bb00 | 0000 0000 

  0x000001f657259174: ;   {runtime_call nmethod}
  0x000001f657259174: 0000 00e9 | fbff ffff 

  0x000001f65725917c: ;   {static_stub}
  0x000001f65725917c: 9048 bb00 | 0000 0000 

  0x000001f657259184: ;   {runtime_call nmethod}
  0x000001f657259184: 0000 00e9 | fbff ffff 

  0x000001f65725918c: ;   {static_stub}
  0x000001f65725918c: 9048 bb00 | 0000 0000 

  0x000001f657259194: ;   {runtime_call nmethod}
  0x000001f657259194: 0000 00e9 | fbff ffff 

  0x000001f65725919c: ;   {static_stub}
  0x000001f65725919c: 9048 bb00 | 0000 0000 

  0x000001f6572591a4: ;   {runtime_call nmethod}
  0x000001f6572591a4: 0000 00e9 | fbff ffff 

  0x000001f6572591ac: ;   {static_stub}
  0x000001f6572591ac: 9048 bb00 | 0000 0000 

  0x000001f6572591b4: ;   {runtime_call nmethod}
  0x000001f6572591b4: 0000 00e9 | fbff ffff 

  0x000001f6572591bc: ;   {static_stub}
  0x000001f6572591bc: 9048 bb00 | 0000 0000 

  0x000001f6572591c4: ;   {runtime_call nmethod}
  0x000001f6572591c4: 0000 00e9 | fbff ffff 

  0x000001f6572591cc: ;   {static_stub}
  0x000001f6572591cc: 9048 bb00 | 0000 0000 

  0x000001f6572591d4: ;   {runtime_call nmethod}
  0x000001f6572591d4: 0000 00e9 | fbff ffff 

  0x000001f6572591dc: ;   {static_stub}
  0x000001f6572591dc: 9048 bb00 | 0000 0000 

  0x000001f6572591e4: ;   {runtime_call nmethod}
  0x000001f6572591e4: 0000 00e9 | fbff ffff 

  0x000001f6572591ec: ;   {static_stub}
  0x000001f6572591ec: 48bb f08d | 6443 f601 

  0x000001f6572591f4: ;   {runtime_call I2C/C2I adapters}
  0x000001f6572591f4: 0000 e9bb 

  0x000001f6572591f8: ;   {static_stub}
  0x000001f6572591f8: a530 0748 | bb00 0000 | 0000 0000 

  0x000001f657259204: ;   {runtime_call nmethod}
  0x000001f657259204: 00e9 fbff 

  0x000001f657259208: ;   {static_stub}
  0x000001f657259208: ffff 48bb | 0000 0000 | 0000 0000 

  0x000001f657259214: ;   {runtime_call nmethod}
  0x000001f657259214: e9fb ffff 

  0x000001f657259218: ;   {static_stub}
  0x000001f657259218: ff48 bb00 | 0000 0000 

  0x000001f657259220: ;   {runtime_call nmethod}
  0x000001f657259220: 0000 00e9 | fbff ffff 

  0x000001f657259228: ;   {static_stub}
  0x000001f657259228: 48bb 0000 | 0000 0000 

  0x000001f657259230: ;   {runtime_call nmethod}
  0x000001f657259230: 0000 e9fb 

  0x000001f657259234: ;   {static_stub}
  0x000001f657259234: ffff ff48 | bb00 0000 | 0000 0000 

  0x000001f657259240: ;   {runtime_call nmethod}
  0x000001f657259240: 00e9 fbff 

  0x000001f657259244: ;   {static_stub}
  0x000001f657259244: ffff 48bb | f807 6843 | f601 0000 

  0x000001f657259250: ;   {runtime_call I2C/C2I adapters}
  0x000001f657259250: e961 a530 

  0x000001f657259254: ;   {static_stub}
  0x000001f657259254: 0748 bb48 | 9264 43f6 

  0x000001f65725925c: ;   {runtime_call I2C/C2I adapters}
  0x000001f65725925c: 0100 00e9 | 5644 3007 
[Exception Handler]
  0x000001f657259264: ;   {runtime_call handle_exception_from_callee Runtime1 stub}
  0x000001f657259264: e877 763b 

  0x000001f657259268: ;   {external_word}
  0x000001f657259268: 0748 b940 | e59d 97fa | 7f00 0048 

  0x000001f657259274: ;   {runtime_call}
  0x000001f657259274: 83e4 f048 | b850 4d64 | 97fa 7f00 | 00ff d0f4 
[Deopt Handler Code]
  0x000001f657259284: ;   {section_word}
  0x000001f657259284: 49ba 8492 | 2557 f601 | 0000 4152 

  0x000001f657259290: ;   {runtime_call DeoptimizationBlob}
  0x000001f657259290: e9eb aa30 | 07f4 f4f4 
[/MachCode]


Compiled method (c1) 10699 1859   !   3       org.eclipse.osgi.internal.framework.BundleContextImpl::dispatchEvent (577 bytes)
 total in heap  [0x000001f65724ee08,0x000001f657255518] = 26384
 relocation     [0x000001f65724eee0,0x000001f65724f7e8] = 2312
 main code      [0x000001f65724f800,0x000001f657255030] = 22576
 stub code      [0x000001f657255030,0x000001f6572553b0] = 896
 oops           [0x000001f6572553b0,0x000001f6572553f8] = 72
 metadata       [0x000001f6572553f8,0x000001f657255518] = 288
 immutable data [0x000001f642c77800,0x000001f642c7a9d8] = 12760
 dependencies   [0x000001f642c77800,0x000001f642c77858] = 88
 nul chk table  [0x000001f642c77858,0x000001f642c779c8] = 368
 handler table  [0x000001f642c779c8,0x000001f642c78d90] = 5064
 scopes pcs     [0x000001f642c78d90,0x000001f642c79c10] = 3712
 scopes data    [0x000001f642c79c10,0x000001f642c7a9d8] = 3528

[Constant Pool (empty)]

[MachCode]
[Instructions begin]
  0x000001f65724f800: 6666 660f | 1f84 0000 | 0000 0066 | 6666 9066 | 6690 448b | 5208 443b 

  0x000001f65724f818: ;   {runtime_call ic_miss_stub}
  0x000001f65724f818: 5008 0f85 | c0e9 3007 
[Verified Entry Point]
  0x000001f65724f820: 8984 2400 | 80ff ff55 | 4881 ecc0 | 0100 0090 | 4181 7f20 | 0100 0000 

  0x000001f65724f838: ;   {runtime_call StubRoutines (final stubs)}
  0x000001f65724f838: 7405 e881 | b92f 0748 | 8994 2480 | 0000 0089 | bc24 8800 | 0000 4889 | b424 9800 

  0x000001f65724f854: ;   {metadata(method data for {method} {0x000001f643658a38} 'dispatchEvent' '(Ljava/lang/Object;Ljava/lang/Object;ILjava/lang/Object;)V' in 'org/eclipse/osgi/internal/framework/BundleContextImpl')}
  0x000001f65724f854: 0000 48bb | 0000 8843 | f601 0000 | 8b83 cc00 | 0000 83c0 | 0289 83cc | 0000 0025 | fe07 0000 
  0x000001f65724f874: 85c0 0f84 | 154b 0000 | 4c89 8c24 | 9000 0000 

  0x000001f65724f884: ;   {metadata(method data for {method} {0x000001f643658a38} 'dispatchEvent' '(Ljava/lang/Object;Ljava/lang/Object;ILjava/lang/Object;)V' in 'org/eclipse/osgi/internal/framework/BundleContextImpl')}
  0x000001f65724f884: 488b da48 | b800 0088 | 43f6 0100 

  0x000001f65724f890: ;   {metadata('org/eclipse/osgi/internal/framework/BundleContextImpl')}
  0x000001f65724f890: 0049 bab8 | f80a 01f6 | 0100 004c | 8990 2001 | 0000 4883 | 8028 0100 | 0001 488b | da48 8bd3 
  0x000001f65724f8b0: 0f1f 8000 

  0x000001f65724f8b4: ;   {optimized virtual_call}
  0x000001f65724f8b4: 0000 00e8 

  0x000001f65724f8b8: ; ImmutableOopMap {[128]=Oop [144]=Oop [152]=Oop }
                      ;*invokevirtual setContextFinder {reexecute=0 rethrow=0 return_oop=0}
                      ; - org.eclipse.osgi.internal.framework.BundleContextImpl::dispatchEvent@1 (line 960)
  0x000001f65724f8b8: 24ec ffff 

  0x000001f65724f8bc: ;   {other}
  0x000001f65724f8bc: 0f1f 8400 | b40a 0000 | 4889 8424 | b000 0000 | 488b 9424 | 8000 0000 

  0x000001f65724f8d4: ;   {metadata(method data for {method} {0x000001f643658a38} 'dispatchEvent' '(Ljava/lang/Object;Ljava/lang/Object;ILjava/lang/Object;)V' in 'org/eclipse/osgi/internal/framework/BundleContextImpl')}
  0x000001f65724f8d4: 488b f248 | bf00 0088 | 43f6 0100 

  0x000001f65724f8e0: ;   {metadata('org/eclipse/osgi/internal/framework/BundleContextImpl')}
  0x000001f65724f8e0: 0049 bab8 | f80a 01f6 | 0100 004c | 8997 5001 | 0000 4883 | 8758 0100 | 0001 0fbe | 720c 83e6 
  0x000001f65724f900: ;   {metadata(method data for {method} {0x000001f643658a38} 'dispatchEvent' '(Ljava/lang/Object;Ljava/lang/Object;ILjava/lang/Object;)V' in 'org/eclipse/osgi/internal/framework/BundleContextImpl')}
  0x000001f65724f900: 0185 f648 | be00 0088 | 43f6 0100 | 00bf 7801 | 0000 7505 | bf88 0100 | 0048 8b0c | 3e48 8d49 
  0x000001f65724f920: 0148 890c | 3e0f 8526 | 0100 008b | 7210 483b | 0648 8bfe 

  0x000001f65724f934: ;   {metadata(method data for {method} {0x000001f643658a38} 'dispatchEvent' '(Ljava/lang/Object;Ljava/lang/Object;ILjava/lang/Object;)V' in 'org/eclipse/osgi/internal/framework/BundleContextImpl')}
  0x000001f65724f934: 48b9 0000 | 8843 f601 | 0000 8b7f | 0849 ba00 | 0000 00f6 | 0100 0049 | 03fa 483b | b9a0 0100 
  0x000001f65724f954: 0075 0d48 | 8381 a801 | 0000 01e9 | 6000 0000 | 483b b9b0 | 0100 0075 | 0d48 8381 | b801 0000 
  0x000001f65724f974: 01e9 4a00 | 0000 4883 | b9a0 0100 | 0000 7517 | 4889 b9a0 | 0100 0048 | c781 a801 | 0000 0100 
  0x000001f65724f994: 0000 e929 | 0000 0048 | 83b9 b001 | 0000 0075 | 1748 89b9 | b001 0000 | 48c7 81b8 | 0100 0001 
  0x000001f65724f9b4: 0000 00e9 | 0800 0000 | 4883 8198 | 0100 0001 

  0x000001f65724f9c4: ;   {metadata(method data for {method} {0x000001f6435c57b8} 'getBundleId' '()J' in 'org/eclipse/osgi/internal/framework/EquinoxBundle')}
  0x000001f65724f9c4: 48bf a0b7 | 8743 f601 | 0000 8b8f | cc00 0000 | 83c1 0289 | 8fcc 0000 | 0081 e1fe | ff1f 0085 
  0x000001f65724f9e4: c90f 84cc | 4900 008b | 7610 483b | 0648 8bfe 

  0x000001f65724f9f4: ;   {metadata(method data for {method} {0x000001f6435c57b8} 'getBundleId' '()J' in 'org/eclipse/osgi/internal/framework/EquinoxBundle')}
  0x000001f65724f9f4: 48b9 a0b7 | 8743 f601 | 0000 4883 | 8118 0100 | 0001 8b76 | 1848 3b06 

  0x000001f65724fa0c: ;   {metadata(method data for {method} {0x000001f6435c57b8} 'getBundleId' '()J' in 'org/eclipse/osgi/internal/framework/EquinoxBundle')}
  0x000001f65724fa0c: 488b fe48 | b9a0 b787 | 43f6 0100 | 0048 8381 | 4801 0000 | 0148 8b7e | 1048 83ff 

  0x000001f65724fa28: ;   {metadata(method data for {method} {0x000001f643658a38} 'dispatchEvent' '(Ljava/lang/Object;Ljava/lang/Object;ILjava/lang/Object;)V' in 'org/eclipse/osgi/internal/framework/BundleContextImpl')}
  0x000001f65724fa28: 0048 be00 | 0088 43f6 | 0100 00bf | c801 0000 | 7505 bfd8 | 0100 0048 | 8b0c 3e48 | 8d49 0148 
  0x000001f65724fa48: 890c 3e0f | 8534 3700 | 008b bc24 | 8800 0000 

  0x000001f65724fa58: ;   {metadata(method data for {method} {0x000001f643658a38} 'dispatchEvent' '(Ljava/lang/Object;Ljava/lang/Object;ILjava/lang/Object;)V' in 'org/eclipse/osgi/internal/framework/BundleContextImpl')}
  0x000001f65724fa58: 48be 0000 | 8843 f601 | 0000 b9f0 | 0100 0083 | ff01 488b | d9b9 0002 | 0000 480f | 45cb 83ff 
  0x000001f65724fa78: 0248 8bd9 | b910 0200 | 0048 0f45 | cb83 ff03 | 488b d9b9 | 2002 0000 | 480f 45cb | 83ff 0448 
  0x000001f65724fa98: 8bd9 b930 | 0200 0048 | 0f45 cb48 | 8b1c 0e41 | ba01 0000 | 0049 03da | 4889 1c0e | 83ff 010f 
  0x000001f65724fab8: 8420 0000 | 0083 ff02 | 0f84 1700 | 0000 83ff | 030f 846a | 2400 0083 | ff04 0f84 | 3112 0000 
  0x000001f65724fad8: e98d 3800 | 004c 8b8c | 2490 0000 | 004d 85c9 

  0x000001f65724fae8: ;   {metadata(method data for {method} {0x000001f643658a38} 'dispatchEvent' '(Ljava/lang/Object;Ljava/lang/Object;ILjava/lang/Object;)V' in 'org/eclipse/osgi/internal/framework/BundleContextImpl')}
  0x000001f65724fae8: 48b9 0000 | 8843 f601 | 0000 750c | 8089 4102 | 0000 01e9 | cc00 0000 | 458b 4108 | 49ba 0000 
  0x000001f65724fb08: 0000 f601 | 0000 4d03 | c24c 3b81 | 5002 0000 | 750d 4883 | 8158 0200 | 0001 e960 | 0000 004c 
  0x000001f65724fb28: 3b81 6002 | 0000 750d | 4883 8168 | 0200 0001 | e94a 0000 | 0048 83b9 | 5002 0000 | 0075 174c 
  0x000001f65724fb48: 8981 5002 | 0000 48c7 | 8158 0200 | 0001 0000 | 00e9 2900 | 0000 4883 | b960 0200 | 0000 7517 
  0x000001f65724fb68: 4c89 8160 | 0200 0048 | c781 6802 | 0000 0100 | 0000 e908 | 0000 0048 | 8381 4802 

  0x000001f65724fb84: ;   {metadata('org/osgi/framework/BundleListener')}
  0x000001f65724fb84: 0000 0149 | b870 c201 | 01f6 0100 | 0041 8b49 | 0849 ba00 | 0000 00f6 | 0100 0049 | 03ca 4c3b 
  0x000001f65724fba4: 4120 0f84 | 2000 0000 | 493b c80f | 8417 0000 | 0051 4150 

  0x000001f65724fbb8: ;   {runtime_call slow_subtype_check Runtime1 stub}
  0x000001f65724fbb8: e803 223c | 0759 5985 | c90f 841b | 4800 00e9 | 0000 0000 | 498b d98b | 7218 0fbe | 7611 85f6 
  0x000001f65724fbd8: ;   {metadata(method data for {method} {0x000001f643658a38} 'dispatchEvent' '(Ljava/lang/Object;Ljava/lang/Object;ILjava/lang/Object;)V' in 'org/eclipse/osgi/internal/framework/BundleContextImpl')}
  0x000001f65724fbd8: 48be 0000 | 8843 f601 | 0000 b978 | 0200 0074 | 05b9 8802 | 0000 4c8b | 040e 4d8d | 4001 4c89 
  0x000001f65724fbf8: 040e 0f84 | 640f 0000 

  0x000001f65724fc00: ;   {no_reloc}
  0x000001f65724fc00: e9fa 4700 | 0000 0000 | 0000 498b | 87b8 0100 | 0048 8d78 | 1849 3bbf | c801 0000 | 0f87 e747 
  0x000001f65724fc20: 0000 4989 | bfb8 0100 | 0048 c700 | 0100 0000 | 488b ca49 | ba00 0000 | 00f6 0100 | 0049 2bca 
  0x000001f65724fc40: 8948 0848 | 33c9 8948 | 0c48 33c9 | 4889 4810 | 4889 8424 | a000 0000 

  0x000001f65724fc58: ; implicit exception: dispatches to 0x000001f657254416
  0x000001f65724fc58: 483b 0348 

  0x000001f65724fc5c: ;   {metadata(method data for {method} {0x000001f643658a38} 'dispatchEvent' '(Ljava/lang/Object;Ljava/lang/Object;ILjava/lang/Object;)V' in 'org/eclipse/osgi/internal/framework/BundleContextImpl')}
  0x000001f65724fc5c: 8bd3 48be | 0000 8843 | f601 0000 | 4883 8698 | 0200 0001 | 8b53 0849 | ba00 0000 | 00f6 0100 
  0x000001f65724fc7c: 0049 03d2 | 488b 5270 | 488b 1248 | 3b02 488b 

  0x000001f65724fc8c: ;   {metadata(method data for {method} {0x000001f643658a38} 'dispatchEvent' '(Ljava/lang/Object;Ljava/lang/Object;ILjava/lang/Object;)V' in 'org/eclipse/osgi/internal/framework/BundleContextImpl')}
  0x000001f65724fc8c: f248 bf00 | 0088 43f6 | 0100 0048 | 8387 c802 

  0x000001f65724fc9c: ;   {metadata(method data for {method} {0x000001f6004987e0} 'getName' '()Ljava/lang/String;' in 'java/lang/Class')}
  0x000001f65724fc9c: 0000 0148 | be18 5909 | 43f6 0100 | 008b becc | 0000 0083 | c702 89be | cc00 0000 | 81e7 feff 
  0x000001f65724fcbc: 1f00 85ff | 0f84 5a47 | 0000 8b72 | 2c48 85f6 

  0x000001f65724fccc: ;   {metadata(method data for {method} {0x000001f6004987e0} 'getName' '()Ljava/lang/String;' in 'java/lang/Class')}
  0x000001f65724fccc: 48bf 1859 | 0943 f601 | 0000 b918 | 0100 0074 | 05b9 2801 | 0000 4c8b | 2c0f 4d8d | 6d01 4c89 
  0x000001f65724fcec: 2c0f 0f84 | 1d00 0000 

  0x000001f65724fcf4: ;   {metadata(method data for {method} {0x000001f6004987e0} 'getName' '()Ljava/lang/String;' in 'java/lang/Class')}
  0x000001f65724fcf4: 48ba 1859 | 0943 f601 | 0000 ff82 | 3801 0000 | 4889 9c24 | a800 0000 | e92e 0000 | 0048 899c 
  0x000001f65724fd14: 24a8 0000 | 004c 8bc2 

  0x000001f65724fd1c: ;   {metadata(method data for {method} {0x000001f6004987e0} 'getName' '()Ljava/lang/String;' in 'java/lang/Class')}
  0x000001f65724fd1c: 49b9 1859 | 0943 f601 | 0000 4983 | 8150 0100 

  0x000001f65724fd2c: ;   {optimized virtual_call}
  0x000001f65724fd2c: 0001 90e8 

  0x000001f65724fd30: ; ImmutableOopMap {[128]=Oop [152]=Oop [160]=Oop [168]=Oop [176]=Oop }
                      ;*invokevirtual initClassName {reexecute=0 rethrow=0 return_oop=0}
                      ; - java.lang.Class::getName@14 (line 1037)
                      ; - org.eclipse.osgi.internal.framework.BundleContextImpl::dispatchEvent@81 (line 970)
  0x000001f65724fd30: ace7 3007 

  0x000001f65724fd34: ;   {other}
  0x000001f65724fd34: 0f1f 8400 | 2c0f 0001 

  0x000001f65724fd3c: ;   {metadata(method data for {method} {0x000001f643658a38} 'dispatchEvent' '(Ljava/lang/Object;Ljava/lang/Object;ILjava/lang/Object;)V' in 'org/eclipse/osgi/internal/framework/BundleContextImpl')}
  0x000001f65724fd3c: 488b f048 | ba00 0088 | 43f6 0100 | 0048 8382 | f802 0000 

  0x000001f65724fd50: ;   {metadata(method data for {method} {0x000001f60048d080} 'valueOf' '(Ljava/lang/Object;)Ljava/lang/String;' in 'java/lang/String')}
  0x000001f65724fd50: 0148 ba70 | 9309 43f6 | 0100 008b | bacc 0000 | 0083 c702 | 89ba cc00 | 0000 81e7 | feff 1f00 
  0x000001f65724fd70: 85ff 0f84 | c946 0000 

  0x000001f65724fd78: ;   {metadata(method data for {method} {0x000001f60048d080} 'valueOf' '(Ljava/lang/Object;)Ljava/lang/String;' in 'java/lang/String')}
  0x000001f65724fd78: 4885 f648 | ba70 9309 | 43f6 0100 | 00bf 1801 | 0000 7505 | bf28 0100 | 0048 8b1c | 3a48 8d5b 
  0x000001f65724fd98: 0148 891c | 3a0f 851f 

  0x000001f65724fda0: ;   {metadata(method data for {method} {0x000001f60048d080} 'valueOf' '(Ljava/lang/Object;)Ljava/lang/String;' in 'java/lang/String')}
  0x000001f65724fda0: 0000 0048 | ba70 9309 | 43f6 0100 | 00ff 8238 

  0x000001f65724fdb0: ;   {oop("null"{0x00000000c0000f28})}
  0x000001f65724fdb0: 0100 0048 | be28 0f00 | c000 0000 | 00e9 b500 | 0000 483b | 0648 8bd6 

  0x000001f65724fdc8: ;   {metadata(method data for {method} {0x000001f60048d080} 'valueOf' '(Ljava/lang/Object;)Ljava/lang/String;' in 'java/lang/String')}
  0x000001f65724fdc8: 48bf 7093 | 0943 f601 | 0000 8b52 | 0849 ba00 | 0000 00f6 | 0100 0049 | 03d2 483b | 9758 0100 
  0x000001f65724fde8: 0075 0d48 | 8387 6001 | 0000 01e9 | 6000 0000 | 483b 9768 | 0100 0075 | 0d48 8387 | 7001 0000 
  0x000001f65724fe08: 01e9 4a00 | 0000 4883 | bf58 0100 | 0000 7517 | 4889 9758 | 0100 0048 | c787 6001 | 0000 0100 
  0x000001f65724fe28: 0000 e929 | 0000 0048 | 83bf 6801 | 0000 0075 | 1748 8997 | 6801 0000 | 48c7 8770 | 0100 0001 
  0x000001f65724fe48: 0000 00e9 | 0800 0000 | 4883 8750 | 0100 0001 | 488b d666 | 9048 b850 | 4239 47f6 

  0x000001f65724fe64: ;   {virtual_call}
  0x000001f65724fe64: 0100 00e8 

  0x000001f65724fe68: ; ImmutableOopMap {[128]=Oop [152]=Oop [160]=Oop [168]=Oop [176]=Oop }
                      ;*invokevirtual toString {reexecute=0 rethrow=0 return_oop=0}
                      ; - java.lang.String::valueOf@11 (line 4556)
                      ; - org.eclipse.osgi.internal.framework.BundleContextImpl::dispatchEvent@84 (line 970)
  0x000001f65724fe68: 74e9 3007 

  0x000001f65724fe6c: ;   {other}
  0x000001f65724fe6c: 0f1f 8400 | 6410 0002 | 488b f048 | 8b84 24a0 | 0000 004c 

  0x000001f65724fe80: ;   {metadata(method data for {method} {0x000001f643658a38} 'dispatchEvent' '(Ljava/lang/Object;Ljava/lang/Object;ILjava/lang/Object;)V' in 'org/eclipse/osgi/internal/framework/BundleContextImpl')}
  0x000001f65724fe80: 8bc0 48ba | 0000 8843 | f601 0000 | 4883 8208 | 0300 0001 

  0x000001f65724fe94: ;   {metadata(method data for {method} {0x000001f600492b00} '<init>' '(Ljava/lang/String;)V' in 'java/lang/StringBuilder')}
  0x000001f65724fe94: 49b8 00ef | 3243 f601 | 0000 418b | 90cc 0000 | 0083 c202 | 4189 90cc | 0000 0081 | e2fe ff1f 
  0x000001f65724feb4: 0085 d20f | 84aa 4500 | 004c 8bc0 

  0x000001f65724fec0: ;   {metadata(method data for {method} {0x000001f600492b00} '<init>' '(Ljava/lang/String;)V' in 'java/lang/StringBuilder')}
  0x000001f65724fec0: 48ba 00ef | 3243 f601 | 0000 4883 | 8218 0100 | 0001 4c8b | c648 8bd0 | 0f1f 8000 

  0x000001f65724fedc: ;   {optimized virtual_call}
  0x000001f65724fedc: 0000 00e8 

  0x000001f65724fee0: ; ImmutableOopMap {[128]=Oop [152]=Oop [160]=Oop [168]=Oop [176]=Oop }
                      ;*invokespecial <init> {reexecute=0 rethrow=0 return_oop=0}
                      ; - java.lang.StringBuilder::<init>@2 (line 131)
                      ; - org.eclipse.osgi.internal.framework.BundleContextImpl::dispatchEvent@87 (line 970)
  0x000001f65724fee0: fce5 3007 

  0x000001f65724fee4: ;   {other}
  0x000001f65724fee4: 0f1f 8400 | dc10 0003 | 488b 8424 | a000 0000 

  0x000001f65724fef4: ;   {metadata(method data for {method} {0x000001f643658a38} 'dispatchEvent' '(Ljava/lang/Object;Ljava/lang/Object;ILjava/lang/Object;)V' in 'org/eclipse/osgi/internal/framework/BundleContextImpl')}
  0x000001f65724fef4: 49b8 0000 | 8843 f601 | 0000 4983 | 8018 0300 

  0x000001f65724ff04: ;   {metadata(method data for {method} {0x000001f600492840} 'append' '(Ljava/lang/String;)Ljava/lang/StringBuilder;' in 'java/lang/StringBuilder')}
  0x000001f65724ff04: 0001 49b8 | 50bf 0043 | f601 0000 | 418b 90cc | 0000 0083 | c202 4189 | 90cc 0000 | 0081 e2fe 
  0x000001f65724ff24: ff1f 0085 | d20f 8459 | 4500 0048 | 8b84 24a0 

  0x000001f65724ff34: ;   {metadata(method data for {method} {0x000001f600492840} 'append' '(Ljava/lang/String;)Ljava/lang/StringBuilder;' in 'java/lang/StringBuilder')}
  0x000001f65724ff34: 0000 0049 | b850 bf00 | 43f6 0100 | 0049 8380 | 1801 0000 

  0x000001f65724ff48: ;   {oop("@"{0x00000000c00069e0})}
  0x000001f65724ff48: 0149 b8e0 | 6900 c000 | 0000 0048 | 8b94 24a0 | 0000 000f 

  0x000001f65724ff5c: ;   {optimized virtual_call}
  0x000001f65724ff5c: 1f40 00e8 

  0x000001f65724ff60: ; ImmutableOopMap {[128]=Oop [152]=Oop [160]=Oop [168]=Oop [176]=Oop }
                      ;*invokespecial append {reexecute=0 rethrow=0 return_oop=0}
                      ; - java.lang.StringBuilder::append@2 (line 179)
                      ; - org.eclipse.osgi.internal.framework.BundleContextImpl::dispatchEvent@93 (line 970)
  0x000001f65724ff60: 7ce5 3007 

  0x000001f65724ff64: ;   {other}
  0x000001f65724ff64: 0f1f 8400 | 5c11 0004 

  0x000001f65724ff6c: ;   {metadata(method data for {method} {0x000001f643658a38} 'dispatchEvent' '(Ljava/lang/Object;Ljava/lang/Object;ILjava/lang/Object;)V' in 'org/eclipse/osgi/internal/framework/BundleContextImpl')}
  0x000001f65724ff6c: 48ba 0000 | 8843 f601 | 0000 4883 | 8248 0300 | 0001 488b | 9424 a800 

  0x000001f65724ff84: ;   {static_call}
  0x000001f65724ff84: 0000 90e8 

  0x000001f65724ff88: ; ImmutableOopMap {[128]=Oop [152]=Oop [160]=Oop [168]=Oop [176]=Oop }
                      ;*invokestatic identityHashCode {reexecute=0 rethrow=0 return_oop=0}
                      ; - org.eclipse.osgi.internal.framework.BundleContextImpl::dispatchEvent@98 (line 971)
  0x000001f65724ff88: 54eb 3007 

  0x000001f65724ff8c: ;   {other}
  0x000001f65724ff8c: 0f1f 8400 | 8411 0005 

  0x000001f65724ff94: ;   {metadata(method data for {method} {0x000001f643658a38} 'dispatchEvent' '(Ljava/lang/Object;Ljava/lang/Object;ILjava/lang/Object;)V' in 'org/eclipse/osgi/internal/framework/BundleContextImpl')}
  0x000001f65724ff94: 48ba 0000 | 8843 f601 | 0000 4883 | 8258 0300 

  0x000001f65724ffa4: ;   {metadata(method data for {method} {0x000001f600470478} 'toHexString' '(I)Ljava/lang/String;' in 'java/lang/Integer')}
  0x000001f65724ffa4: 0001 48ba | e008 3243 | f601 0000 | 448b 82cc | 0000 0041 | 83c0 0244 | 8982 cc00 | 0000 4181 
  0x000001f65724ffc4: e0fe ff1f | 0045 85c0 | 0f84 d744 

  0x000001f65724ffd0: ;   {metadata(method data for {method} {0x000001f600470478} 'toHexString' '(I)Ljava/lang/String;' in 'java/lang/Integer')}
  0x000001f65724ffd0: 0000 48ba | e008 3243 | f601 0000 | 4883 8218 | 0100 0001 | 488b d041 | b804 0000 

  0x000001f65724ffec: ;   {static_call}
  0x000001f65724ffec: 0066 90e8 

  0x000001f65724fff0: ; ImmutableOopMap {[128]=Oop [152]=Oop [160]=Oop [168]=Oop [176]=Oop }
                      ;*invokestatic toUnsignedString0 {reexecute=0 rethrow=0 return_oop=0}
                      ; - java.lang.Integer::toHexString@2 (line 287)
                      ; - org.eclipse.osgi.internal.framework.BundleContextImpl::dispatchEvent@101 (line 971)
  0x000001f65724fff0: ecea 3007 

  0x000001f65724fff4: ;   {other}
  0x000001f65724fff4: 0f1f 8400 | ec11 0006 | 4c8b 8424 | a000 0000 

  0x000001f657250004: ;   {metadata(method data for {method} {0x000001f643658a38} 'dispatchEvent' '(Ljava/lang/Object;Ljava/lang/Object;ILjava/lang/Object;)V' in 'org/eclipse/osgi/internal/framework/BundleContextImpl')}
  0x000001f657250004: 48ba 0000 | 8843 f601 | 0000 4883 | 8268 0300 

  0x000001f657250014: ;   {metadata(method data for {method} {0x000001f600492840} 'append' '(Ljava/lang/String;)Ljava/lang/StringBuilder;' in 'java/lang/StringBuilder')}
  0x000001f657250014: 0001 49b8 | 50bf 0043 | f601 0000 | 418b 90cc | 0000 0083 | c202 4189 | 90cc 0000 | 0081 e2fe 
  0x000001f657250034: ff1f 0085 | d20f 848b | 4400 004c | 8b84 24a0 

  0x000001f657250044: ;   {metadata(method data for {method} {0x000001f600492840} 'append' '(Ljava/lang/String;)Ljava/lang/StringBuilder;' in 'java/lang/StringBuilder')}
  0x000001f657250044: 0000 0048 | ba50 bf00 | 43f6 0100 | 0048 8382 | 1801 0000 | 014c 8bc0 | 488b 9424 | a000 0000 
  0x000001f657250064: ;   {optimized virtual_call}
  0x000001f657250064: 6666 90e8 

  0x000001f657250068: ; ImmutableOopMap {[128]=Oop [152]=Oop [160]=Oop [168]=Oop [176]=Oop }
                      ;*invokespecial append {reexecute=0 rethrow=0 return_oop=0}
                      ; - java.lang.StringBuilder::append@2 (line 179)
                      ; - org.eclipse.osgi.internal.framework.BundleContextImpl::dispatchEvent@104 (line 971)
  0x000001f657250068: 74e4 3007 

  0x000001f65725006c: ;   {other}
  0x000001f65725006c: 0f1f 8400 | 6412 0007 | 488b 8424 | a000 0000 

  0x000001f65725007c: ;   {metadata(method data for {method} {0x000001f643658a38} 'dispatchEvent' '(Ljava/lang/Object;Ljava/lang/Object;ILjava/lang/Object;)V' in 'org/eclipse/osgi/internal/framework/BundleContextImpl')}
  0x000001f65725007c: 48ba 0000 | 8843 f601 | 0000 4883 | 8298 0300 

  0x000001f65725008c: ;   {metadata(method data for {method} {0x000001f60016ae60} 'toString' '()Ljava/lang/String;' in 'java/lang/StringBuilder')}
  0x000001f65725008c: 0001 48ba | 98c6 0043 | f601 0000 | 8bb2 cc00 | 0000 83c6 | 0289 b2cc | 0000 0081 | e6fe ff1f 
  0x000001f6572500ac: 0085 f60f | 8436 4400 | 0048 8b84 | 24a0 0000 

  0x000001f6572500bc: ;   {metadata(method data for {method} {0x000001f60016ae60} 'toString' '()Ljava/lang/String;' in 'java/lang/StringBuilder')}
  0x000001f6572500bc: 0048 ba98 | c600 43f6 | 0100 0048 | 8382 1801 

  0x000001f6572500cc: ;   {metadata(method data for {method} {0x000001f60016aeb8} 'length' '()I' in 'java/lang/StringBuilder')}
  0x000001f6572500cc: 0000 0148 | ba80 c800 | 43f6 0100 | 008b b2cc | 0000 0083 | c602 89b2 | cc00 0000 | 81e6 feff 
  0x000001f6572500ec: 1f00 85f6 | 0f84 1644 | 0000 488b | 8424 a000 

  0x000001f6572500fc: ;   {metadata(method data for {method} {0x000001f60016aeb8} 'length' '()I' in 'java/lang/StringBuilder')}
  0x000001f6572500fc: 0000 48ba | 80c8 0043 | f601 0000 | 4883 8218 | 0100 0001 | 4c8b 8424 | a000 0000 | 418b 500c 
  0x000001f65725011c: ;   {metadata(method data for {method} {0x000001f60016ae60} 'toString' '()Ljava/lang/String;' in 'java/lang/StringBuilder')}
  0x000001f65725011c: 85d2 48ba | 98c6 0043 | f601 0000 | be48 0100 | 0075 05be | 5801 0000 | 488b 3c32 | 488d 7f01 
  0x000001f65725013c: 4889 3c32 | 0f85 0f00 

  0x000001f657250144: ;   {oop(""{0x00000000c0000450})}
  0x000001f657250144: 0000 48bb | 5004 00c0 | 0000 0000 | e98f 0000 

  0x000001f657250154: ;   {metadata('java/lang/String')}
  0x000001f657250154: 0048 ba28 | 0d17 00f6 | 0100 0049 | 8b87 b801 | 0000 488d | 7818 493b | bfc8 0100 | 000f 87b6 
  0x000001f657250174: 4300 0049 | 89bf b801 | 0000 48c7 | 0001 0000 | 0048 8bca | 49ba 0000 | 0000 f601 | 0000 492b 
  0x000001f657250194: ca89 4808 | 4833 c989 | 480c 4833 | c948 8948 | 104c 8bc8 

  0x000001f6572501a8: ;   {metadata(method data for {method} {0x000001f60016ae60} 'toString' '()Ljava/lang/String;' in 'java/lang/StringBuilder')}
  0x000001f6572501a8: 48ba 98c6 | 0043 f601 | 0000 4883 | 8268 0100 

  0x000001f6572501b8: ;   {oop(nullptr)}
  0x000001f6572501b8: 0001 49b9 | 0000 0000 | 0000 0000 | 488b d048 | 8984 24b8 

  0x000001f6572501cc: ;   {optimized virtual_call}
  0x000001f6572501cc: 0000 00e8 

  0x000001f6572501d0: ; ImmutableOopMap {[128]=Oop [152]=Oop [168]=Oop [176]=Oop [184]=Oop }
                      ;*invokespecial <init> {reexecute=0 rethrow=0 return_oop=0}
                      ; - java.lang.StringBuilder::toString@16 (line 478)
                      ; - org.eclipse.osgi.internal.framework.BundleContextImpl::dispatchEvent@107 (line 970)
  0x000001f6572501d0: 0ce3 3007 

  0x000001f6572501d4: ;   {other}
  0x000001f6572501d4: 0f1f 8400 | cc13 0008 | 488b 9c24 | b800 0000 | 4889 9c24 | c800 0000 | 488b 9424 | 8000 0000 
  0x000001f6572501f4: 448b 4a18 

  0x000001f6572501f8: ;   {no_reloc}
  0x000001f6572501f8: e94c 4300 | 0000 0000 | 0000 498b | 87b8 0100 | 0048 8d78 | 1849 3bbf | c801 0000 | 0f87 3943 
  0x000001f657250218: 0000 4989 | bfb8 0100 | 0048 c700 | 0100 0000 | 488b ca49 | ba00 0000 | 00f6 0100 | 0049 2bca 
  0x000001f657250238: 8948 0848 | 33c9 8948 | 0c48 33c9 | 4889 4810 | 4889 8424 | c000 0000 

  0x000001f657250250: ;   {metadata(method data for {method} {0x000001f643658a38} 'dispatchEvent' '(Ljava/lang/Object;Ljava/lang/Object;ILjava/lang/Object;)V' in 'org/eclipse/osgi/internal/framework/BundleContextImpl')}
  0x000001f657250250: 4c8b c048 | ba00 0088 | 43f6 0100 | 0048 8382 | c803 0000 

  0x000001f657250264: ;   {metadata(method data for {method} {0x000001f600492b00} '<init>' '(Ljava/lang/String;)V' in 'java/lang/StringBuilder')}
  0x000001f657250264: 0149 b800 | ef32 43f6 | 0100 0041 | 8b90 cc00 | 0000 83c2 | 0241 8990 | cc00 0000 | 81e2 feff 
  0x000001f657250284: 1f00 85d2 | 0f84 d242 | 0000 4c8b 

  0x000001f657250290: ;   {metadata(method data for {method} {0x000001f600492b00} '<init>' '(Ljava/lang/String;)V' in 'java/lang/StringBuilder')}
  0x000001f657250290: c048 ba00 | ef32 43f6 | 0100 0048 | 8382 1801 

  0x000001f6572502a0: ;   {oop("dispatchBundleEvent["{0x00000000eadef010})}
  0x000001f6572502a0: 0000 0149 | b810 f0de | ea00 0000 | 0048 8bd0 | 4c89 8c24 | d000 0000 | 0f1f 8000 

  0x000001f6572502bc: ;   {optimized virtual_call}
  0x000001f6572502bc: 0000 00e8 

  0x000001f6572502c0: ; ImmutableOopMap {[128]=Oop [152]=Oop [168]=Oop [176]=Oop [192]=Oop [200]=Oop [208]=Oop }
                      ;*invokespecial <init> {reexecute=0 rethrow=0 return_oop=0}
                      ; - java.lang.StringBuilder::<init>@2 (line 131)
                      ; - org.eclipse.osgi.internal.framework.BundleContextImpl::dispatchEvent@126 (line 972)
  0x000001f6572502c0: 1ce2 3007 

  0x000001f6572502c4: ;   {other}
  0x000001f6572502c4: 0f1f 8400 | bc14 0009 | 488b 9424 | 8000 0000 | 8b72 1048 | 8b84 24c0 

  0x000001f6572502dc: ;   {metadata(method data for {method} {0x000001f643658a38} 'dispatchEvent' '(Ljava/lang/Object;Ljava/lang/Object;ILjava/lang/Object;)V' in 'org/eclipse/osgi/internal/framework/BundleContextImpl')}
  0x000001f6572502dc: 0000 0048 | bf00 0088 | 43f6 0100 | 0048 8387 | d803 0000 

  0x000001f6572502f0: ;   {metadata(method data for {method} {0x000001f600492898} 'append' '(Ljava/lang/Object;)Ljava/lang/StringBuilder;' in 'java/lang/StringBuilder')}
  0x000001f6572502f0: 0148 bfd0 | 9109 43f6 | 0100 008b | 9fcc 0000 | 0083 c302 | 899f cc00 | 0000 81e3 | feff 1f00 
  0x000001f657250310: 85db 0f84 | 6942 0000 

  0x000001f657250318: ;   {metadata(method data for {method} {0x000001f600492898} 'append' '(Ljava/lang/Object;)Ljava/lang/StringBuilder;' in 'java/lang/StringBuilder')}
  0x000001f657250318: 48bf d091 | 0943 f601 | 0000 4883 | 8718 0100 

  0x000001f657250328: ;   {metadata(method data for {method} {0x000001f60048d080} 'valueOf' '(Ljava/lang/Object;)Ljava/lang/String;' in 'java/lang/String')}
  0x000001f657250328: 0001 48bf | 7093 0943 | f601 0000 | 8b9f cc00 | 0000 83c3 | 0289 9fcc | 0000 0081 | e3fe ff1f 
  0x000001f657250348: 0085 db0f | 8451 4200 | 0048 85f6 

  0x000001f657250354: ;   {metadata(method data for {method} {0x000001f60048d080} 'valueOf' '(Ljava/lang/Object;)Ljava/lang/String;' in 'java/lang/String')}
  0x000001f657250354: 48bf 7093 | 0943 f601 | 0000 bb18 | 0100 0075 | 05bb 2801 | 0000 488b | 041f 488d | 4001 4889 
  0x000001f657250374: 041f 0f85 | 1f00 0000 

  0x000001f65725037c: ;   {metadata(method data for {method} {0x000001f60048d080} 'valueOf' '(Ljava/lang/Object;)Ljava/lang/String;' in 'java/lang/String')}
  0x000001f65725037c: 48be 7093 | 0943 f601 | 0000 ff86 | 3801 0000 

  0x000001f65725038c: ;   {oop("null"{0x00000000c0000f28})}
  0x000001f65725038c: 48be 280f | 00c0 0000 | 0000 e9ac | 0000 0048 | 3b06 488b 

  0x000001f6572503a0: ;   {metadata(method data for {method} {0x000001f60048d080} 'valueOf' '(Ljava/lang/Object;)Ljava/lang/String;' in 'java/lang/String')}
  0x000001f6572503a0: fe48 bb70 | 9309 43f6 | 0100 008b | 7f08 49ba | 0000 0000 | f601 0000 | 4903 fa48 | 3bbb 5801 
  0x000001f6572503c0: 0000 750d | 4883 8360 | 0100 0001 | e960 0000 | 0048 3bbb | 6801 0000 | 750d 4883 | 8370 0100 
  0x000001f6572503e0: 0001 e94a | 0000 0048 | 83bb 5801 | 0000 0075 | 1748 89bb | 5801 0000 | 48c7 8360 | 0100 0001 
  0x000001f657250400: 0000 00e9 | 2900 0000 | 4883 bb68 | 0100 0000 | 7517 4889 | bb68 0100 | 0048 c783 | 7001 0000 
  0x000001f657250420: 0100 0000 | e908 0000 | 0048 8383 | 5001 0000 | 0148 8bd6 

  0x000001f657250434: ;   {optimized virtual_call}
  0x000001f657250434: 6666 90e8 

  0x000001f657250438: ; ImmutableOopMap {[128]=Oop [152]=Oop [168]=Oop [176]=Oop [192]=Oop [200]=Oop [208]=Oop }
                      ;*invokevirtual toString {reexecute=0 rethrow=0 return_oop=0}
                      ; - java.lang.String::valueOf@11 (line 4556)
                      ; - java.lang.StringBuilder::append@2 (line 173)
                      ; - org.eclipse.osgi.internal.framework.BundleContextImpl::dispatchEvent@133 (line 972)
  0x000001f657250438: a4e0 3007 

  0x000001f65725043c: ;   {other}
  0x000001f65725043c: 0f1f 8400 | 3416 000a | 488b f048 | 8b84 24c0 

  0x000001f65725044c: ;   {metadata(method data for {method} {0x000001f600492898} 'append' '(Ljava/lang/Object;)Ljava/lang/StringBuilder;' in 'java/lang/StringBuilder')}
  0x000001f65725044c: 0000 0049 | b8d0 9109 | 43f6 0100 | 0049 8380 | 2801 0000 

  0x000001f657250460: ;   {metadata(method data for {method} {0x000001f600492840} 'append' '(Ljava/lang/String;)Ljava/lang/StringBuilder;' in 'java/lang/StringBuilder')}
  0x000001f657250460: 0149 b850 | bf00 43f6 | 0100 0041 | 8b90 cc00 | 0000 83c2 | 0241 8990 | cc00 0000 | 81e2 feff 
  0x000001f657250480: 1f00 85d2 | 0f84 3e41 | 0000 488b | 8424 c000 

  0x000001f657250490: ;   {metadata(method data for {method} {0x000001f600492840} 'append' '(Ljava/lang/String;)Ljava/lang/StringBuilder;' in 'java/lang/StringBuilder')}
  0x000001f657250490: 0000 49b8 | 50bf 0043 | f601 0000 | 4983 8018 | 0100 0001 | 4c8b c648 | 8b94 24c0 

  0x000001f6572504ac: ;   {optimized virtual_call}
  0x000001f6572504ac: 0000 00e8 

  0x000001f6572504b0: ; ImmutableOopMap {[128]=Oop [152]=Oop [168]=Oop [176]=Oop [192]=Oop [200]=Oop [208]=Oop }
                      ;*invokespecial append {reexecute=0 rethrow=0 return_oop=0}
                      ; - java.lang.StringBuilder::append@2 (line 179)
                      ; - java.lang.StringBuilder::append@5 (line 173)
                      ; - org.eclipse.osgi.internal.framework.BundleContextImpl::dispatchEvent@133 (line 972)
  0x000001f6572504b0: 2ce0 3007 

  0x000001f6572504b4: ;   {other}
  0x000001f6572504b4: 0f1f 8400 | ac16 000b | 488b 8424 | c000 0000 

  0x000001f6572504c4: ;   {metadata(method data for {method} {0x000001f643658a38} 'dispatchEvent' '(Ljava/lang/Object;Ljava/lang/Object;ILjava/lang/Object;)V' in 'org/eclipse/osgi/internal/framework/BundleContextImpl')}
  0x000001f6572504c4: 4c8b c048 | ba00 0088 | 43f6 0100 | 0048 8382 | 0804 0000 

  0x000001f6572504d8: ;   {metadata(method data for {method} {0x000001f600492840} 'append' '(Ljava/lang/String;)Ljava/lang/StringBuilder;' in 'java/lang/StringBuilder')}
  0x000001f6572504d8: 0149 b850 | bf00 43f6 | 0100 0041 | 8b90 cc00 | 0000 83c2 | 0241 8990 | cc00 0000 | 81e2 feff 
  0x000001f6572504f8: 1f00 85d2 | 0f84 e740 | 0000 4c8b 

  0x000001f657250504: ;   {metadata(method data for {method} {0x000001f600492840} 'append' '(Ljava/lang/String;)Ljava/lang/StringBuilder;' in 'java/lang/StringBuilder')}
  0x000001f657250504: c048 ba50 | bf00 43f6 | 0100 0048 | 8382 1801 

  0x000001f657250514: ;   {oop("]("{0x00000000eadef050})}
  0x000001f657250514: 0000 0149 | b850 f0de | ea00 0000 | 0048 8bd0 

  0x000001f657250524: ;   {optimized virtual_call}
  0x000001f657250524: 6666 90e8 

  0x000001f657250528: ; ImmutableOopMap {[128]=Oop [152]=Oop [168]=Oop [176]=Oop [192]=Oop [200]=Oop [208]=Oop }
                      ;*invokespecial append {reexecute=0 rethrow=0 return_oop=0}
                      ; - java.lang.StringBuilder::append@2 (line 179)
                      ; - org.eclipse.osgi.internal.framework.BundleContextImpl::dispatchEvent@139 (line 972)
  0x000001f657250528: b4df 3007 

  0x000001f65725052c: ;   {other}
  0x000001f65725052c: 0f1f 8400 | 2417 000c | 488b 8424 | c000 0000 

  0x000001f65725053c: ;   {metadata(method data for {method} {0x000001f643658a38} 'dispatchEvent' '(Ljava/lang/Object;Ljava/lang/Object;ILjava/lang/Object;)V' in 'org/eclipse/osgi/internal/framework/BundleContextImpl')}
  0x000001f65725053c: 49b8 0000 | 8843 f601 | 0000 4983 | 8038 0400 

  0x000001f65725054c: ;   {metadata(method data for {method} {0x000001f600492840} 'append' '(Ljava/lang/String;)Ljava/lang/StringBuilder;' in 'java/lang/StringBuilder')}
  0x000001f65725054c: 0001 49b8 | 50bf 0043 | f601 0000 | 418b 90cc | 0000 0083 | c202 4189 | 90cc 0000 | 0081 e2fe 
  0x000001f65725056c: ff1f 0085 | d20f 8493 | 4000 0048 | 8b84 24c0 

  0x000001f65725057c: ;   {metadata(method data for {method} {0x000001f600492840} 'append' '(Ljava/lang/String;)Ljava/lang/StringBuilder;' in 'java/lang/StringBuilder')}
  0x000001f65725057c: 0000 0049 | b850 bf00 | 43f6 0100 | 0049 8380 | 1801 0000 | 014c 8b84 | 24c8 0000 | 0048 8b94 
  0x000001f65725059c: 24c0 0000 | 0066 0f1f 

  0x000001f6572505a4: ;   {optimized virtual_call}
  0x000001f6572505a4: 4400 00e8 

  0x000001f6572505a8: ; ImmutableOopMap {[128]=Oop [152]=Oop [168]=Oop [176]=Oop [192]=Oop [208]=Oop }
                      ;*invokespecial append {reexecute=0 rethrow=0 return_oop=0}
                      ; - java.lang.StringBuilder::append@2 (line 179)
                      ; - org.eclipse.osgi.internal.framework.BundleContextImpl::dispatchEvent@144 (line 972)
  0x000001f6572505a8: 34df 3007 

  0x000001f6572505ac: ;   {other}
  0x000001f6572505ac: 0f1f 8400 | a417 000d | 488b 8424 | c000 0000 

  0x000001f6572505bc: ;   {metadata(method data for {method} {0x000001f643658a38} 'dispatchEvent' '(Ljava/lang/Object;Ljava/lang/Object;ILjava/lang/Object;)V' in 'org/eclipse/osgi/internal/framework/BundleContextImpl')}
  0x000001f6572505bc: 49b8 0000 | 8843 f601 | 0000 4983 | 8068 0400 

  0x000001f6572505cc: ;   {metadata(method data for {method} {0x000001f600492840} 'append' '(Ljava/lang/String;)Ljava/lang/StringBuilder;' in 'java/lang/StringBuilder')}
  0x000001f6572505cc: 0001 49b8 | 50bf 0043 | f601 0000 | 418b 90cc | 0000 0083 | c202 4189 | 90cc 0000 | 0081 e2fe 
  0x000001f6572505ec: ff1f 0085 | d20f 8434 | 4000 0048 | 8b84 24c0 

  0x000001f6572505fc: ;   {metadata(method data for {method} {0x000001f600492840} 'append' '(Ljava/lang/String;)Ljava/lang/StringBuilder;' in 'java/lang/StringBuilder')}
  0x000001f6572505fc: 0000 0049 | b850 bf00 | 43f6 0100 | 0049 8380 | 1801 0000 

  0x000001f657250610: ;   {oop(")"{0x00000000c0001240})}
  0x000001f657250610: 0149 b840 | 1200 c000 | 0000 0048 | 8b94 24c0 | 0000 000f 

  0x000001f657250624: ;   {optimized virtual_call}
  0x000001f657250624: 1f40 00e8 

  0x000001f657250628: ; ImmutableOopMap {[128]=Oop [152]=Oop [168]=Oop [176]=Oop [192]=Oop [208]=Oop }
                      ;*invokespecial append {reexecute=0 rethrow=0 return_oop=0}
                      ; - java.lang.StringBuilder::append@2 (line 179)
                      ; - org.eclipse.osgi.internal.framework.BundleContextImpl::dispatchEvent@150 (line 972)
  0x000001f657250628: b4de 3007 

  0x000001f65725062c: ;   {other}
  0x000001f65725062c: 0f1f 8400 | 2418 000e | 488b 8424 | c000 0000 

  0x000001f65725063c: ;   {metadata(method data for {method} {0x000001f643658a38} 'dispatchEvent' '(Ljava/lang/Object;Ljava/lang/Object;ILjava/lang/Object;)V' in 'org/eclipse/osgi/internal/framework/BundleContextImpl')}
  0x000001f65725063c: 48ba 0000 | 8843 f601 | 0000 4883 | 8298 0400 

  0x000001f65725064c: ;   {metadata(method data for {method} {0x000001f60016ae60} 'toString' '()Ljava/lang/String;' in 'java/lang/StringBuilder')}
  0x000001f65725064c: 0001 48ba | 98c6 0043 | f601 0000 | 8bb2 cc00 | 0000 83c6 | 0289 b2cc | 0000 0081 | e6fe ff1f 
  0x000001f65725066c: 0085 f60f | 84d7 3f00 | 0048 8b84 | 24c0 0000 

  0x000001f65725067c: ;   {metadata(method data for {method} {0x000001f60016ae60} 'toString' '()Ljava/lang/String;' in 'java/lang/StringBuilder')}
  0x000001f65725067c: 0048 ba98 | c600 43f6 | 0100 0048 | 8382 1801 

  0x000001f65725068c: ;   {metadata(method data for {method} {0x000001f60016aeb8} 'length' '()I' in 'java/lang/StringBuilder')}
  0x000001f65725068c: 0000 0148 | ba80 c800 | 43f6 0100 | 008b b2cc | 0000 0083 | c602 89b2 | cc00 0000 | 81e6 feff 
  0x000001f6572506ac: 1f00 85f6 | 0f84 b73f | 0000 488b | 8424 c000 

  0x000001f6572506bc: ;   {metadata(method data for {method} {0x000001f60016aeb8} 'length' '()I' in 'java/lang/StringBuilder')}
  0x000001f6572506bc: 0000 48ba | 80c8 0043 | f601 0000 | 4883 8218 | 0100 0001 | 4c8b 8424 | c000 0000 | 418b 500c 
  0x000001f6572506dc: ;   {metadata(method data for {method} {0x000001f60016ae60} 'toString' '()Ljava/lang/String;' in 'java/lang/StringBuilder')}
  0x000001f6572506dc: 85d2 48ba | 98c6 0043 | f601 0000 | be48 0100 | 0075 05be | 5801 0000 | 488b 3c32 | 488d 7f01 
  0x000001f6572506fc: 4889 3c32 | 0f85 0f00 

  0x000001f657250704: ;   {oop(""{0x00000000c0000450})}
  0x000001f657250704: 0000 48be | 5004 00c0 | 0000 0000 | e98f 0000 

  0x000001f657250714: ;   {metadata('java/lang/String')}
  0x000001f657250714: 0048 ba28 | 0d17 00f6 | 0100 0049 | 8b87 b801 | 0000 488d | 7818 493b | bfc8 0100 | 000f 8757 
  0x000001f657250734: 3f00 0049 | 89bf b801 | 0000 48c7 | 0001 0000 | 0048 8bca | 49ba 0000 | 0000 f601 | 0000 492b 
  0x000001f657250754: ca89 4808 | 4833 c989 | 480c 4833 | c948 8948 | 104c 8bc8 

  0x000001f657250768: ;   {metadata(method data for {method} {0x000001f60016ae60} 'toString' '()Ljava/lang/String;' in 'java/lang/StringBuilder')}
  0x000001f657250768: 48ba 98c6 | 0043 f601 | 0000 4883 | 8268 0100 

  0x000001f657250778: ;   {oop(nullptr)}
  0x000001f657250778: 0001 49b9 | 0000 0000 | 0000 0000 | 488b d048 | 8984 24d8 

  0x000001f65725078c: ;   {optimized virtual_call}
  0x000001f65725078c: 0000 00e8 

  0x000001f657250790: ; ImmutableOopMap {[128]=Oop [152]=Oop [168]=Oop [176]=Oop [208]=Oop [216]=Oop }
                      ;*invokespecial <init> {reexecute=0 rethrow=0 return_oop=0}
                      ; - java.lang.StringBuilder::toString@16 (line 478)
                      ; - org.eclipse.osgi.internal.framework.BundleContextImpl::dispatchEvent@153 (line 972)
  0x000001f657250790: 4cdd 3007 

  0x000001f657250794: ;   {other}
  0x000001f657250794: 0f1f 8400 | 8c19 000f | 488b b424 | d800 0000 | 4c8b 8c24 | d000 0000 

  0x000001f6572507ac: ; implicit exception: dispatches to 0x000001f65725469b
  0x000001f6572507ac: 493b 014d 

  0x000001f6572507b0: ;   {metadata(method data for {method} {0x000001f643658a38} 'dispatchEvent' '(Ljava/lang/Object;Ljava/lang/Object;ILjava/lang/Object;)V' in 'org/eclipse/osgi/internal/framework/BundleContextImpl')}
  0x000001f6572507b0: 8bc1 48ba | 0000 8843 | f601 0000 

  0x000001f6572507bc: ;   {metadata('org/eclipse/osgi/internal/debug/Debug')}
  0x000001f6572507bc: 49ba 0060 | 0801 f601 | 0000 4c89 | 92d0 0400 | 0048 8382 | d804 0000 

  0x000001f6572507d4: ;   {metadata(method data for {method} {0x000001f6434cb398} 'trace' '(Ljava/lang/String;Ljava/lang/String;)V' in 'org/eclipse/osgi/internal/debug/Debug')}
  0x000001f6572507d4: 0149 b8a8 | ed84 43f6 | 0100 0041 | 8b90 cc00 | 0000 83c2 | 0241 8990 | cc00 0000 | 81e2 feff 
  0x000001f6572507f4: 1f00 85d2 | 0f84 a23e | 0000 418b | 5120 4885 

  0x000001f657250804: ;   {metadata(method data for {method} {0x000001f6434cb398} 'trace' '(Ljava/lang/String;Ljava/lang/String;)V' in 'org/eclipse/osgi/internal/debug/Debug')}
  0x000001f657250804: d249 b8a8 | ed84 43f6 | 0100 0041 | b918 0100 | 0074 0641 | b928 0100 | 004b 8b3c | 0848 8d7f 
  0x000001f657250824: 014b 893c | 080f 84e3 | 0200 0048 | 89b4 24e0 | 0000 0048 | 85d2 0f84 | 2900 0000 

  0x000001f657250840: ;   {metadata('org/eclipse/osgi/internal/log/ExtendedLogServiceImpl')}
  0x000001f657250840: 48bb 48ae | 0801 f601 | 0000 8b7a | 0849 ba00 | 0000 00f6 | 0100 0049 | 03fa 483b | 5f38 0f85 
  0x000001f657250860: 5d3e 0000 | e900 0000 | 004c 8bc2 

  0x000001f65725086c: ; implicit exception: dispatches to 0x000001f6572546c6
  0x000001f65725086c: 483b 024c 

  0x000001f657250870: ;   {metadata(method data for {method} {0x000001f6434cb398} 'trace' '(Ljava/lang/String;Ljava/lang/String;)V' in 'org/eclipse/osgi/internal/debug/Debug')}
  0x000001f657250870: 8bc2 49b9 | a8ed 8443 | f601 0000 

  0x000001f65725087c: ;   {metadata('org/eclipse/osgi/internal/log/ExtendedLogServiceImpl')}
  0x000001f65725087c: 49ba 48ae | 0801 f601 | 0000 4d89 | 9140 0100 | 0049 8381 | 4801 0000 

  0x000001f657250894: ;   {metadata(method data for {method} {0x000001f6434f1300} 'getLogger' '(Ljava/lang/String;)Lorg/osgi/service/log/Logger;' in 'org/eclipse/osgi/internal/log/ExtendedLogServiceImpl')}
  0x000001f657250894: 0149 b808 | f384 43f6 | 0100 0045 | 8b88 cc00 | 0000 4183 | c102 4589 | 88cc 0000 | 0041 81e1 
  0x000001f6572508b4: feff 1f00 | 4585 c90f | 840a 3e00 | 004c 8bc2 

  0x000001f6572508c4: ;   {metadata(method data for {method} {0x000001f6434f1300} 'getLogger' '(Ljava/lang/String;)Lorg/osgi/service/log/Logger;' in 'org/eclipse/osgi/internal/log/ExtendedLogServiceImpl')}
  0x000001f6572508c4: 49b9 08f3 | 8443 f601 

  0x000001f6572508cc: ;   {metadata('org/eclipse/osgi/internal/log/ExtendedLogServiceImpl')}
  0x000001f6572508cc: 0000 49ba | 48ae 0801 | f601 0000 | 4d89 9120 | 0100 0049 | 8381 2801 

  0x000001f6572508e4: ;   {metadata(method data for {method} {0x000001f6434eeb88} 'getLogger' '(Ljava/lang/String;)Lorg/eclipse/equinox/log/Logger;' in 'org/eclipse/osgi/internal/log/ExtendedLogServiceImpl')}
  0x000001f6572508e4: 0000 0149 | b800 f784 | 43f6 0100 | 0045 8b88 | cc00 0000 | 4183 c102 | 4589 88cc | 0000 0041 
  0x000001f657250904: 81e1 feff | 1f00 4585 | c90f 84d9 | 3d00 004c 

  0x000001f657250914: ;   {metadata(method data for {method} {0x000001f6434eeb88} 'getLogger' '(Ljava/lang/String;)Lorg/eclipse/equinox/log/Logger;' in 'org/eclipse/osgi/internal/log/ExtendedLogServiceImpl')}
  0x000001f657250914: 8bc2 49b9 | 00f7 8443 | f601 0000 

  0x000001f657250920: ;   {metadata('org/eclipse/osgi/internal/log/ExtendedLogServiceImpl')}
  0x000001f657250920: 49ba 48ae | 0801 f601 | 0000 4d89 | 9120 0100 | 0049 8381 | 2801 0000 

  0x000001f657250938: ;   {oop("org.eclipse.osgi/debug/events"{0x00000000c0095850})}
  0x000001f657250938: 0149 b850 | 5809 c000 

  0x000001f657250940: ;   {oop(a 'java/lang/Class'{0x00000000ec826e18} = 'org/osgi/service/log/Logger')}
  0x000001f657250940: 0000 0049 | b918 6e82 | ec00 0000 

  0x000001f65725094c: ;   {optimized virtual_call}
  0x000001f65725094c: 0066 90e8 

  0x000001f657250950: ; ImmutableOopMap {[128]=Oop [152]=Oop [168]=Oop [176]=Oop [224]=Oop }
                      ;*invokevirtual getLogger {reexecute=0 rethrow=0 return_oop=0}
                      ; - org.eclipse.osgi.internal.log.ExtendedLogServiceImpl::getLogger@4 (line 73)
                      ; - org.eclipse.osgi.internal.log.ExtendedLogServiceImpl::getLogger@2 (line 1)
                      ; - org.eclipse.osgi.internal.debug.Debug::trace@11 (line 230)
                      ; - org.eclipse.osgi.internal.framework.BundleContextImpl::dispatchEvent@156 (line 972)
  0x000001f657250950: 8cdb 3007 

  0x000001f657250954: ;   {other}
  0x000001f657250954: 0f1f 8400 | 4c1b 0010 

  0x000001f65725095c: ;   {metadata(method data for {method} {0x000001f6434eeb88} 'getLogger' '(Ljava/lang/String;)Lorg/eclipse/equinox/log/Logger;' in 'org/eclipse/osgi/internal/log/ExtendedLogServiceImpl')}
  0x000001f65725095c: 4885 c048 | be00 f784 | 43f6 0100 | 0075 0c80 | 8e41 0100 | 0001 e9c9 | 0000 008b | 7808 49ba 
  0x000001f65725097c: 0000 0000 | f601 0000 | 4903 fa48 | 3bbe 5001 | 0000 750d | 4883 8658 | 0100 0001 | e960 0000 
  0x000001f65725099c: 0048 3bbe | 6001 0000 | 750d 4883 | 8668 0100 | 0001 e94a | 0000 0048 | 83be 5001 | 0000 0075 
  0x000001f6572509bc: 1748 89be | 5001 0000 | 48c7 8658 | 0100 0001 | 0000 00e9 | 2900 0000 | 4883 be60 | 0100 0000 
  0x000001f6572509dc: 7517 4889 | be60 0100 | 0048 c786 | 6801 0000 | 0100 0000 | e908 0000 | 0048 8386 | 4801 0000 
  0x000001f6572509fc: ;   {metadata('org/eclipse/equinox/log/Logger')}
  0x000001f6572509fc: 0148 bf00 | 8208 01f6 | 0100 008b | 7008 49ba | 0000 0000 | f601 0000 | 4903 f248 | 3b7e 200f 
  0x000001f657250a1c: 841f 0000 | 0048 3bf7 | 0f84 1600 | 0000 5657 

  0x000001f657250a2c: ;   {runtime_call slow_subtype_check Runtime1 stub}
  0x000001f657250a2c: e88f 133c | 075e 5e85 | f60f 84d2 | 3c00 00e9 | 0000 0000 | 488b d048 | 3b02 4c8b 

  0x000001f657250a48: ;   {metadata(method data for {method} {0x000001f6434cb398} 'trace' '(Ljava/lang/String;Ljava/lang/String;)V' in 'org/eclipse/osgi/internal/debug/Debug')}
  0x000001f657250a48: c248 bea8 | ed84 43f6 | 0100 0045 | 8b40 0849 | ba00 0000 | 00f6 0100 | 004d 03c2 | 4c3b 8670 
  0x000001f657250a68: 0100 0075 | 0d48 8386 | 7801 0000 | 01e9 6000 | 0000 4c3b | 8680 0100 | 0075 0d48 | 8386 8801 
  0x000001f657250a88: 0000 01e9 | 4a00 0000 | 4883 be70 | 0100 0000 | 7517 4c89 | 8670 0100 | 0048 c786 | 7801 0000 
  0x000001f657250aa8: 0100 0000 | e929 0000 | 0048 83be | 8001 0000 | 0075 174c | 8986 8001 | 0000 48c7 | 8688 0100 
  0x000001f657250ac8: 0001 0000 | 00e9 0800 | 0000 4883 | 8668 0100 | 0001 4c8b | 8424 e000 | 0000 6666 | 9048 b878 
  0x000001f657250ae8: 4239 47f6 

  0x000001f657250aec: ;   {virtual_call}
  0x000001f657250aec: 0100 00e8 

  0x000001f657250af0: ; ImmutableOopMap {[128]=Oop [152]=Oop [168]=Oop [176]=Oop }
                      ;*invokeinterface trace {reexecute=0 rethrow=0 return_oop=0}
                      ; - org.eclipse.osgi.internal.debug.Debug::trace@17 (line 230)
                      ; - org.eclipse.osgi.internal.framework.BundleContextImpl::dispatchEvent@156 (line 972)
  0x000001f657250af0: ecdc 3007 

  0x000001f657250af4: ;   {other}
  0x000001f657250af4: 0f1f 8400 | ec1c 0011 

  0x000001f657250afc: ;   {metadata(method data for {method} {0x000001f6434cb398} 'trace' '(Ljava/lang/String;Ljava/lang/String;)V' in 'org/eclipse/osgi/internal/debug/Debug')}
  0x000001f657250afc: 49b8 a8ed | 8443 f601 | 0000 41ff | 8098 0100 | 00e9 4a00 

  0x000001f657250b10: ;   {oop(a 'java/lang/Class'{0x00000000ec826500} = 'org/eclipse/osgi/internal/debug/Debug')}
  0x000001f657250b10: 0000 49b8 | 0065 82ec | 0000 0000 | 418b 90c8 | 0000 0048 | 3b02 4c8b 

  0x000001f657250b28: ;   {metadata(method data for {method} {0x000001f6434cb398} 'trace' '(Ljava/lang/String;Ljava/lang/String;)V' in 'org/eclipse/osgi/internal/debug/Debug')}
  0x000001f657250b28: c248 bfa8 | ed84 43f6 

  0x000001f657250b30: ;   {metadata('java/io/PrintStream')}
  0x000001f657250b30: 0100 0049 | bac8 c816 | 00f6 0100 | 004c 8997 | b801 0000 | 4883 87c0 | 0100 0001 

  0x000001f657250b4c: ;   {optimized virtual_call}
  0x000001f657250b4c: 4c8b c6e8 

  0x000001f657250b50: ; ImmutableOopMap {[128]=Oop [152]=Oop [168]=Oop [176]=Oop }
                      ;*invokevirtual println {reexecute=0 rethrow=0 return_oop=0}
                      ; - org.eclipse.osgi.internal.debug.Debug::trace@29 (line 232)
                      ; - org.eclipse.osgi.internal.framework.BundleContextImpl::dispatchEvent@156 (line 972)
  0x000001f657250b50: 8cd9 3007 

  0x000001f657250b54: ;   {other}
  0x000001f657250b54: 0f1f 8400 | 4c1d 0012 | 488b 9c24 | a800 0000 | 488b b424 | 9800 0000 

  0x000001f657250b6c: ;   {metadata(method data for {method} {0x000001f643658a38} 'dispatchEvent' '(Ljava/lang/Object;Ljava/lang/Object;ILjava/lang/Object;)V' in 'org/eclipse/osgi/internal/framework/BundleContextImpl')}
  0x000001f657250b6c: 4885 f648 | bf00 0088 | 43f6 0100 | 0075 0c80 | 8ff1 0400 | 0001 e9ae | 0000 008b | 4608 49ba 
  0x000001f657250b8c: 0000 0000 | f601 0000 | 4903 c248 | 3b87 0005 | 0000 750d | 4883 8708 | 0500 0001 | e960 0000 
  0x000001f657250bac: 0048 3b87 | 1005 0000 | 750d 4883 | 8718 0500 | 0001 e94a | 0000 0048 | 83bf 0005 | 0000 0075 
  0x000001f657250bcc: 1748 8987 | 0005 0000 | 48c7 8708 | 0500 0001 | 0000 00e9 | 2900 0000 | 4883 bf10 | 0500 0000 
  0x000001f657250bec: 7517 4889 | 8710 0500 | 0048 c787 | 1805 0000 | 0100 0000 | e908 0000 | 0048 8387 | f804 0000 
  0x000001f657250c0c: ;   {metadata('org/osgi/framework/BundleEvent')}
  0x000001f657250c0c: 0148 b8b0 | db01 01f6 | 0100 008b | 5608 49ba | 0000 0000 | f601 0000 | 4903 d248 | 3bc2 0f85 
  0x000001f657250c2c: f03a 0000 | e900 0000 | 004c 8bc6 

  0x000001f657250c38: ; implicit exception: dispatches to 0x000001f657254729
  0x000001f657250c38: 483b 0348 

  0x000001f657250c3c: ;   {metadata(method data for {method} {0x000001f643658a38} 'dispatchEvent' '(Ljava/lang/Object;Ljava/lang/Object;ILjava/lang/Object;)V' in 'org/eclipse/osgi/internal/framework/BundleContextImpl')}
  0x000001f657250c3c: 8bd3 48bf | 0000 8843 | f601 0000 | 8b52 0849 | ba00 0000 | 00f6 0100 | 0049 03d2 | 483b 9730 
  0x000001f657250c5c: 0500 0075 | 0d48 8387 | 3805 0000 | 01e9 6000 | 0000 483b | 9740 0500 | 0075 0d48 | 8387 4805 
  0x000001f657250c7c: 0000 01e9 | 4a00 0000 | 4883 bf30 | 0500 0000 | 7517 4889 | 9730 0500 | 0048 c787 | 3805 0000 
  0x000001f657250c9c: 0100 0000 | e929 0000 | 0048 83bf | 4005 0000 | 0075 1748 | 8997 4005 | 0000 48c7 | 8748 0500 
  0x000001f657250cbc: 0001 0000 | 00e9 0800 | 0000 4883 | 8728 0500 | 0001 488b | d30f 1f40 | 0048 b8a0 | 4239 47f6 
  0x000001f657250cdc: ;   {virtual_call}
  0x000001f657250cdc: 0100 00e8 

  0x000001f657250ce0: ; ImmutableOopMap {[128]=Oop [152]=Oop [176]=Oop }
                      ;*invokeinterface bundleChanged {reexecute=0 rethrow=0 return_oop=0}
                      ; - org.eclipse.osgi.internal.framework.BundleContextImpl::dispatchEvent@166 (line 975)
  0x000001f657250ce0: ec5f 3c07 

  0x000001f657250ce4: ;   {other}
  0x000001f657250ce4: 0f1f 8400 | dc1e 0013 

  0x000001f657250cec: ;   {metadata(method data for {method} {0x000001f643658a38} 'dispatchEvent' '(Ljava/lang/Object;Ljava/lang/Object;ILjava/lang/Object;)V' in 'org/eclipse/osgi/internal/framework/BundleContextImpl')}
  0x000001f657250cec: 48ba 0000 | 8843 f601 | 0000 ff82 | 5805 0000 | 488b 8424 | b000 0000 | e97c 2400 | 004c 8b8c 
  0x000001f657250d0c: 2490 0000 | 004d 85c9 

  0x000001f657250d14: ;   {metadata(method data for {method} {0x000001f643658a38} 'dispatchEvent' '(Ljava/lang/Object;Ljava/lang/Object;ILjava/lang/Object;)V' in 'org/eclipse/osgi/internal/framework/BundleContextImpl')}
  0x000001f657250d14: 48bf 0000 | 8843 f601 | 0000 750c | 808f 9108 | 0000 01e9 | cb00 0000 | 418b 4108 | 49ba 0000 
  0x000001f657250d34: 0000 f601 | 0000 4903 | c248 3b87 | a008 0000 | 750d 4883 | 87a8 0800 | 0001 e960 | 0000 0048 
  0x000001f657250d54: 3b87 b008 | 0000 750d | 4883 87b8 | 0800 0001 | e94a 0000 | 0048 83bf | a008 0000 | 0075 1748 
  0x000001f657250d74: 8987 a008 | 0000 48c7 | 87a8 0800 | 0001 0000 | 00e9 2900 | 0000 4883 | bfb0 0800 | 0000 7517 
  0x000001f657250d94: 4889 87b0 | 0800 0048 | c787 b808 | 0000 0100 | 0000 e908 | 0000 0048 | 8387 9808 

  0x000001f657250db0: ;   {metadata('org/osgi/framework/FrameworkListener')}
  0x000001f657250db0: 0000 0148 | b848 cf01 | 01f6 0100 | 0041 8b79 | 0849 ba00 | 0000 00f6 | 0100 0049 | 03fa 483b 
  0x000001f657250dd0: 4720 0f84 | 1f00 0000 | 483b f80f | 8416 0000 

  0x000001f657250de0: ;   {runtime_call slow_subtype_check Runtime1 stub}
  0x000001f657250de0: 0057 50e8 | d80f 3c07 | 5f5f 85ff | 0f84 3c39 | 0000 e900 | 0000 0049 | 8bd9 8b72 | 180f be76 
  0x000001f657250e00: ;   {metadata(method data for {method} {0x000001f643658a38} 'dispatchEvent' '(Ljava/lang/Object;Ljava/lang/Object;ILjava/lang/Object;)V' in 'org/eclipse/osgi/internal/framework/BundleContextImpl')}
  0x000001f657250e00: 1185 f648 | be00 0088 | 43f6 0100 | 00bf c808 | 0000 7405 | bfd8 0800 | 0048 8b04 | 3e48 8d40 
  0x000001f657250e20: 0148 8904 | 3e0f 8469 | 0f00 000f | 1f44 0000 

  0x000001f657250e30: ;   {no_reloc}
  0x000001f657250e30: e916 3900 | 0000 0000 | 0000 498b | 87b8 0100 | 0048 8d78 | 1849 3bbf | c801 0000 | 0f87 0339 
  0x000001f657250e50: 0000 4989 | bfb8 0100 | 0048 c700 | 0100 0000 | 488b ca49 | ba00 0000 | 00f6 0100 | 0049 2bca 
  0x000001f657250e70: 8948 0848 | 33c9 8948 | 0c48 33c9 | 4889 4810 | 4889 8424 | e800 0000 

  0x000001f657250e88: ; implicit exception: dispatches to 0x000001f657254762
  0x000001f657250e88: 483b 0348 

  0x000001f657250e8c: ;   {metadata(method data for {method} {0x000001f643658a38} 'dispatchEvent' '(Ljava/lang/Object;Ljava/lang/Object;ILjava/lang/Object;)V' in 'org/eclipse/osgi/internal/framework/BundleContextImpl')}
  0x000001f657250e8c: 8bd3 48be | 0000 8843 | f601 0000 | 4883 86e8 | 0800 0001 | 8b53 0849 | ba00 0000 | 00f6 0100 
  0x000001f657250eac: 0049 03d2 | 488b 5270 | 488b 1248 | 3b02 488b 

  0x000001f657250ebc: ;   {metadata(method data for {method} {0x000001f643658a38} 'dispatchEvent' '(Ljava/lang/Object;Ljava/lang/Object;ILjava/lang/Object;)V' in 'org/eclipse/osgi/internal/framework/BundleContextImpl')}
  0x000001f657250ebc: f248 bf00 | 0088 43f6 | 0100 0048 | 8387 1809 

  0x000001f657250ecc: ;   {metadata(method data for {method} {0x000001f6004987e0} 'getName' '()Ljava/lang/String;' in 'java/lang/Class')}
  0x000001f657250ecc: 0000 0148 | be18 5909 | 43f6 0100 | 008b becc | 0000 0083 | c702 89be | cc00 0000 | 81e7 feff 
  0x000001f657250eec: 1f00 85ff | 0f84 7638 | 0000 8b72 | 2c48 85f6 

  0x000001f657250efc: ;   {metadata(method data for {method} {0x000001f6004987e0} 'getName' '()Ljava/lang/String;' in 'java/lang/Class')}
  0x000001f657250efc: 48bf 1859 | 0943 f601 | 0000 b918 | 0100 0074 | 05b9 2801 | 0000 4c8b | 0c0f 4d8d | 4901 4c89 
  0x000001f657250f1c: 0c0f 0f84 | 1d00 0000 

  0x000001f657250f24: ;   {metadata(method data for {method} {0x000001f6004987e0} 'getName' '()Ljava/lang/String;' in 'java/lang/Class')}
  0x000001f657250f24: 48ba 1859 | 0943 f601 | 0000 ff82 | 3801 0000 | 4889 9c24 | f000 0000 | e92e 0000 | 0048 899c 
  0x000001f657250f44: 24f0 0000 | 0048 8bfa 

  0x000001f657250f4c: ;   {metadata(method data for {method} {0x000001f6004987e0} 'getName' '()Ljava/lang/String;' in 'java/lang/Class')}
  0x000001f657250f4c: 48b9 1859 | 0943 f601 | 0000 4883 | 8150 0100 

  0x000001f657250f5c: ;   {optimized virtual_call}
  0x000001f657250f5c: 0001 90e8 

  0x000001f657250f60: ; ImmutableOopMap {[128]=Oop [152]=Oop [176]=Oop [232]=Oop [240]=Oop }
                      ;*invokevirtual initClassName {reexecute=0 rethrow=0 return_oop=0}
                      ; - java.lang.Class::getName@14 (line 1037)
                      ; - org.eclipse.osgi.internal.framework.BundleContextImpl::dispatchEvent@321 (line 996)
  0x000001f657250f60: 7cd5 3007 

  0x000001f657250f64: ;   {other}
  0x000001f657250f64: 0f1f 8400 | 5c21 0014 

  0x000001f657250f6c: ;   {metadata(method data for {method} {0x000001f643658a38} 'dispatchEvent' '(Ljava/lang/Object;Ljava/lang/Object;ILjava/lang/Object;)V' in 'org/eclipse/osgi/internal/framework/BundleContextImpl')}
  0x000001f657250f6c: 488b f048 | ba00 0088 | 43f6 0100 | 0048 8382 | 4809 0000 

  0x000001f657250f80: ;   {metadata(method data for {method} {0x000001f60048d080} 'valueOf' '(Ljava/lang/Object;)Ljava/lang/String;' in 'java/lang/String')}
  0x000001f657250f80: 0148 ba70 | 9309 43f6 | 0100 008b | bacc 0000 | 0083 c702 | 89ba cc00 | 0000 81e7 | feff 1f00 
  0x000001f657250fa0: 85ff 0f84 | e537 0000 

  0x000001f657250fa8: ;   {metadata(method data for {method} {0x000001f60048d080} 'valueOf' '(Ljava/lang/Object;)Ljava/lang/String;' in 'java/lang/String')}
  0x000001f657250fa8: 4885 f648 | ba70 9309 | 43f6 0100 | 00bf 1801 | 0000 7505 | bf28 0100 | 0048 8b1c | 3a48 8d5b 
  0x000001f657250fc8: 0148 891c | 3a0f 851f 

  0x000001f657250fd0: ;   {metadata(method data for {method} {0x000001f60048d080} 'valueOf' '(Ljava/lang/Object;)Ljava/lang/String;' in 'java/lang/String')}
  0x000001f657250fd0: 0000 0048 | ba70 9309 | 43f6 0100 | 00ff 8238 

  0x000001f657250fe0: ;   {oop("null"{0x00000000c0000f28})}
  0x000001f657250fe0: 0100 0048 | be28 0f00 | c000 0000 | 00e9 b500 | 0000 483b | 0648 8bd6 

  0x000001f657250ff8: ;   {metadata(method data for {method} {0x000001f60048d080} 'valueOf' '(Ljava/lang/Object;)Ljava/lang/String;' in 'java/lang/String')}
  0x000001f657250ff8: 48bf 7093 | 0943 f601 | 0000 8b52 | 0849 ba00 | 0000 00f6 | 0100 0049 | 03d2 483b | 9758 0100 
  0x000001f657251018: 0075 0d48 | 8387 6001 | 0000 01e9 | 6000 0000 | 483b 9768 | 0100 0075 | 0d48 8387 | 7001 0000 
  0x000001f657251038: 01e9 4a00 | 0000 4883 | bf58 0100 | 0000 7517 | 4889 9758 | 0100 0048 | c787 6001 | 0000 0100 
  0x000001f657251058: 0000 e929 | 0000 0048 | 83bf 6801 | 0000 0075 | 1748 8997 | 6801 0000 | 48c7 8770 | 0100 0001 
  0x000001f657251078: 0000 00e9 | 0800 0000 | 4883 8750 | 0100 0001 | 488b d666 | 9048 b8c8 | 4239 47f6 

  0x000001f657251094: ;   {virtual_call}
  0x000001f657251094: 0100 00e8 

  0x000001f657251098: ; ImmutableOopMap {[128]=Oop [152]=Oop [176]=Oop [232]=Oop [240]=Oop }
                      ;*invokevirtual toString {reexecute=0 rethrow=0 return_oop=0}
                      ; - java.lang.String::valueOf@11 (line 4556)
                      ; - org.eclipse.osgi.internal.framework.BundleContextImpl::dispatchEvent@324 (line 996)
  0x000001f657251098: 44d7 3007 

  0x000001f65725109c: ;   {other}
  0x000001f65725109c: 0f1f 8400 | 9422 0015 | 488b f048 | 8b84 24e8 | 0000 004c 

  0x000001f6572510b0: ;   {metadata(method data for {method} {0x000001f643658a38} 'dispatchEvent' '(Ljava/lang/Object;Ljava/lang/Object;ILjava/lang/Object;)V' in 'org/eclipse/osgi/internal/framework/BundleContextImpl')}
  0x000001f6572510b0: 8bc0 48ba | 0000 8843 | f601 0000 | 4883 8258 | 0900 0001 

  0x000001f6572510c4: ;   {metadata(method data for {method} {0x000001f600492b00} '<init>' '(Ljava/lang/String;)V' in 'java/lang/StringBuilder')}
  0x000001f6572510c4: 49b8 00ef | 3243 f601 | 0000 418b | 90cc 0000 | 0083 c202 | 4189 90cc | 0000 0081 | e2fe ff1f 
  0x000001f6572510e4: 0085 d20f | 84c6 3600 | 004c 8bc0 

  0x000001f6572510f0: ;   {metadata(method data for {method} {0x000001f600492b00} '<init>' '(Ljava/lang/String;)V' in 'java/lang/StringBuilder')}
  0x000001f6572510f0: 48ba 00ef | 3243 f601 | 0000 4883 | 8218 0100 | 0001 4c8b | c648 8bd0 | 0f1f 8000 

  0x000001f65725110c: ;   {optimized virtual_call}
  0x000001f65725110c: 0000 00e8 

  0x000001f657251110: ; ImmutableOopMap {[128]=Oop [152]=Oop [176]=Oop [232]=Oop [240]=Oop }
                      ;*invokespecial <init> {reexecute=0 rethrow=0 return_oop=0}
                      ; - java.lang.StringBuilder::<init>@2 (line 131)
                      ; - org.eclipse.osgi.internal.framework.BundleContextImpl::dispatchEvent@327 (line 996)
  0x000001f657251110: ccd3 3007 

  0x000001f657251114: ;   {other}
  0x000001f657251114: 0f1f 8400 | 0c23 0016 | 488b 8424 | e800 0000 

  0x000001f657251124: ;   {metadata(method data for {method} {0x000001f643658a38} 'dispatchEvent' '(Ljava/lang/Object;Ljava/lang/Object;ILjava/lang/Object;)V' in 'org/eclipse/osgi/internal/framework/BundleContextImpl')}
  0x000001f657251124: 49b8 0000 | 8843 f601 | 0000 4983 | 8068 0900 

  0x000001f657251134: ;   {metadata(method data for {method} {0x000001f600492840} 'append' '(Ljava/lang/String;)Ljava/lang/StringBuilder;' in 'java/lang/StringBuilder')}
  0x000001f657251134: 0001 49b8 | 50bf 0043 | f601 0000 | 418b 90cc | 0000 0083 | c202 4189 | 90cc 0000 | 0081 e2fe 
  0x000001f657251154: ff1f 0085 | d20f 8475 | 3600 0048 | 8b84 24e8 

  0x000001f657251164: ;   {metadata(method data for {method} {0x000001f600492840} 'append' '(Ljava/lang/String;)Ljava/lang/StringBuilder;' in 'java/lang/StringBuilder')}
  0x000001f657251164: 0000 0049 | b850 bf00 | 43f6 0100 | 0049 8380 | 1801 0000 

  0x000001f657251178: ;   {oop("@"{0x00000000c00069e0})}
  0x000001f657251178: 0149 b8e0 | 6900 c000 | 0000 0048 | 8b94 24e8 | 0000 000f 

  0x000001f65725118c: ;   {optimized virtual_call}
  0x000001f65725118c: 1f40 00e8 

  0x000001f657251190: ; ImmutableOopMap {[128]=Oop [152]=Oop [176]=Oop [232]=Oop [240]=Oop }
                      ;*invokespecial append {reexecute=0 rethrow=0 return_oop=0}
                      ; - java.lang.StringBuilder::append@2 (line 179)
                      ; - org.eclipse.osgi.internal.framework.BundleContextImpl::dispatchEvent@333 (line 996)
  0x000001f657251190: 4cd3 3007 

  0x000001f657251194: ;   {other}
  0x000001f657251194: 0f1f 8400 | 8c23 0017 

  0x000001f65725119c: ;   {metadata(method data for {method} {0x000001f643658a38} 'dispatchEvent' '(Ljava/lang/Object;Ljava/lang/Object;ILjava/lang/Object;)V' in 'org/eclipse/osgi/internal/framework/BundleContextImpl')}
  0x000001f65725119c: 48ba 0000 | 8843 f601 | 0000 4883 | 8298 0900 | 0001 488b | 9424 f000 

  0x000001f6572511b4: ;   {static_call}
  0x000001f6572511b4: 0000 90e8 

  0x000001f6572511b8: ; ImmutableOopMap {[128]=Oop [152]=Oop [176]=Oop [232]=Oop [240]=Oop }
                      ;*invokestatic identityHashCode {reexecute=0 rethrow=0 return_oop=0}
                      ; - org.eclipse.osgi.internal.framework.BundleContextImpl::dispatchEvent@338 (line 997)
  0x000001f6572511b8: 24d9 3007 

  0x000001f6572511bc: ;   {other}
  0x000001f6572511bc: 0f1f 8400 | b423 0018 

  0x000001f6572511c4: ;   {metadata(method data for {method} {0x000001f643658a38} 'dispatchEvent' '(Ljava/lang/Object;Ljava/lang/Object;ILjava/lang/Object;)V' in 'org/eclipse/osgi/internal/framework/BundleContextImpl')}
  0x000001f6572511c4: 48ba 0000 | 8843 f601 | 0000 4883 | 82a8 0900 

  0x000001f6572511d4: ;   {metadata(method data for {method} {0x000001f600470478} 'toHexString' '(I)Ljava/lang/String;' in 'java/lang/Integer')}
  0x000001f6572511d4: 0001 48ba | e008 3243 | f601 0000 | 448b 82cc | 0000 0041 | 83c0 0244 | 8982 cc00 | 0000 4181 
  0x000001f6572511f4: e0fe ff1f | 0045 85c0 | 0f84 f335 

  0x000001f657251200: ;   {metadata(method data for {method} {0x000001f600470478} 'toHexString' '(I)Ljava/lang/String;' in 'java/lang/Integer')}
  0x000001f657251200: 0000 48ba | e008 3243 | f601 0000 | 4883 8218 | 0100 0001 | 488b d041 | b804 0000 

  0x000001f65725121c: ;   {static_call}
  0x000001f65725121c: 0066 90e8 

  0x000001f657251220: ; ImmutableOopMap {[128]=Oop [152]=Oop [176]=Oop [232]=Oop [240]=Oop }
                      ;*invokestatic toUnsignedString0 {reexecute=0 rethrow=0 return_oop=0}
                      ; - java.lang.Integer::toHexString@2 (line 287)
                      ; - org.eclipse.osgi.internal.framework.BundleContextImpl::dispatchEvent@341 (line 997)
  0x000001f657251220: bcd8 3007 

  0x000001f657251224: ;   {other}
  0x000001f657251224: 0f1f 8400 | 1c24 0019 | 4c8b 8424 | e800 0000 

  0x000001f657251234: ;   {metadata(method data for {method} {0x000001f643658a38} 'dispatchEvent' '(Ljava/lang/Object;Ljava/lang/Object;ILjava/lang/Object;)V' in 'org/eclipse/osgi/internal/framework/BundleContextImpl')}
  0x000001f657251234: 48ba 0000 | 8843 f601 | 0000 4883 | 82b8 0900 

  0x000001f657251244: ;   {metadata(method data for {method} {0x000001f600492840} 'append' '(Ljava/lang/String;)Ljava/lang/StringBuilder;' in 'java/lang/StringBuilder')}
  0x000001f657251244: 0001 49b8 | 50bf 0043 | f601 0000 | 418b 90cc | 0000 0083 | c202 4189 | 90cc 0000 | 0081 e2fe 
  0x000001f657251264: ff1f 0085 | d20f 84a7 | 3500 004c | 8b84 24e8 

  0x000001f657251274: ;   {metadata(method data for {method} {0x000001f600492840} 'append' '(Ljava/lang/String;)Ljava/lang/StringBuilder;' in 'java/lang/StringBuilder')}
  0x000001f657251274: 0000 0048 | ba50 bf00 | 43f6 0100 | 0048 8382 | 1801 0000 | 014c 8bc0 | 488b 9424 | e800 0000 
  0x000001f657251294: ;   {optimized virtual_call}
  0x000001f657251294: 6666 90e8 

  0x000001f657251298: ; ImmutableOopMap {[128]=Oop [152]=Oop [176]=Oop [232]=Oop [240]=Oop }
                      ;*invokespecial append {reexecute=0 rethrow=0 return_oop=0}
                      ; - java.lang.StringBuilder::append@2 (line 179)
                      ; - org.eclipse.osgi.internal.framework.BundleContextImpl::dispatchEvent@344 (line 997)
  0x000001f657251298: 44d2 3007 

  0x000001f65725129c: ;   {other}
  0x000001f65725129c: 0f1f 8400 | 9424 001a | 488b 8424 | e800 0000 

  0x000001f6572512ac: ;   {metadata(method data for {method} {0x000001f643658a38} 'dispatchEvent' '(Ljava/lang/Object;Ljava/lang/Object;ILjava/lang/Object;)V' in 'org/eclipse/osgi/internal/framework/BundleContextImpl')}
  0x000001f6572512ac: 48ba 0000 | 8843 f601 | 0000 4883 | 82e8 0900 

  0x000001f6572512bc: ;   {metadata(method data for {method} {0x000001f60016ae60} 'toString' '()Ljava/lang/String;' in 'java/lang/StringBuilder')}
  0x000001f6572512bc: 0001 48ba | 98c6 0043 | f601 0000 | 8bb2 cc00 | 0000 83c6 | 0289 b2cc | 0000 0081 | e6fe ff1f 
  0x000001f6572512dc: 0085 f60f | 8452 3500 | 0048 8b84 | 24e8 0000 

  0x000001f6572512ec: ;   {metadata(method data for {method} {0x000001f60016ae60} 'toString' '()Ljava/lang/String;' in 'java/lang/StringBuilder')}
  0x000001f6572512ec: 0048 ba98 | c600 43f6 | 0100 0048 | 8382 1801 

  0x000001f6572512fc: ;   {metadata(method data for {method} {0x000001f60016aeb8} 'length' '()I' in 'java/lang/StringBuilder')}
  0x000001f6572512fc: 0000 0148 | ba80 c800 | 43f6 0100 | 008b b2cc | 0000 0083 | c602 89b2 | cc00 0000 | 81e6 feff 
  0x000001f65725131c: 1f00 85f6 | 0f84 3235 | 0000 488b | 8424 e800 

  0x000001f65725132c: ;   {metadata(method data for {method} {0x000001f60016aeb8} 'length' '()I' in 'java/lang/StringBuilder')}
  0x000001f65725132c: 0000 48ba | 80c8 0043 | f601 0000 | 4883 8218 | 0100 0001 | 4c8b 8424 | e800 0000 | 418b 500c 
  0x000001f65725134c: ;   {metadata(method data for {method} {0x000001f60016ae60} 'toString' '()Ljava/lang/String;' in 'java/lang/StringBuilder')}
  0x000001f65725134c: 85d2 48ba | 98c6 0043 | f601 0000 | be48 0100 | 0075 05be | 5801 0000 | 488b 3c32 | 488d 7f01 
  0x000001f65725136c: 4889 3c32 | 0f85 0f00 

  0x000001f657251374: ;   {oop(""{0x00000000c0000450})}
  0x000001f657251374: 0000 48bb | 5004 00c0 | 0000 0000 | e98f 0000 

  0x000001f657251384: ;   {metadata('java/lang/String')}
  0x000001f657251384: 0048 ba28 | 0d17 00f6 | 0100 0049 | 8b87 b801 | 0000 488d | 7818 493b | bfc8 0100 | 000f 87d2 
  0x000001f6572513a4: 3400 0049 | 89bf b801 | 0000 48c7 | 0001 0000 | 0048 8bca | 49ba 0000 | 0000 f601 | 0000 492b 
  0x000001f6572513c4: ca89 4808 | 4833 c989 | 480c 4833 | c948 8948 | 104c 8bc8 

  0x000001f6572513d8: ;   {metadata(method data for {method} {0x000001f60016ae60} 'toString' '()Ljava/lang/String;' in 'java/lang/StringBuilder')}
  0x000001f6572513d8: 48ba 98c6 | 0043 f601 | 0000 4883 | 8268 0100 

  0x000001f6572513e8: ;   {oop(nullptr)}
  0x000001f6572513e8: 0001 49b9 | 0000 0000 | 0000 0000 | 488b d048 | 8984 24f8 

  0x000001f6572513fc: ;   {optimized virtual_call}
  0x000001f6572513fc: 0000 00e8 

  0x000001f657251400: ; ImmutableOopMap {[128]=Oop [152]=Oop [176]=Oop [240]=Oop [248]=Oop }
                      ;*invokespecial <init> {reexecute=0 rethrow=0 return_oop=0}
                      ; - java.lang.StringBuilder::toString@16 (line 478)
                      ; - org.eclipse.osgi.internal.framework.BundleContextImpl::dispatchEvent@347 (line 996)
  0x000001f657251400: dcd0 3007 

  0x000001f657251404: ;   {other}
  0x000001f657251404: 0f1f 8400 | fc25 001b | 488b 9c24 | f800 0000 | 4889 9c24 | 0801 0000 | 488b 9424 | 8000 0000 
  0x000001f657251424: 448b 4a18 

  0x000001f657251428: ;   {no_reloc}
  0x000001f657251428: e968 3400 | 0000 0000 | 0000 498b | 87b8 0100 | 0048 8d78 | 1849 3bbf | c801 0000 | 0f87 5534 
  0x000001f657251448: 0000 4989 | bfb8 0100 | 0048 c700 | 0100 0000 | 488b ca49 | ba00 0000 | 00f6 0100 | 0049 2bca 
  0x000001f657251468: 8948 0848 | 33c9 8948 | 0c48 33c9 | 4889 4810 | 4889 8424 | 0001 0000 

  0x000001f657251480: ;   {metadata(method data for {method} {0x000001f643658a38} 'dispatchEvent' '(Ljava/lang/Object;Ljava/lang/Object;ILjava/lang/Object;)V' in 'org/eclipse/osgi/internal/framework/BundleContextImpl')}
  0x000001f657251480: 4c8b c048 | ba00 0088 | 43f6 0100 | 0048 8382 | 180a 0000 

  0x000001f657251494: ;   {metadata(method data for {method} {0x000001f600492b00} '<init>' '(Ljava/lang/String;)V' in 'java/lang/StringBuilder')}
  0x000001f657251494: 0149 b800 | ef32 43f6 | 0100 0041 | 8b90 cc00 | 0000 83c2 | 0241 8990 | cc00 0000 | 81e2 feff 
  0x000001f6572514b4: 1f00 85d2 | 0f84 ee33 | 0000 4c8b 

  0x000001f6572514c0: ;   {metadata(method data for {method} {0x000001f600492b00} '<init>' '(Ljava/lang/String;)V' in 'java/lang/StringBuilder')}
  0x000001f6572514c0: c048 ba00 | ef32 43f6 | 0100 0048 | 8382 1801 

  0x000001f6572514d0: ;   {oop("dispatchFrameworkEvent["{0x00000000eadef0c0})}
  0x000001f6572514d0: 0000 0149 | b8c0 f0de | ea00 0000 | 0048 8bd0 | 4c89 8c24 | 1001 0000 | 0f1f 8000 

  0x000001f6572514ec: ;   {optimized virtual_call}
  0x000001f6572514ec: 0000 00e8 

  0x000001f6572514f0: ; ImmutableOopMap {[128]=Oop [152]=Oop [176]=Oop [240]=Oop [256]=Oop [264]=Oop [272]=Oop }
                      ;*invokespecial <init> {reexecute=0 rethrow=0 return_oop=0}
                      ; - java.lang.StringBuilder::<init>@2 (line 131)
                      ; - org.eclipse.osgi.internal.framework.BundleContextImpl::dispatchEvent@366 (line 999)
  0x000001f6572514f0: eccf 3007 

  0x000001f6572514f4: ;   {other}
  0x000001f6572514f4: 0f1f 8400 | ec26 001c | 488b 9424 | 8000 0000 | 8b72 1048 | 8b84 2400 

  0x000001f65725150c: ;   {metadata(method data for {method} {0x000001f643658a38} 'dispatchEvent' '(Ljava/lang/Object;Ljava/lang/Object;ILjava/lang/Object;)V' in 'org/eclipse/osgi/internal/framework/BundleContextImpl')}
  0x000001f65725150c: 0100 0048 | bf00 0088 | 43f6 0100 | 0048 8387 | 280a 0000 

  0x000001f657251520: ;   {metadata(method data for {method} {0x000001f600492898} 'append' '(Ljava/lang/Object;)Ljava/lang/StringBuilder;' in 'java/lang/StringBuilder')}
  0x000001f657251520: 0148 bfd0 | 9109 43f6 | 0100 008b | 9fcc 0000 | 0083 c302 | 899f cc00 | 0000 81e3 | feff 1f00 
  0x000001f657251540: 85db 0f84 | 8533 0000 

  0x000001f657251548: ;   {metadata(method data for {method} {0x000001f600492898} 'append' '(Ljava/lang/Object;)Ljava/lang/StringBuilder;' in 'java/lang/StringBuilder')}
  0x000001f657251548: 48bf d091 | 0943 f601 | 0000 4883 | 8718 0100 

  0x000001f657251558: ;   {metadata(method data for {method} {0x000001f60048d080} 'valueOf' '(Ljava/lang/Object;)Ljava/lang/String;' in 'java/lang/String')}
  0x000001f657251558: 0001 48bf | 7093 0943 | f601 0000 | 8b9f cc00 | 0000 83c3 | 0289 9fcc | 0000 0081 | e3fe ff1f 
  0x000001f657251578: 0085 db0f | 846d 3300 | 0048 85f6 

  0x000001f657251584: ;   {metadata(method data for {method} {0x000001f60048d080} 'valueOf' '(Ljava/lang/Object;)Ljava/lang/String;' in 'java/lang/String')}
  0x000001f657251584: 48bf 7093 | 0943 f601 | 0000 bb18 | 0100 0075 | 05bb 2801 | 0000 488b | 041f 488d | 4001 4889 
  0x000001f6572515a4: 041f 0f85 | 1f00 0000 

  0x000001f6572515ac: ;   {metadata(method data for {method} {0x000001f60048d080} 'valueOf' '(Ljava/lang/Object;)Ljava/lang/String;' in 'java/lang/String')}
  0x000001f6572515ac: 48be 7093 | 0943 f601 | 0000 ff86 | 3801 0000 

  0x000001f6572515bc: ;   {oop("null"{0x00000000c0000f28})}
  0x000001f6572515bc: 48be 280f | 00c0 0000 | 0000 e9ac | 0000 0048 | 3b06 488b 

  0x000001f6572515d0: ;   {metadata(method data for {method} {0x000001f60048d080} 'valueOf' '(Ljava/lang/Object;)Ljava/lang/String;' in 'java/lang/String')}
  0x000001f6572515d0: fe48 bb70 | 9309 43f6 | 0100 008b | 7f08 49ba | 0000 0000 | f601 0000 | 4903 fa48 | 3bbb 5801 
  0x000001f6572515f0: 0000 750d | 4883 8360 | 0100 0001 | e960 0000 | 0048 3bbb | 6801 0000 | 750d 4883 | 8370 0100 
  0x000001f657251610: 0001 e94a | 0000 0048 | 83bb 5801 | 0000 0075 | 1748 89bb | 5801 0000 | 48c7 8360 | 0100 0001 
  0x000001f657251630: 0000 00e9 | 2900 0000 | 4883 bb68 | 0100 0000 | 7517 4889 | bb68 0100 | 0048 c783 | 7001 0000 
  0x000001f657251650: 0100 0000 | e908 0000 | 0048 8383 | 5001 0000 | 0148 8bd6 

  0x000001f657251664: ;   {optimized virtual_call}
  0x000001f657251664: 6666 90e8 

  0x000001f657251668: ; ImmutableOopMap {[128]=Oop [152]=Oop [176]=Oop [240]=Oop [256]=Oop [264]=Oop [272]=Oop }
                      ;*invokevirtual toString {reexecute=0 rethrow=0 return_oop=0}
                      ; - java.lang.String::valueOf@11 (line 4556)
                      ; - java.lang.StringBuilder::append@2 (line 173)
                      ; - org.eclipse.osgi.internal.framework.BundleContextImpl::dispatchEvent@373 (line 999)
  0x000001f657251668: 74ce 3007 

  0x000001f65725166c: ;   {other}
  0x000001f65725166c: 0f1f 8400 | 6428 001d | 488b f048 | 8b84 2400 

  0x000001f65725167c: ;   {metadata(method data for {method} {0x000001f600492898} 'append' '(Ljava/lang/Object;)Ljava/lang/StringBuilder;' in 'java/lang/StringBuilder')}
  0x000001f65725167c: 0100 0049 | b8d0 9109 | 43f6 0100 | 0049 8380 | 2801 0000 

  0x000001f657251690: ;   {metadata(method data for {method} {0x000001f600492840} 'append' '(Ljava/lang/String;)Ljava/lang/StringBuilder;' in 'java/lang/StringBuilder')}
  0x000001f657251690: 0149 b850 | bf00 43f6 | 0100 0041 | 8b90 cc00 | 0000 83c2 | 0241 8990 | cc00 0000 | 81e2 feff 
  0x000001f6572516b0: 1f00 85d2 | 0f84 5a32 | 0000 488b | 8424 0001 

  0x000001f6572516c0: ;   {metadata(method data for {method} {0x000001f600492840} 'append' '(Ljava/lang/String;)Ljava/lang/StringBuilder;' in 'java/lang/StringBuilder')}
  0x000001f6572516c0: 0000 49b8 | 50bf 0043 | f601 0000 | 4983 8018 | 0100 0001 | 4c8b c648 | 8b94 2400 

  0x000001f6572516dc: ;   {optimized virtual_call}
  0x000001f6572516dc: 0100 00e8 

  0x000001f6572516e0: ; ImmutableOopMap {[128]=Oop [152]=Oop [176]=Oop [240]=Oop [256]=Oop [264]=Oop [272]=Oop }
                      ;*invokespecial append {reexecute=0 rethrow=0 return_oop=0}
                      ; - java.lang.StringBuilder::append@2 (line 179)
                      ; - java.lang.StringBuilder::append@5 (line 173)
                      ; - org.eclipse.osgi.internal.framework.BundleContextImpl::dispatchEvent@373 (line 999)
  0x000001f6572516e0: fccd 3007 

  0x000001f6572516e4: ;   {other}
  0x000001f6572516e4: 0f1f 8400 | dc28 001e | 488b 8424 | 0001 0000 

  0x000001f6572516f4: ;   {metadata(method data for {method} {0x000001f643658a38} 'dispatchEvent' '(Ljava/lang/Object;Ljava/lang/Object;ILjava/lang/Object;)V' in 'org/eclipse/osgi/internal/framework/BundleContextImpl')}
  0x000001f6572516f4: 4c8b c048 | ba00 0088 | 43f6 0100 | 0048 8382 | 580a 0000 

  0x000001f657251708: ;   {metadata(method data for {method} {0x000001f600492840} 'append' '(Ljava/lang/String;)Ljava/lang/StringBuilder;' in 'java/lang/StringBuilder')}
  0x000001f657251708: 0149 b850 | bf00 43f6 | 0100 0041 | 8b90 cc00 | 0000 83c2 | 0241 8990 | cc00 0000 | 81e2 feff 
  0x000001f657251728: 1f00 85d2 | 0f84 0332 | 0000 4c8b 

  0x000001f657251734: ;   {metadata(method data for {method} {0x000001f600492840} 'append' '(Ljava/lang/String;)Ljava/lang/StringBuilder;' in 'java/lang/StringBuilder')}
  0x000001f657251734: c048 ba50 | bf00 43f6 | 0100 0048 | 8382 1801 

  0x000001f657251744: ;   {oop("]("{0x00000000eadef050})}
  0x000001f657251744: 0000 0149 | b850 f0de | ea00 0000 | 0048 8bd0 

  0x000001f657251754: ;   {optimized virtual_call}
  0x000001f657251754: 6666 90e8 

  0x000001f657251758: ; ImmutableOopMap {[128]=Oop [152]=Oop [176]=Oop [240]=Oop [256]=Oop [264]=Oop [272]=Oop }
                      ;*invokespecial append {reexecute=0 rethrow=0 return_oop=0}
                      ; - java.lang.StringBuilder::append@2 (line 179)
                      ; - org.eclipse.osgi.internal.framework.BundleContextImpl::dispatchEvent@379 (line 999)
  0x000001f657251758: 84cd 3007 

  0x000001f65725175c: ;   {other}
  0x000001f65725175c: 0f1f 8400 | 5429 001f | 488b 8424 | 0001 0000 

  0x000001f65725176c: ;   {metadata(method data for {method} {0x000001f643658a38} 'dispatchEvent' '(Ljava/lang/Object;Ljava/lang/Object;ILjava/lang/Object;)V' in 'org/eclipse/osgi/internal/framework/BundleContextImpl')}
  0x000001f65725176c: 49b8 0000 | 8843 f601 | 0000 4983 | 8088 0a00 

  0x000001f65725177c: ;   {metadata(method data for {method} {0x000001f600492840} 'append' '(Ljava/lang/String;)Ljava/lang/StringBuilder;' in 'java/lang/StringBuilder')}
  0x000001f65725177c: 0001 49b8 | 50bf 0043 | f601 0000 | 418b 90cc | 0000 0083 | c202 4189 | 90cc 0000 | 0081 e2fe 
  0x000001f65725179c: ff1f 0085 | d20f 84af | 3100 0048 | 8b84 2400 

  0x000001f6572517ac: ;   {metadata(method data for {method} {0x000001f600492840} 'append' '(Ljava/lang/String;)Ljava/lang/StringBuilder;' in 'java/lang/StringBuilder')}
  0x000001f6572517ac: 0100 0049 | b850 bf00 | 43f6 0100 | 0049 8380 | 1801 0000 | 014c 8b84 | 2408 0100 | 0048 8b94 
  0x000001f6572517cc: 2400 0100 | 0066 0f1f 

  0x000001f6572517d4: ;   {optimized virtual_call}
  0x000001f6572517d4: 4400 00e8 

  0x000001f6572517d8: ; ImmutableOopMap {[128]=Oop [152]=Oop [176]=Oop [240]=Oop [256]=Oop [272]=Oop }
                      ;*invokespecial append {reexecute=0 rethrow=0 return_oop=0}
                      ; - java.lang.StringBuilder::append@2 (line 179)
                      ; - org.eclipse.osgi.internal.framework.BundleContextImpl::dispatchEvent@384 (line 999)
  0x000001f6572517d8: 04cd 3007 

  0x000001f6572517dc: ;   {other}
  0x000001f6572517dc: 0f1f 8400 | d429 0020 | 488b 8424 | 0001 0000 

  0x000001f6572517ec: ;   {metadata(method data for {method} {0x000001f643658a38} 'dispatchEvent' '(Ljava/lang/Object;Ljava/lang/Object;ILjava/lang/Object;)V' in 'org/eclipse/osgi/internal/framework/BundleContextImpl')}
  0x000001f6572517ec: 49b8 0000 | 8843 f601 | 0000 4983 | 80b8 0a00 

  0x000001f6572517fc: ;   {metadata(method data for {method} {0x000001f600492840} 'append' '(Ljava/lang/String;)Ljava/lang/StringBuilder;' in 'java/lang/StringBuilder')}
  0x000001f6572517fc: 0001 49b8 | 50bf 0043 | f601 0000 | 418b 90cc | 0000 0083 | c202 4189 | 90cc 0000 | 0081 e2fe 
  0x000001f65725181c: ff1f 0085 | d20f 8450 | 3100 0048 | 8b84 2400 

  0x000001f65725182c: ;   {metadata(method data for {method} {0x000001f600492840} 'append' '(Ljava/lang/String;)Ljava/lang/StringBuilder;' in 'java/lang/StringBuilder')}
  0x000001f65725182c: 0100 0049 | b850 bf00 | 43f6 0100 | 0049 8380 | 1801 0000 

  0x000001f657251840: ;   {oop(")"{0x00000000c0001240})}
  0x000001f657251840: 0149 b840 | 1200 c000 | 0000 0048 | 8b94 2400 | 0100 000f 

  0x000001f657251854: ;   {optimized virtual_call}
  0x000001f657251854: 1f40 00e8 

  0x000001f657251858: ; ImmutableOopMap {[128]=Oop [152]=Oop [176]=Oop [240]=Oop [256]=Oop [272]=Oop }
                      ;*invokespecial append {reexecute=0 rethrow=0 return_oop=0}
                      ; - java.lang.StringBuilder::append@2 (line 179)
                      ; - org.eclipse.osgi.internal.framework.BundleContextImpl::dispatchEvent@390 (line 999)
  0x000001f657251858: 84cc 3007 

  0x000001f65725185c: ;   {other}
  0x000001f65725185c: 0f1f 8400 | 542a 0021 | 488b 8424 | 0001 0000 

  0x000001f65725186c: ;   {metadata(method data for {method} {0x000001f643658a38} 'dispatchEvent' '(Ljava/lang/Object;Ljava/lang/Object;ILjava/lang/Object;)V' in 'org/eclipse/osgi/internal/framework/BundleContextImpl')}
  0x000001f65725186c: 48ba 0000 | 8843 f601 | 0000 4883 | 82e8 0a00 

  0x000001f65725187c: ;   {metadata(method data for {method} {0x000001f60016ae60} 'toString' '()Ljava/lang/String;' in 'java/lang/StringBuilder')}
  0x000001f65725187c: 0001 48ba | 98c6 0043 | f601 0000 | 8bb2 cc00 | 0000 83c6 | 0289 b2cc | 0000 0081 | e6fe ff1f 
  0x000001f65725189c: 0085 f60f | 84f3 3000 | 0048 8b84 | 2400 0100 

  0x000001f6572518ac: ;   {metadata(method data for {method} {0x000001f60016ae60} 'toString' '()Ljava/lang/String;' in 'java/lang/StringBuilder')}
  0x000001f6572518ac: 0048 ba98 | c600 43f6 | 0100 0048 | 8382 1801 

  0x000001f6572518bc: ;   {metadata(method data for {method} {0x000001f60016aeb8} 'length' '()I' in 'java/lang/StringBuilder')}
  0x000001f6572518bc: 0000 0148 | ba80 c800 | 43f6 0100 | 008b b2cc | 0000 0083 | c602 89b2 | cc00 0000 | 81e6 feff 
  0x000001f6572518dc: 1f00 85f6 | 0f84 d330 | 0000 488b | 8424 0001 

  0x000001f6572518ec: ;   {metadata(method data for {method} {0x000001f60016aeb8} 'length' '()I' in 'java/lang/StringBuilder')}
  0x000001f6572518ec: 0000 48ba | 80c8 0043 | f601 0000 | 4883 8218 | 0100 0001 | 4c8b 8424 | 0001 0000 | 418b 500c 
  0x000001f65725190c: ;   {metadata(method data for {method} {0x000001f60016ae60} 'toString' '()Ljava/lang/String;' in 'java/lang/StringBuilder')}
  0x000001f65725190c: 85d2 48ba | 98c6 0043 | f601 0000 | be48 0100 | 0075 05be | 5801 0000 | 488b 3c32 | 488d 7f01 
  0x000001f65725192c: 4889 3c32 | 0f85 0f00 

  0x000001f657251934: ;   {oop(""{0x00000000c0000450})}
  0x000001f657251934: 0000 48be | 5004 00c0 | 0000 0000 | e98f 0000 

  0x000001f657251944: ;   {metadata('java/lang/String')}
  0x000001f657251944: 0048 ba28 | 0d17 00f6 | 0100 0049 | 8b87 b801 | 0000 488d | 7818 493b | bfc8 0100 | 000f 8773 
  0x000001f657251964: 3000 0049 | 89bf b801 | 0000 48c7 | 0001 0000 | 0048 8bca | 49ba 0000 | 0000 f601 | 0000 492b 
  0x000001f657251984: ca89 4808 | 4833 c989 | 480c 4833 | c948 8948 | 104c 8bc8 

  0x000001f657251998: ;   {metadata(method data for {method} {0x000001f60016ae60} 'toString' '()Ljava/lang/String;' in 'java/lang/StringBuilder')}
  0x000001f657251998: 48ba 98c6 | 0043 f601 | 0000 4883 | 8268 0100 

  0x000001f6572519a8: ;   {oop(nullptr)}
  0x000001f6572519a8: 0001 49b9 | 0000 0000 | 0000 0000 | 488b d048 | 8984 2418 

  0x000001f6572519bc: ;   {optimized virtual_call}
  0x000001f6572519bc: 0100 00e8 

  0x000001f6572519c0: ; ImmutableOopMap {[128]=Oop [152]=Oop [176]=Oop [240]=Oop [272]=Oop [280]=Oop }
                      ;*invokespecial <init> {reexecute=0 rethrow=0 return_oop=0}
                      ; - java.lang.StringBuilder::toString@16 (line 478)
                      ; - org.eclipse.osgi.internal.framework.BundleContextImpl::dispatchEvent@393 (line 999)
  0x000001f6572519c0: 1ccb 3007 

  0x000001f6572519c4: ;   {other}
  0x000001f6572519c4: 0f1f 8400 | bc2b 0022 | 488b b424 | 1801 0000 | 4c8b 8c24 | 1001 0000 

  0x000001f6572519dc: ; implicit exception: dispatches to 0x000001f6572549e7
  0x000001f6572519dc: 493b 014d 

  0x000001f6572519e0: ;   {metadata(method data for {method} {0x000001f643658a38} 'dispatchEvent' '(Ljava/lang/Object;Ljava/lang/Object;ILjava/lang/Object;)V' in 'org/eclipse/osgi/internal/framework/BundleContextImpl')}
  0x000001f6572519e0: 8bc1 48ba | 0000 8843 | f601 0000 

  0x000001f6572519ec: ;   {metadata('org/eclipse/osgi/internal/debug/Debug')}
  0x000001f6572519ec: 49ba 0060 | 0801 f601 | 0000 4c89 | 9220 0b00 | 0048 8382 | 280b 0000 

  0x000001f657251a04: ;   {metadata(method data for {method} {0x000001f6434cb398} 'trace' '(Ljava/lang/String;Ljava/lang/String;)V' in 'org/eclipse/osgi/internal/debug/Debug')}
  0x000001f657251a04: 0149 b8a8 | ed84 43f6 | 0100 0041 | 8b90 cc00 | 0000 83c2 | 0241 8990 | cc00 0000 | 81e2 feff 
  0x000001f657251a24: 1f00 85d2 | 0f84 be2f | 0000 418b | 5120 4885 

  0x000001f657251a34: ;   {metadata(method data for {method} {0x000001f6434cb398} 'trace' '(Ljava/lang/String;Ljava/lang/String;)V' in 'org/eclipse/osgi/internal/debug/Debug')}
  0x000001f657251a34: d249 b8a8 | ed84 43f6 | 0100 0041 | b918 0100 | 0074 0641 | b928 0100 | 004b 8b3c | 0848 8d7f 
  0x000001f657251a54: 014b 893c | 080f 84e3 | 0200 0048 | 89b4 2420 | 0100 0048 | 85d2 0f84 | 2900 0000 

  0x000001f657251a70: ;   {metadata('org/eclipse/osgi/internal/log/ExtendedLogServiceImpl')}
  0x000001f657251a70: 48bb 48ae | 0801 f601 | 0000 8b7a | 0849 ba00 | 0000 00f6 | 0100 0049 | 03fa 483b | 5f38 0f85 
  0x000001f657251a90: 792f 0000 | e900 0000 | 004c 8bc2 

  0x000001f657251a9c: ; implicit exception: dispatches to 0x000001f657254a12
  0x000001f657251a9c: 483b 024c 

  0x000001f657251aa0: ;   {metadata(method data for {method} {0x000001f6434cb398} 'trace' '(Ljava/lang/String;Ljava/lang/String;)V' in 'org/eclipse/osgi/internal/debug/Debug')}
  0x000001f657251aa0: 8bc2 49b9 | a8ed 8443 | f601 0000 

  0x000001f657251aac: ;   {metadata('org/eclipse/osgi/internal/log/ExtendedLogServiceImpl')}
  0x000001f657251aac: 49ba 48ae | 0801 f601 | 0000 4d89 | 9140 0100 | 0049 8381 | 4801 0000 

  0x000001f657251ac4: ;   {metadata(method data for {method} {0x000001f6434f1300} 'getLogger' '(Ljava/lang/String;)Lorg/osgi/service/log/Logger;' in 'org/eclipse/osgi/internal/log/ExtendedLogServiceImpl')}
  0x000001f657251ac4: 0149 b808 | f384 43f6 | 0100 0045 | 8b88 cc00 | 0000 4183 | c102 4589 | 88cc 0000 | 0041 81e1 
  0x000001f657251ae4: feff 1f00 | 4585 c90f | 8426 2f00 | 004c 8bc2 

  0x000001f657251af4: ;   {metadata(method data for {method} {0x000001f6434f1300} 'getLogger' '(Ljava/lang/String;)Lorg/osgi/service/log/Logger;' in 'org/eclipse/osgi/internal/log/ExtendedLogServiceImpl')}
  0x000001f657251af4: 49b9 08f3 | 8443 f601 

  0x000001f657251afc: ;   {metadata('org/eclipse/osgi/internal/log/ExtendedLogServiceImpl')}
  0x000001f657251afc: 0000 49ba | 48ae 0801 | f601 0000 | 4d89 9120 | 0100 0049 | 8381 2801 

  0x000001f657251b14: ;   {metadata(method data for {method} {0x000001f6434eeb88} 'getLogger' '(Ljava/lang/String;)Lorg/eclipse/equinox/log/Logger;' in 'org/eclipse/osgi/internal/log/ExtendedLogServiceImpl')}
  0x000001f657251b14: 0000 0149 | b800 f784 | 43f6 0100 | 0045 8b88 | cc00 0000 | 4183 c102 | 4589 88cc | 0000 0041 
  0x000001f657251b34: 81e1 feff | 1f00 4585 | c90f 84f5 | 2e00 004c 

  0x000001f657251b44: ;   {metadata(method data for {method} {0x000001f6434eeb88} 'getLogger' '(Ljava/lang/String;)Lorg/eclipse/equinox/log/Logger;' in 'org/eclipse/osgi/internal/log/ExtendedLogServiceImpl')}
  0x000001f657251b44: 8bc2 49b9 | 00f7 8443 | f601 0000 

  0x000001f657251b50: ;   {metadata('org/eclipse/osgi/internal/log/ExtendedLogServiceImpl')}
  0x000001f657251b50: 49ba 48ae | 0801 f601 | 0000 4d89 | 9120 0100 | 0049 8381 | 2801 0000 

  0x000001f657251b68: ;   {oop("org.eclipse.osgi/debug/events"{0x00000000c0095850})}
  0x000001f657251b68: 0149 b850 | 5809 c000 

  0x000001f657251b70: ;   {oop(a 'java/lang/Class'{0x00000000ec826e18} = 'org/osgi/service/log/Logger')}
  0x000001f657251b70: 0000 0049 | b918 6e82 | ec00 0000 

  0x000001f657251b7c: ;   {optimized virtual_call}
  0x000001f657251b7c: 0066 90e8 

  0x000001f657251b80: ; ImmutableOopMap {[128]=Oop [152]=Oop [176]=Oop [240]=Oop [288]=Oop }
                      ;*invokevirtual getLogger {reexecute=0 rethrow=0 return_oop=0}
                      ; - org.eclipse.osgi.internal.log.ExtendedLogServiceImpl::getLogger@4 (line 73)
                      ; - org.eclipse.osgi.internal.log.ExtendedLogServiceImpl::getLogger@2 (line 1)
                      ; - org.eclipse.osgi.internal.debug.Debug::trace@11 (line 230)
                      ; - org.eclipse.osgi.internal.framework.BundleContextImpl::dispatchEvent@396 (line 998)
  0x000001f657251b80: 5cc9 3007 

  0x000001f657251b84: ;   {other}
  0x000001f657251b84: 0f1f 8400 | 7c2d 0023 

  0x000001f657251b8c: ;   {metadata(method data for {method} {0x000001f6434eeb88} 'getLogger' '(Ljava/lang/String;)Lorg/eclipse/equinox/log/Logger;' in 'org/eclipse/osgi/internal/log/ExtendedLogServiceImpl')}
  0x000001f657251b8c: 4885 c048 | be00 f784 | 43f6 0100 | 0075 0c80 | 8e41 0100 | 0001 e9c9 | 0000 008b | 7808 49ba 
  0x000001f657251bac: 0000 0000 | f601 0000 | 4903 fa48 | 3bbe 5001 | 0000 750d | 4883 8658 | 0100 0001 | e960 0000 
  0x000001f657251bcc: 0048 3bbe | 6001 0000 | 750d 4883 | 8668 0100 | 0001 e94a | 0000 0048 | 83be 5001 | 0000 0075 
  0x000001f657251bec: 1748 89be | 5001 0000 | 48c7 8658 | 0100 0001 | 0000 00e9 | 2900 0000 | 4883 be60 | 0100 0000 
  0x000001f657251c0c: 7517 4889 | be60 0100 | 0048 c786 | 6801 0000 | 0100 0000 | e908 0000 | 0048 8386 | 4801 0000 
  0x000001f657251c2c: ;   {metadata('org/eclipse/equinox/log/Logger')}
  0x000001f657251c2c: 0148 bf00 | 8208 01f6 | 0100 008b | 7008 49ba | 0000 0000 | f601 0000 | 4903 f248 | 3b7e 200f 
  0x000001f657251c4c: 841f 0000 | 0048 3bf7 | 0f84 1600 | 0000 5657 

  0x000001f657251c5c: ;   {runtime_call slow_subtype_check Runtime1 stub}
  0x000001f657251c5c: e85f 013c | 075e 5e85 | f60f 84ee | 2d00 00e9 | 0000 0000 | 488b d048 | 3b02 4c8b 

  0x000001f657251c78: ;   {metadata(method data for {method} {0x000001f6434cb398} 'trace' '(Ljava/lang/String;Ljava/lang/String;)V' in 'org/eclipse/osgi/internal/debug/Debug')}
  0x000001f657251c78: c248 bea8 | ed84 43f6 | 0100 0045 | 8b40 0849 | ba00 0000 | 00f6 0100 | 004d 03c2 | 4c3b 8670 
  0x000001f657251c98: 0100 0075 | 0d48 8386 | 7801 0000 | 01e9 6000 | 0000 4c3b | 8680 0100 | 0075 0d48 | 8386 8801 
  0x000001f657251cb8: 0000 01e9 | 4a00 0000 | 4883 be70 | 0100 0000 | 7517 4c89 | 8670 0100 | 0048 c786 | 7801 0000 
  0x000001f657251cd8: 0100 0000 | e929 0000 | 0048 83be | 8001 0000 | 0075 174c | 8986 8001 | 0000 48c7 | 8688 0100 
  0x000001f657251cf8: 0001 0000 | 00e9 0800 | 0000 4883 | 8668 0100 | 0001 4c8b | 8424 2001 | 0000 6666 | 9048 b8f0 
  0x000001f657251d18: 4239 47f6 

  0x000001f657251d1c: ;   {virtual_call}
  0x000001f657251d1c: 0100 00e8 

  0x000001f657251d20: ; ImmutableOopMap {[128]=Oop [152]=Oop [176]=Oop [240]=Oop }
                      ;*invokeinterface trace {reexecute=0 rethrow=0 return_oop=0}
                      ; - org.eclipse.osgi.internal.debug.Debug::trace@17 (line 230)
                      ; - org.eclipse.osgi.internal.framework.BundleContextImpl::dispatchEvent@396 (line 998)
  0x000001f657251d20: bcca 3007 

  0x000001f657251d24: ;   {other}
  0x000001f657251d24: 0f1f 8400 | 1c2f 0024 

  0x000001f657251d2c: ;   {metadata(method data for {method} {0x000001f6434cb398} 'trace' '(Ljava/lang/String;Ljava/lang/String;)V' in 'org/eclipse/osgi/internal/debug/Debug')}
  0x000001f657251d2c: 49b8 a8ed | 8443 f601 | 0000 41ff | 8098 0100 | 00e9 4a00 

  0x000001f657251d40: ;   {oop(a 'java/lang/Class'{0x00000000ec826500} = 'org/eclipse/osgi/internal/debug/Debug')}
  0x000001f657251d40: 0000 49b8 | 0065 82ec | 0000 0000 | 418b 90c8 | 0000 0048 | 3b02 4c8b 

  0x000001f657251d58: ;   {metadata(method data for {method} {0x000001f6434cb398} 'trace' '(Ljava/lang/String;Ljava/lang/String;)V' in 'org/eclipse/osgi/internal/debug/Debug')}
  0x000001f657251d58: c248 bfa8 | ed84 43f6 

  0x000001f657251d60: ;   {metadata('java/io/PrintStream')}
  0x000001f657251d60: 0100 0049 | bac8 c816 | 00f6 0100 | 004c 8997 | b801 0000 | 4883 87c0 | 0100 0001 

  0x000001f657251d7c: ;   {optimized virtual_call}
  0x000001f657251d7c: 4c8b c6e8 

  0x000001f657251d80: ; ImmutableOopMap {[128]=Oop [152]=Oop [176]=Oop [240]=Oop }
                      ;*invokevirtual println {reexecute=0 rethrow=0 return_oop=0}
                      ; - org.eclipse.osgi.internal.debug.Debug::trace@29 (line 232)
                      ; - org.eclipse.osgi.internal.framework.BundleContextImpl::dispatchEvent@396 (line 998)
  0x000001f657251d80: 5cc7 3007 

  0x000001f657251d84: ;   {other}
  0x000001f657251d84: 0f1f 8400 | 7c2f 0025 | 488b 9c24 | f000 0000 | 488b b424 | 9800 0000 

  0x000001f657251d9c: ;   {metadata(method data for {method} {0x000001f643658a38} 'dispatchEvent' '(Ljava/lang/Object;Ljava/lang/Object;ILjava/lang/Object;)V' in 'org/eclipse/osgi/internal/framework/BundleContextImpl')}
  0x000001f657251d9c: 4885 f648 | bf00 0088 | 43f6 0100 | 0075 0c80 | 8f41 0b00 | 0001 e9ae | 0000 008b | 4608 49ba 
  0x000001f657251dbc: 0000 0000 | f601 0000 | 4903 c248 | 3b87 500b | 0000 750d | 4883 8758 | 0b00 0001 | e960 0000 
  0x000001f657251ddc: 0048 3b87 | 600b 0000 | 750d 4883 | 8768 0b00 | 0001 e94a | 0000 0048 | 83bf 500b | 0000 0075 
  0x000001f657251dfc: 1748 8987 | 500b 0000 | 48c7 8758 | 0b00 0001 | 0000 00e9 | 2900 0000 | 4883 bf60 | 0b00 0000 
  0x000001f657251e1c: 7517 4889 | 8760 0b00 | 0048 c787 | 680b 0000 | 0100 0000 | e908 0000 | 0048 8387 | 480b 0000 
  0x000001f657251e3c: ;   {metadata('org/osgi/framework/FrameworkEvent')}
  0x000001f657251e3c: 0148 b868 | d210 01f6 | 0100 008b | 5608 49ba | 0000 0000 | f601 0000 | 4903 d248 | 3bc2 0f85 
  0x000001f657251e5c: 0c2c 0000 | e900 0000 | 004c 8bc6 

  0x000001f657251e68: ; implicit exception: dispatches to 0x000001f657254a75
  0x000001f657251e68: 483b 0348 

  0x000001f657251e6c: ;   {metadata(method data for {method} {0x000001f643658a38} 'dispatchEvent' '(Ljava/lang/Object;Ljava/lang/Object;ILjava/lang/Object;)V' in 'org/eclipse/osgi/internal/framework/BundleContextImpl')}
  0x000001f657251e6c: 8bd3 48bf | 0000 8843 | f601 0000 | 8b52 0849 | ba00 0000 | 00f6 0100 | 0049 03d2 | 483b 9780 
  0x000001f657251e8c: 0b00 0075 | 0d48 8387 | 880b 0000 | 01e9 6000 | 0000 483b | 9790 0b00 | 0075 0d48 | 8387 980b 
  0x000001f657251eac: 0000 01e9 | 4a00 0000 | 4883 bf80 | 0b00 0000 | 7517 4889 | 9780 0b00 | 0048 c787 | 880b 0000 
  0x000001f657251ecc: 0100 0000 | e929 0000 | 0048 83bf | 900b 0000 | 0075 1748 | 8997 900b | 0000 48c7 | 8798 0b00 
  0x000001f657251eec: 0001 0000 | 00e9 0800 | 0000 4883 | 8778 0b00 | 0001 488b | d30f 1f40 | 0048 b818 | 4339 47f6 
  0x000001f657251f0c: ;   {virtual_call}
  0x000001f657251f0c: 0100 00e8 

  0x000001f657251f10: ; ImmutableOopMap {[128]=Oop [152]=Oop [176]=Oop }
                      ;*invokeinterface frameworkEvent {reexecute=0 rethrow=0 return_oop=0}
                      ; - org.eclipse.osgi.internal.framework.BundleContextImpl::dispatchEvent@406 (line 1002)
  0x000001f657251f10: ccc8 3007 

  0x000001f657251f14: ;   {other}
  0x000001f657251f14: 0f1f 8400 | 0c31 0026 

  0x000001f657251f1c: ;   {metadata(method data for {method} {0x000001f643658a38} 'dispatchEvent' '(Ljava/lang/Object;Ljava/lang/Object;ILjava/lang/Object;)V' in 'org/eclipse/osgi/internal/framework/BundleContextImpl')}
  0x000001f657251f1c: 48ba 0000 | 8843 f601 | 0000 ff82 | a80b 0000 | 488b 8424 | b000 0000 | e94c 1200 | 0048 8bb4 
  0x000001f657251f3c: 2498 0000 | 004c 8b8c | 2490 0000 | 0048 85f6 

  0x000001f657251f4c: ;   {metadata(method data for {method} {0x000001f643658a38} 'dispatchEvent' '(Ljava/lang/Object;Ljava/lang/Object;ILjava/lang/Object;)V' in 'org/eclipse/osgi/internal/framework/BundleContextImpl')}
  0x000001f657251f4c: 48b8 0000 | 8843 f601 | 0000 750c | 8088 6905 | 0000 01e9 | af00 0000 | 8b4e 0849 | ba00 0000 
  0x000001f657251f6c: 00f6 0100 | 0049 03ca | 483b 8878 | 0500 0075 | 0d48 8380 | 8005 0000 | 01e9 6000 | 0000 483b 
  0x000001f657251f8c: 8888 0500 | 0075 0d48 | 8380 9005 | 0000 01e9 | 4a00 0000 | 4883 b878 | 0500 0000 | 7517 4889 
  0x000001f657251fac: 8878 0500 | 0048 c780 | 8005 0000 | 0100 0000 | e929 0000 | 0048 83b8 | 8805 0000 | 0075 1748 
  0x000001f657251fcc: 8988 8805 | 0000 48c7 | 8090 0500 | 0001 0000 | 00e9 0800 | 0000 4883 | 8070 0500 

  0x000001f657251fe8: ;   {metadata('org/osgi/framework/ServiceEvent')}
  0x000001f657251fe8: 0001 48b9 | 38c2 0b01 | f601 0000 | 8b46 0849 | ba00 0000 | 00f6 0100 | 0049 03c2 | 483b 4840 
  0x000001f657252008: 0f85 6c2a | 0000 e900 | 0000 0048 | 8bde 4d85 

  0x000001f657252018: ;   {metadata(method data for {method} {0x000001f643658a38} 'dispatchEvent' '(Ljava/lang/Object;Ljava/lang/Object;ILjava/lang/Object;)V' in 'org/eclipse/osgi/internal/framework/BundleContextImpl')}
  0x000001f657252018: c948 b800 | 0088 43f6 | 0100 0075 | 0c80 8899 | 0500 0001 | e9cb 0000 | 0041 8b49 | 0849 ba00 
  0x000001f657252038: 0000 00f6 | 0100 0049 | 03ca 483b | 88a8 0500 | 0075 0d48 | 8380 b005 | 0000 01e9 | 6000 0000 
  0x000001f657252058: 483b 88b8 | 0500 0075 | 0d48 8380 | c005 0000 | 01e9 4a00 | 0000 4883 | b8a8 0500 | 0000 7517 
  0x000001f657252078: 4889 88a8 | 0500 0048 | c780 b005 | 0000 0100 | 0000 e929 | 0000 0048 | 83b8 b805 | 0000 0075 
  0x000001f657252098: 1748 8988 | b805 0000 | 48c7 80c0 | 0500 0001 | 0000 00e9 | 0800 0000 | 4883 80a0 | 0500 0001 
  0x000001f6572520b8: ;   {metadata('org/osgi/framework/ServiceListener')}
  0x000001f6572520b8: 48b9 b073 | 0801 f601 | 0000 418b | 4108 49ba | 0000 0000 | f601 0000 | 4903 c248 | 3b48 200f 
  0x000001f6572520d8: 841f 0000 | 0048 3bc1 | 0f84 1600 | 0000 5051 

  0x000001f6572520e8: ;   {runtime_call slow_subtype_check Runtime1 stub}
  0x000001f6572520e8: e8d3 fc3b | 0758 5885 | c00f 848c | 2900 00e9 | 0000 0000 | 4d8b c18b | 7a18 0fbe | 7f11 85ff 
  0x000001f657252108: ;   {metadata(method data for {method} {0x000001f643658a38} 'dispatchEvent' '(Ljava/lang/Object;Ljava/lang/Object;ILjava/lang/Object;)V' in 'org/eclipse/osgi/internal/framework/BundleContextImpl')}
  0x000001f657252108: 48bf 0000 | 8843 f601 | 0000 b8e0 | 0500 0075 | 05b8 d005 | 0000 488b | 0c07 488d | 4901 4889 
  0x000001f657252128: 0c07 0f85 | 0800 0000 | 498b d0e9 | 7c0f 0000 

  0x000001f657252138: ;   {no_reloc}
  0x000001f657252138: e963 2900 | 0000 0000 | 0000 498b | 87b8 0100 | 0048 8d78 | 1849 3bbf | c801 0000 | 0f87 5029 
  0x000001f657252158: 0000 4989 | bfb8 0100 | 0048 c700 | 0100 0000 | 488b ca49 | ba00 0000 | 00f6 0100 | 0049 2bca 
  0x000001f657252178: 8948 0848 | 33c9 8948 | 0c48 33c9 | 4889 4810 | 4889 8424 | 2801 0000 

  0x000001f657252190: ; implicit exception: dispatches to 0x000001f657254ab7
  0x000001f657252190: 493b 0049 

  0x000001f657252194: ;   {metadata(method data for {method} {0x000001f643658a38} 'dispatchEvent' '(Ljava/lang/Object;Ljava/lang/Object;ILjava/lang/Object;)V' in 'org/eclipse/osgi/internal/framework/BundleContextImpl')}
  0x000001f657252194: 8bd0 48be | 0000 8843 | f601 0000 | 4883 86f0 | 0500 0001 | 418b 5008 | 49ba 0000 | 0000 f601 
  0x000001f6572521b4: 0000 4903 | d248 8b52 | 7048 8b12 

  0x000001f6572521c0: ; implicit exception: dispatches to 0x000001f657254abc
  0x000001f6572521c0: 483b 0248 

  0x000001f6572521c4: ;   {metadata(method data for {method} {0x000001f643658a38} 'dispatchEvent' '(Ljava/lang/Object;Ljava/lang/Object;ILjava/lang/Object;)V' in 'org/eclipse/osgi/internal/framework/BundleContextImpl')}
  0x000001f6572521c4: 8bf2 48bf | 0000 8843 | f601 0000 | 4883 8720 | 0600 0001 

  0x000001f6572521d8: ;   {metadata(method data for {method} {0x000001f6004987e0} 'getName' '()Ljava/lang/String;' in 'java/lang/Class')}
  0x000001f6572521d8: 48be 1859 | 0943 f601 | 0000 8bbe | cc00 0000 | 83c7 0289 | becc 0000 | 0081 e7fe | ff1f 0085 
  0x000001f6572521f8: ff0f 84c2 | 2800 008b | 722c 4885 

  0x000001f657252204: ;   {metadata(method data for {method} {0x000001f6004987e0} 'getName' '()Ljava/lang/String;' in 'java/lang/Class')}
  0x000001f657252204: f648 bf18 | 5909 43f6 | 0100 00b9 | 1801 0000 | 7405 b928 | 0100 004c | 8b2c 0f4d | 8d6d 014c 
  0x000001f657252224: 892c 0f0f | 8425 0000 

  0x000001f65725222c: ;   {metadata(method data for {method} {0x000001f6004987e0} 'getName' '()Ljava/lang/String;' in 'java/lang/Class')}
  0x000001f65725222c: 0048 ba18 | 5909 43f6 | 0100 00ff | 8238 0100 | 004c 8984 | 2430 0100 | 0048 899c | 2438 0100 
  0x000001f65725224c: 00e9 3500 | 0000 4c89 | 8424 3001 | 0000 4889 | 9c24 3801 | 0000 488b 

  0x000001f657252264: ;   {metadata(method data for {method} {0x000001f6004987e0} 'getName' '()Ljava/lang/String;' in 'java/lang/Class')}
  0x000001f657252264: ca49 b918 | 5909 43f6 | 0100 0049 | 8381 5001 

  0x000001f657252274: ;   {optimized virtual_call}
  0x000001f657252274: 0000 01e8 

  0x000001f657252278: ; ImmutableOopMap {[128]=Oop [152]=Oop [176]=Oop [296]=Oop [304]=Oop [312]=Oop }
                      ;*invokevirtual initClassName {reexecute=0 rethrow=0 return_oop=0}
                      ; - java.lang.Class::getName@14 (line 1037)
                      ; - org.eclipse.osgi.internal.framework.BundleContextImpl::dispatchEvent@206 (line 984)
  0x000001f657252278: 64c2 3007 

  0x000001f65725227c: ;   {other}
  0x000001f65725227c: 0f1f 8400 | 7434 0027 

  0x000001f657252284: ;   {metadata(method data for {method} {0x000001f643658a38} 'dispatchEvent' '(Ljava/lang/Object;Ljava/lang/Object;ILjava/lang/Object;)V' in 'org/eclipse/osgi/internal/framework/BundleContextImpl')}
  0x000001f657252284: 488b f048 | ba00 0088 | 43f6 0100 | 0048 8382 | 5006 0000 

  0x000001f657252298: ;   {metadata(method data for {method} {0x000001f60048d080} 'valueOf' '(Ljava/lang/Object;)Ljava/lang/String;' in 'java/lang/String')}
  0x000001f657252298: 0148 ba70 | 9309 43f6 | 0100 008b | bacc 0000 | 0083 c702 | 89ba cc00 | 0000 81e7 | feff 1f00 
  0x000001f6572522b8: 85ff 0f84 | 2228 0000 

  0x000001f6572522c0: ;   {metadata(method data for {method} {0x000001f60048d080} 'valueOf' '(Ljava/lang/Object;)Ljava/lang/String;' in 'java/lang/String')}
  0x000001f6572522c0: 4885 f648 | ba70 9309 | 43f6 0100 | 00bf 1801 | 0000 7505 | bf28 0100 | 0048 8b1c | 3a48 8d5b 
  0x000001f6572522e0: 0148 891c | 3a0f 851f 

  0x000001f6572522e8: ;   {metadata(method data for {method} {0x000001f60048d080} 'valueOf' '(Ljava/lang/Object;)Ljava/lang/String;' in 'java/lang/String')}
  0x000001f6572522e8: 0000 0048 | ba70 9309 | 43f6 0100 | 00ff 8238 

  0x000001f6572522f8: ;   {oop("null"{0x00000000c0000f28})}
  0x000001f6572522f8: 0100 0048 | be28 0f00 | c000 0000 | 00e9 b500 | 0000 483b | 0648 8bd6 

  0x000001f657252310: ;   {metadata(method data for {method} {0x000001f60048d080} 'valueOf' '(Ljava/lang/Object;)Ljava/lang/String;' in 'java/lang/String')}
  0x000001f657252310: 48bf 7093 | 0943 f601 | 0000 8b52 | 0849 ba00 | 0000 00f6 | 0100 0049 | 03d2 483b | 9758 0100 
  0x000001f657252330: 0075 0d48 | 8387 6001 | 0000 01e9 | 6000 0000 | 483b 9768 | 0100 0075 | 0d48 8387 | 7001 0000 
  0x000001f657252350: 01e9 4a00 | 0000 4883 | bf58 0100 | 0000 7517 | 4889 9758 | 0100 0048 | c787 6001 | 0000 0100 
  0x000001f657252370: 0000 e929 | 0000 0048 | 83bf 6801 | 0000 0075 | 1748 8997 | 6801 0000 | 48c7 8770 | 0100 0001 
  0x000001f657252390: 0000 00e9 | 0800 0000 | 4883 8750 | 0100 0001 | 488b d666 | 9048 b840 | 4339 47f6 

  0x000001f6572523ac: ;   {virtual_call}
  0x000001f6572523ac: 0100 00e8 

  0x000001f6572523b0: ; ImmutableOopMap {[128]=Oop [152]=Oop [176]=Oop [296]=Oop [304]=Oop [312]=Oop }
                      ;*invokevirtual toString {reexecute=0 rethrow=0 return_oop=0}
                      ; - java.lang.String::valueOf@11 (line 4556)
                      ; - org.eclipse.osgi.internal.framework.BundleContextImpl::dispatchEvent@209 (line 984)
  0x000001f6572523b0: 2cc4 3007 

  0x000001f6572523b4: ;   {other}
  0x000001f6572523b4: 0f1f 8400 | ac35 0028 | 488b f048 | 8b84 2428 | 0100 004c 

  0x000001f6572523c8: ;   {metadata(method data for {method} {0x000001f643658a38} 'dispatchEvent' '(Ljava/lang/Object;Ljava/lang/Object;ILjava/lang/Object;)V' in 'org/eclipse/osgi/internal/framework/BundleContextImpl')}
  0x000001f6572523c8: 8bc0 48ba | 0000 8843 | f601 0000 | 4883 8260 | 0600 0001 

  0x000001f6572523dc: ;   {metadata(method data for {method} {0x000001f600492b00} '<init>' '(Ljava/lang/String;)V' in 'java/lang/StringBuilder')}
  0x000001f6572523dc: 49b8 00ef | 3243 f601 | 0000 418b | 90cc 0000 | 0083 c202 | 4189 90cc | 0000 0081 | e2fe ff1f 
  0x000001f6572523fc: 0085 d20f | 8403 2700 | 004c 8bc0 

  0x000001f657252408: ;   {metadata(method data for {method} {0x000001f600492b00} '<init>' '(Ljava/lang/String;)V' in 'java/lang/StringBuilder')}
  0x000001f657252408: 48ba 00ef | 3243 f601 | 0000 4883 | 8218 0100 | 0001 4c8b | c648 8bd0 | 0f1f 8000 

  0x000001f657252424: ;   {optimized virtual_call}
  0x000001f657252424: 0000 00e8 

  0x000001f657252428: ; ImmutableOopMap {[128]=Oop [152]=Oop [176]=Oop [296]=Oop [304]=Oop [312]=Oop }
                      ;*invokespecial <init> {reexecute=0 rethrow=0 return_oop=0}
                      ; - java.lang.StringBuilder::<init>@2 (line 131)
                      ; - org.eclipse.osgi.internal.framework.BundleContextImpl::dispatchEvent@212 (line 984)
  0x000001f657252428: b4c0 3007 

  0x000001f65725242c: ;   {other}
  0x000001f65725242c: 0f1f 8400 | 2436 0029 | 488b 8424 | 2801 0000 

  0x000001f65725243c: ;   {metadata(method data for {method} {0x000001f643658a38} 'dispatchEvent' '(Ljava/lang/Object;Ljava/lang/Object;ILjava/lang/Object;)V' in 'org/eclipse/osgi/internal/framework/BundleContextImpl')}
  0x000001f65725243c: 49b8 0000 | 8843 f601 | 0000 4983 | 8070 0600 

  0x000001f65725244c: ;   {metadata(method data for {method} {0x000001f600492840} 'append' '(Ljava/lang/String;)Ljava/lang/StringBuilder;' in 'java/lang/StringBuilder')}
  0x000001f65725244c: 0001 49b8 | 50bf 0043 | f601 0000 | 418b 90cc | 0000 0083 | c202 4189 | 90cc 0000 | 0081 e2fe 
  0x000001f65725246c: ff1f 0085 | d20f 84b2 | 2600 0048 | 8b84 2428 

  0x000001f65725247c: ;   {metadata(method data for {method} {0x000001f600492840} 'append' '(Ljava/lang/String;)Ljava/lang/StringBuilder;' in 'java/lang/StringBuilder')}
  0x000001f65725247c: 0100 0049 | b850 bf00 | 43f6 0100 | 0049 8380 | 1801 0000 

  0x000001f657252490: ;   {oop("@"{0x00000000c00069e0})}
  0x000001f657252490: 0149 b8e0 | 6900 c000 | 0000 0048 | 8b94 2428 | 0100 000f 

  0x000001f6572524a4: ;   {optimized virtual_call}
  0x000001f6572524a4: 1f40 00e8 

  0x000001f6572524a8: ; ImmutableOopMap {[128]=Oop [152]=Oop [176]=Oop [296]=Oop [304]=Oop [312]=Oop }
                      ;*invokespecial append {reexecute=0 rethrow=0 return_oop=0}
                      ; - java.lang.StringBuilder::append@2 (line 179)
                      ; - org.eclipse.osgi.internal.framework.BundleContextImpl::dispatchEvent@218 (line 984)
  0x000001f6572524a8: 34c0 3007 

  0x000001f6572524ac: ;   {other}
  0x000001f6572524ac: 0f1f 8400 | a436 002a 

  0x000001f6572524b4: ;   {metadata(method data for {method} {0x000001f643658a38} 'dispatchEvent' '(Ljava/lang/Object;Ljava/lang/Object;ILjava/lang/Object;)V' in 'org/eclipse/osgi/internal/framework/BundleContextImpl')}
  0x000001f6572524b4: 48ba 0000 | 8843 f601 | 0000 4883 | 82a0 0600 | 0001 488b | 9424 3001 

  0x000001f6572524cc: ;   {static_call}
  0x000001f6572524cc: 0000 90e8 

  0x000001f6572524d0: ; ImmutableOopMap {[128]=Oop [152]=Oop [176]=Oop [296]=Oop [304]=Oop [312]=Oop }
                      ;*invokestatic identityHashCode {reexecute=0 rethrow=0 return_oop=0}
                      ; - org.eclipse.osgi.internal.framework.BundleContextImpl::dispatchEvent@223 (line 985)
  0x000001f6572524d0: 0cc6 3007 

  0x000001f6572524d4: ;   {other}
  0x000001f6572524d4: 0f1f 8400 | cc36 002b 

  0x000001f6572524dc: ;   {metadata(method data for {method} {0x000001f643658a38} 'dispatchEvent' '(Ljava/lang/Object;Ljava/lang/Object;ILjava/lang/Object;)V' in 'org/eclipse/osgi/internal/framework/BundleContextImpl')}
  0x000001f6572524dc: 48ba 0000 | 8843 f601 | 0000 4883 | 82b0 0600 

  0x000001f6572524ec: ;   {metadata(method data for {method} {0x000001f600470478} 'toHexString' '(I)Ljava/lang/String;' in 'java/lang/Integer')}
  0x000001f6572524ec: 0001 48ba | e008 3243 | f601 0000 | 448b 82cc | 0000 0041 | 83c0 0244 | 8982 cc00 | 0000 4181 
  0x000001f65725250c: e0fe ff1f | 0045 85c0 | 0f84 3026 

  0x000001f657252518: ;   {metadata(method data for {method} {0x000001f600470478} 'toHexString' '(I)Ljava/lang/String;' in 'java/lang/Integer')}
  0x000001f657252518: 0000 48ba | e008 3243 | f601 0000 | 4883 8218 | 0100 0001 | 488b d041 | b804 0000 

  0x000001f657252534: ;   {static_call}
  0x000001f657252534: 0066 90e8 

  0x000001f657252538: ; ImmutableOopMap {[128]=Oop [152]=Oop [176]=Oop [296]=Oop [304]=Oop [312]=Oop }
                      ;*invokestatic toUnsignedString0 {reexecute=0 rethrow=0 return_oop=0}
                      ; - java.lang.Integer::toHexString@2 (line 287)
                      ; - org.eclipse.osgi.internal.framework.BundleContextImpl::dispatchEvent@226 (line 985)
  0x000001f657252538: a4c5 3007 

  0x000001f65725253c: ;   {other}
  0x000001f65725253c: 0f1f 8400 | 3437 002c | 4c8b 8424 | 2801 0000 

  0x000001f65725254c: ;   {metadata(method data for {method} {0x000001f643658a38} 'dispatchEvent' '(Ljava/lang/Object;Ljava/lang/Object;ILjava/lang/Object;)V' in 'org/eclipse/osgi/internal/framework/BundleContextImpl')}
  0x000001f65725254c: 48ba 0000 | 8843 f601 | 0000 4883 | 82c0 0600 

  0x000001f65725255c: ;   {metadata(method data for {method} {0x000001f600492840} 'append' '(Ljava/lang/String;)Ljava/lang/StringBuilder;' in 'java/lang/StringBuilder')}
  0x000001f65725255c: 0001 49b8 | 50bf 0043 | f601 0000 | 418b 90cc | 0000 0083 | c202 4189 | 90cc 0000 | 0081 e2fe 
  0x000001f65725257c: ff1f 0085 | d20f 84e4 | 2500 004c | 8b84 2428 

  0x000001f65725258c: ;   {metadata(method data for {method} {0x000001f600492840} 'append' '(Ljava/lang/String;)Ljava/lang/StringBuilder;' in 'java/lang/StringBuilder')}
  0x000001f65725258c: 0100 0048 | ba50 bf00 | 43f6 0100 | 0048 8382 | 1801 0000 | 014c 8bc0 | 488b 9424 | 2801 0000 
  0x000001f6572525ac: ;   {optimized virtual_call}
  0x000001f6572525ac: 6666 90e8 

  0x000001f6572525b0: ; ImmutableOopMap {[128]=Oop [152]=Oop [176]=Oop [296]=Oop [304]=Oop [312]=Oop }
                      ;*invokespecial append {reexecute=0 rethrow=0 return_oop=0}
                      ; - java.lang.StringBuilder::append@2 (line 179)
                      ; - org.eclipse.osgi.internal.framework.BundleContextImpl::dispatchEvent@229 (line 985)
  0x000001f6572525b0: 2cbf 3007 

  0x000001f6572525b4: ;   {other}
  0x000001f6572525b4: 0f1f 8400 | ac37 002d | 488b 8424 | 2801 0000 

  0x000001f6572525c4: ;   {metadata(method data for {method} {0x000001f643658a38} 'dispatchEvent' '(Ljava/lang/Object;Ljava/lang/Object;ILjava/lang/Object;)V' in 'org/eclipse/osgi/internal/framework/BundleContextImpl')}
  0x000001f6572525c4: 48ba 0000 | 8843 f601 | 0000 4883 | 82f0 0600 

  0x000001f6572525d4: ;   {metadata(method data for {method} {0x000001f60016ae60} 'toString' '()Ljava/lang/String;' in 'java/lang/StringBuilder')}
  0x000001f6572525d4: 0001 48ba | 98c6 0043 | f601 0000 | 8bb2 cc00 | 0000 83c6 | 0289 b2cc | 0000 0081 | e6fe ff1f 
  0x000001f6572525f4: 0085 f60f | 848f 2500 | 0048 8b84 | 2428 0100 

  0x000001f657252604: ;   {metadata(method data for {method} {0x000001f60016ae60} 'toString' '()Ljava/lang/String;' in 'java/lang/StringBuilder')}
  0x000001f657252604: 0048 ba98 | c600 43f6 | 0100 0048 | 8382 1801 

  0x000001f657252614: ;   {metadata(method data for {method} {0x000001f60016aeb8} 'length' '()I' in 'java/lang/StringBuilder')}
  0x000001f657252614: 0000 0148 | ba80 c800 | 43f6 0100 | 008b b2cc | 0000 0083 | c602 89b2 | cc00 0000 | 81e6 feff 
  0x000001f657252634: 1f00 85f6 | 0f84 6f25 | 0000 488b | 8424 2801 

  0x000001f657252644: ;   {metadata(method data for {method} {0x000001f60016aeb8} 'length' '()I' in 'java/lang/StringBuilder')}
  0x000001f657252644: 0000 48ba | 80c8 0043 | f601 0000 | 4883 8218 | 0100 0001 | 4c8b 8424 | 2801 0000 | 418b 500c 
  0x000001f657252664: ;   {metadata(method data for {method} {0x000001f60016ae60} 'toString' '()Ljava/lang/String;' in 'java/lang/StringBuilder')}
  0x000001f657252664: 85d2 48ba | 98c6 0043 | f601 0000 | be48 0100 | 0075 05be | 5801 0000 | 488b 3c32 | 488d 7f01 
  0x000001f657252684: 4889 3c32 | 0f85 0f00 

  0x000001f65725268c: ;   {oop(""{0x00000000c0000450})}
  0x000001f65725268c: 0000 48bb | 5004 00c0 | 0000 0000 | e98f 0000 

  0x000001f65725269c: ;   {metadata('java/lang/String')}
  0x000001f65725269c: 0048 ba28 | 0d17 00f6 | 0100 0049 | 8b87 b801 | 0000 488d | 7818 493b | bfc8 0100 | 000f 870f 
  0x000001f6572526bc: 2500 0049 | 89bf b801 | 0000 48c7 | 0001 0000 | 0048 8bca | 49ba 0000 | 0000 f601 | 0000 492b 
  0x000001f6572526dc: ca89 4808 | 4833 c989 | 480c 4833 | c948 8948 | 104c 8bc8 

  0x000001f6572526f0: ;   {metadata(method data for {method} {0x000001f60016ae60} 'toString' '()Ljava/lang/String;' in 'java/lang/StringBuilder')}
  0x000001f6572526f0: 48ba 98c6 | 0043 f601 | 0000 4883 | 8268 0100 

  0x000001f657252700: ;   {oop(nullptr)}
  0x000001f657252700: 0001 49b9 | 0000 0000 | 0000 0000 | 488b d048 | 8984 2440 

  0x000001f657252714: ;   {optimized virtual_call}
  0x000001f657252714: 0100 00e8 

  0x000001f657252718: ; ImmutableOopMap {[128]=Oop [152]=Oop [176]=Oop [304]=Oop [312]=Oop [320]=Oop }
                      ;*invokespecial <init> {reexecute=0 rethrow=0 return_oop=0}
                      ; - java.lang.StringBuilder::toString@16 (line 478)
                      ; - org.eclipse.osgi.internal.framework.BundleContextImpl::dispatchEvent@232 (line 984)
  0x000001f657252718: c4bd 3007 

  0x000001f65725271c: ;   {other}
  0x000001f65725271c: 0f1f 8400 | 1439 002e | 488b 9c24 | 4001 0000 | 4889 9c24 | 5001 0000 | 488b 9424 | 8000 0000 
  0x000001f65725273c: 448b 4a18 

  0x000001f657252740: ;   {no_reloc}
  0x000001f657252740: e9a5 2400 | 0000 0000 | 0000 498b | 87b8 0100 | 0048 8d78 | 1849 3bbf | c801 0000 | 0f87 9224 
  0x000001f657252760: 0000 4989 | bfb8 0100 | 0048 c700 | 0100 0000 | 488b ca49 | ba00 0000 | 00f6 0100 | 0049 2bca 
  0x000001f657252780: 8948 0848 | 33c9 8948 | 0c48 33c9 | 4889 4810 | 4889 8424 | 4801 0000 

  0x000001f657252798: ;   {metadata(method data for {method} {0x000001f643658a38} 'dispatchEvent' '(Ljava/lang/Object;Ljava/lang/Object;ILjava/lang/Object;)V' in 'org/eclipse/osgi/internal/framework/BundleContextImpl')}
  0x000001f657252798: 4c8b c048 | ba00 0088 | 43f6 0100 | 0048 8382 | 2007 0000 

  0x000001f6572527ac: ;   {metadata(method data for {method} {0x000001f600492b00} '<init>' '(Ljava/lang/String;)V' in 'java/lang/StringBuilder')}
  0x000001f6572527ac: 0149 b800 | ef32 43f6 | 0100 0041 | 8b90 cc00 | 0000 83c2 | 0241 8990 | cc00 0000 | 81e2 feff 
  0x000001f6572527cc: 1f00 85d2 | 0f84 2b24 | 0000 4c8b 

  0x000001f6572527d8: ;   {metadata(method data for {method} {0x000001f600492b00} '<init>' '(Ljava/lang/String;)V' in 'java/lang/StringBuilder')}
  0x000001f6572527d8: c048 ba00 | ef32 43f6 | 0100 0048 | 8382 1801 

  0x000001f6572527e8: ;   {oop("dispatchServiceEvent["{0x00000000eadef080})}
  0x000001f6572527e8: 0000 0149 | b880 f0de | ea00 0000 | 0048 8bd0 | 4c89 8c24 | 5801 0000 | 0f1f 8000 

  0x000001f657252804: ;   {optimized virtual_call}
  0x000001f657252804: 0000 00e8 

  0x000001f657252808: ; ImmutableOopMap {[128]=Oop [152]=Oop [176]=Oop [304]=Oop [312]=Oop [328]=Oop [336]=Oop [344]=Oop }
                      ;*invokespecial <init> {reexecute=0 rethrow=0 return_oop=0}
                      ; - java.lang.StringBuilder::<init>@2 (line 131)
                      ; - org.eclipse.osgi.internal.framework.BundleContextImpl::dispatchEvent@251 (line 986)
  0x000001f657252808: d4bc 3007 

  0x000001f65725280c: ;   {other}
  0x000001f65725280c: 0f1f 8400 | 043a 002f | 488b 9424 | 8000 0000 | 8b72 1048 | 8b84 2448 

  0x000001f657252824: ;   {metadata(method data for {method} {0x000001f643658a38} 'dispatchEvent' '(Ljava/lang/Object;Ljava/lang/Object;ILjava/lang/Object;)V' in 'org/eclipse/osgi/internal/framework/BundleContextImpl')}
  0x000001f657252824: 0100 0048 | bf00 0088 | 43f6 0100 | 0048 8387 | 3007 0000 

  0x000001f657252838: ;   {metadata(method data for {method} {0x000001f600492898} 'append' '(Ljava/lang/Object;)Ljava/lang/StringBuilder;' in 'java/lang/StringBuilder')}
  0x000001f657252838: 0148 bfd0 | 9109 43f6 | 0100 008b | 9fcc 0000 | 0083 c302 | 899f cc00 | 0000 81e3 | feff 1f00 
  0x000001f657252858: 85db 0f84 | c223 0000 

  0x000001f657252860: ;   {metadata(method data for {method} {0x000001f600492898} 'append' '(Ljava/lang/Object;)Ljava/lang/StringBuilder;' in 'java/lang/StringBuilder')}
  0x000001f657252860: 48bf d091 | 0943 f601 | 0000 4883 | 8718 0100 

  0x000001f657252870: ;   {metadata(method data for {method} {0x000001f60048d080} 'valueOf' '(Ljava/lang/Object;)Ljava/lang/String;' in 'java/lang/String')}
  0x000001f657252870: 0001 48bf | 7093 0943 | f601 0000 | 8b9f cc00 | 0000 83c3 | 0289 9fcc | 0000 0081 | e3fe ff1f 
  0x000001f657252890: 0085 db0f | 84aa 2300 | 0048 85f6 

  0x000001f65725289c: ;   {metadata(method data for {method} {0x000001f60048d080} 'valueOf' '(Ljava/lang/Object;)Ljava/lang/String;' in 'java/lang/String')}
  0x000001f65725289c: 48bf 7093 | 0943 f601 | 0000 bb18 | 0100 0075 | 05bb 2801 | 0000 488b | 041f 488d | 4001 4889 
  0x000001f6572528bc: 041f 0f85 | 1f00 0000 

  0x000001f6572528c4: ;   {metadata(method data for {method} {0x000001f60048d080} 'valueOf' '(Ljava/lang/Object;)Ljava/lang/String;' in 'java/lang/String')}
  0x000001f6572528c4: 48be 7093 | 0943 f601 | 0000 ff86 | 3801 0000 

  0x000001f6572528d4: ;   {oop("null"{0x00000000c0000f28})}
  0x000001f6572528d4: 48be 280f | 00c0 0000 | 0000 e9ac | 0000 0048 | 3b06 488b 

  0x000001f6572528e8: ;   {metadata(method data for {method} {0x000001f60048d080} 'valueOf' '(Ljava/lang/Object;)Ljava/lang/String;' in 'java/lang/String')}
  0x000001f6572528e8: fe48 bb70 | 9309 43f6 | 0100 008b | 7f08 49ba | 0000 0000 | f601 0000 | 4903 fa48 | 3bbb 5801 
  0x000001f657252908: 0000 750d | 4883 8360 | 0100 0001 | e960 0000 | 0048 3bbb | 6801 0000 | 750d 4883 | 8370 0100 
  0x000001f657252928: 0001 e94a | 0000 0048 | 83bb 5801 | 0000 0075 | 1748 89bb | 5801 0000 | 48c7 8360 | 0100 0001 
  0x000001f657252948: 0000 00e9 | 2900 0000 | 4883 bb68 | 0100 0000 | 7517 4889 | bb68 0100 | 0048 c783 | 7001 0000 
  0x000001f657252968: 0100 0000 | e908 0000 | 0048 8383 | 5001 0000 | 0148 8bd6 

  0x000001f65725297c: ;   {optimized virtual_call}
  0x000001f65725297c: 6666 90e8 

  0x000001f657252980: ; ImmutableOopMap {[128]=Oop [152]=Oop [176]=Oop [304]=Oop [312]=Oop [328]=Oop [336]=Oop [344]=Oop }
                      ;*invokevirtual toString {reexecute=0 rethrow=0 return_oop=0}
                      ; - java.lang.String::valueOf@11 (line 4556)
                      ; - java.lang.StringBuilder::append@2 (line 173)
                      ; - org.eclipse.osgi.internal.framework.BundleContextImpl::dispatchEvent@258 (line 986)
  0x000001f657252980: 5cbb 3007 

  0x000001f657252984: ;   {other}
  0x000001f657252984: 0f1f 8400 | 7c3b 0030 | 488b f048 | 8b84 2448 

  0x000001f657252994: ;   {metadata(method data for {method} {0x000001f600492898} 'append' '(Ljava/lang/Object;)Ljava/lang/StringBuilder;' in 'java/lang/StringBuilder')}
  0x000001f657252994: 0100 0049 | b8d0 9109 | 43f6 0100 | 0049 8380 | 2801 0000 

  0x000001f6572529a8: ;   {metadata(method data for {method} {0x000001f600492840} 'append' '(Ljava/lang/String;)Ljava/lang/StringBuilder;' in 'java/lang/StringBuilder')}
  0x000001f6572529a8: 0149 b850 | bf00 43f6 | 0100 0041 | 8b90 cc00 | 0000 83c2 | 0241 8990 | cc00 0000 | 81e2 feff 
  0x000001f6572529c8: 1f00 85d2 | 0f84 9722 | 0000 488b | 8424 4801 

  0x000001f6572529d8: ;   {metadata(method data for {method} {0x000001f600492840} 'append' '(Ljava/lang/String;)Ljava/lang/StringBuilder;' in 'java/lang/StringBuilder')}
  0x000001f6572529d8: 0000 49b8 | 50bf 0043 | f601 0000 | 4983 8018 | 0100 0001 | 4c8b c648 | 8b94 2448 

  0x000001f6572529f4: ;   {optimized virtual_call}
  0x000001f6572529f4: 0100 00e8 

  0x000001f6572529f8: ; ImmutableOopMap {[128]=Oop [152]=Oop [176]=Oop [304]=Oop [312]=Oop [328]=Oop [336]=Oop [344]=Oop }
                      ;*invokespecial append {reexecute=0 rethrow=0 return_oop=0}
                      ; - java.lang.StringBuilder::append@2 (line 179)
                      ; - java.lang.StringBuilder::append@5 (line 173)
                      ; - org.eclipse.osgi.internal.framework.BundleContextImpl::dispatchEvent@258 (line 986)
  0x000001f6572529f8: e4ba 3007 

  0x000001f6572529fc: ;   {other}
  0x000001f6572529fc: 0f1f 8400 | f43b 0031 | 488b 8424 | 4801 0000 

  0x000001f657252a0c: ;   {metadata(method data for {method} {0x000001f643658a38} 'dispatchEvent' '(Ljava/lang/Object;Ljava/lang/Object;ILjava/lang/Object;)V' in 'org/eclipse/osgi/internal/framework/BundleContextImpl')}
  0x000001f657252a0c: 4c8b c048 | ba00 0088 | 43f6 0100 | 0048 8382 | 6007 0000 

  0x000001f657252a20: ;   {metadata(method data for {method} {0x000001f600492840} 'append' '(Ljava/lang/String;)Ljava/lang/StringBuilder;' in 'java/lang/StringBuilder')}
  0x000001f657252a20: 0149 b850 | bf00 43f6 | 0100 0041 | 8b90 cc00 | 0000 83c2 | 0241 8990 | cc00 0000 | 81e2 feff 
  0x000001f657252a40: 1f00 85d2 | 0f84 4022 | 0000 4c8b 

  0x000001f657252a4c: ;   {metadata(method data for {method} {0x000001f600492840} 'append' '(Ljava/lang/String;)Ljava/lang/StringBuilder;' in 'java/lang/StringBuilder')}
  0x000001f657252a4c: c048 ba50 | bf00 43f6 | 0100 0048 | 8382 1801 

  0x000001f657252a5c: ;   {oop("]("{0x00000000eadef050})}
  0x000001f657252a5c: 0000 0149 | b850 f0de | ea00 0000 | 0048 8bd0 

  0x000001f657252a6c: ;   {optimized virtual_call}
  0x000001f657252a6c: 6666 90e8 

  0x000001f657252a70: ; ImmutableOopMap {[128]=Oop [152]=Oop [176]=Oop [304]=Oop [312]=Oop [328]=Oop [336]=Oop [344]=Oop }
                      ;*invokespecial append {reexecute=0 rethrow=0 return_oop=0}
                      ; - java.lang.StringBuilder::append@2 (line 179)
                      ; - org.eclipse.osgi.internal.framework.BundleContextImpl::dispatchEvent@264 (line 986)
  0x000001f657252a70: 6cba 3007 

  0x000001f657252a74: ;   {other}
  0x000001f657252a74: 0f1f 8400 | 6c3c 0032 | 488b 8424 | 4801 0000 

  0x000001f657252a84: ;   {metadata(method data for {method} {0x000001f643658a38} 'dispatchEvent' '(Ljava/lang/Object;Ljava/lang/Object;ILjava/lang/Object;)V' in 'org/eclipse/osgi/internal/framework/BundleContextImpl')}
  0x000001f657252a84: 49b8 0000 | 8843 f601 | 0000 4983 | 8090 0700 

  0x000001f657252a94: ;   {metadata(method data for {method} {0x000001f600492840} 'append' '(Ljava/lang/String;)Ljava/lang/StringBuilder;' in 'java/lang/StringBuilder')}
  0x000001f657252a94: 0001 49b8 | 50bf 0043 | f601 0000 | 418b 90cc | 0000 0083 | c202 4189 | 90cc 0000 | 0081 e2fe 
  0x000001f657252ab4: ff1f 0085 | d20f 84ec | 2100 0048 | 8b84 2448 

  0x000001f657252ac4: ;   {metadata(method data for {method} {0x000001f600492840} 'append' '(Ljava/lang/String;)Ljava/lang/StringBuilder;' in 'java/lang/StringBuilder')}
  0x000001f657252ac4: 0100 0049 | b850 bf00 | 43f6 0100 | 0049 8380 | 1801 0000 | 014c 8b84 | 2450 0100 | 0048 8b94 
  0x000001f657252ae4: 2448 0100 | 0066 0f1f 

  0x000001f657252aec: ;   {optimized virtual_call}
  0x000001f657252aec: 4400 00e8 

  0x000001f657252af0: ; ImmutableOopMap {[128]=Oop [152]=Oop [176]=Oop [304]=Oop [312]=Oop [328]=Oop [344]=Oop }
                      ;*invokespecial append {reexecute=0 rethrow=0 return_oop=0}
                      ; - java.lang.StringBuilder::append@2 (line 179)
                      ; - org.eclipse.osgi.internal.framework.BundleContextImpl::dispatchEvent@269 (line 986)
  0x000001f657252af0: ecb9 3007 

  0x000001f657252af4: ;   {other}
  0x000001f657252af4: 0f1f 8400 | ec3c 0033 | 488b 8424 | 4801 0000 

  0x000001f657252b04: ;   {metadata(method data for {method} {0x000001f643658a38} 'dispatchEvent' '(Ljava/lang/Object;Ljava/lang/Object;ILjava/lang/Object;)V' in 'org/eclipse/osgi/internal/framework/BundleContextImpl')}
  0x000001f657252b04: 49b8 0000 | 8843 f601 | 0000 4983 | 80c0 0700 

  0x000001f657252b14: ;   {metadata(method data for {method} {0x000001f600492840} 'append' '(Ljava/lang/String;)Ljava/lang/StringBuilder;' in 'java/lang/StringBuilder')}
  0x000001f657252b14: 0001 49b8 | 50bf 0043 | f601 0000 | 418b 90cc | 0000 0083 | c202 4189 | 90cc 0000 | 0081 e2fe 
  0x000001f657252b34: ff1f 0085 | d20f 848d | 2100 0048 | 8b84 2448 

  0x000001f657252b44: ;   {metadata(method data for {method} {0x000001f600492840} 'append' '(Ljava/lang/String;)Ljava/lang/StringBuilder;' in 'java/lang/StringBuilder')}
  0x000001f657252b44: 0100 0049 | b850 bf00 | 43f6 0100 | 0049 8380 | 1801 0000 

  0x000001f657252b58: ;   {oop(")"{0x00000000c0001240})}
  0x000001f657252b58: 0149 b840 | 1200 c000 | 0000 0048 | 8b94 2448 | 0100 000f 

  0x000001f657252b6c: ;   {optimized virtual_call}
  0x000001f657252b6c: 1f40 00e8 

  0x000001f657252b70: ; ImmutableOopMap {[128]=Oop [152]=Oop [176]=Oop [304]=Oop [312]=Oop [328]=Oop [344]=Oop }
                      ;*invokespecial append {reexecute=0 rethrow=0 return_oop=0}
                      ; - java.lang.StringBuilder::append@2 (line 179)
                      ; - org.eclipse.osgi.internal.framework.BundleContextImpl::dispatchEvent@275 (line 986)
  0x000001f657252b70: 6cb9 3007 

  0x000001f657252b74: ;   {other}
  0x000001f657252b74: 0f1f 8400 | 6c3d 0034 | 488b 8424 | 4801 0000 

  0x000001f657252b84: ;   {metadata(method data for {method} {0x000001f643658a38} 'dispatchEvent' '(Ljava/lang/Object;Ljava/lang/Object;ILjava/lang/Object;)V' in 'org/eclipse/osgi/internal/framework/BundleContextImpl')}
  0x000001f657252b84: 48ba 0000 | 8843 f601 | 0000 4883 | 82f0 0700 

  0x000001f657252b94: ;   {metadata(method data for {method} {0x000001f60016ae60} 'toString' '()Ljava/lang/String;' in 'java/lang/StringBuilder')}
  0x000001f657252b94: 0001 48ba | 98c6 0043 | f601 0000 | 8bb2 cc00 | 0000 83c6 | 0289 b2cc | 0000 0081 | e6fe ff1f 
  0x000001f657252bb4: 0085 f60f | 8430 2100 | 0048 8b84 | 2448 0100 

  0x000001f657252bc4: ;   {metadata(method data for {method} {0x000001f60016ae60} 'toString' '()Ljava/lang/String;' in 'java/lang/StringBuilder')}
  0x000001f657252bc4: 0048 ba98 | c600 43f6 | 0100 0048 | 8382 1801 

  0x000001f657252bd4: ;   {metadata(method data for {method} {0x000001f60016aeb8} 'length' '()I' in 'java/lang/StringBuilder')}
  0x000001f657252bd4: 0000 0148 | ba80 c800 | 43f6 0100 | 008b b2cc | 0000 0083 | c602 89b2 | cc00 0000 | 81e6 feff 
  0x000001f657252bf4: 1f00 85f6 | 0f84 1021 | 0000 488b | 8424 4801 

  0x000001f657252c04: ;   {metadata(method data for {method} {0x000001f60016aeb8} 'length' '()I' in 'java/lang/StringBuilder')}
  0x000001f657252c04: 0000 48ba | 80c8 0043 | f601 0000 | 4883 8218 | 0100 0001 | 4c8b 8424 | 4801 0000 | 418b 500c 
  0x000001f657252c24: ;   {metadata(method data for {method} {0x000001f60016ae60} 'toString' '()Ljava/lang/String;' in 'java/lang/StringBuilder')}
  0x000001f657252c24: 85d2 48ba | 98c6 0043 | f601 0000 | be48 0100 | 0075 05be | 5801 0000 | 488b 3c32 | 488d 7f01 
  0x000001f657252c44: 4889 3c32 | 0f85 0f00 

  0x000001f657252c4c: ;   {oop(""{0x00000000c0000450})}
  0x000001f657252c4c: 0000 48be | 5004 00c0 | 0000 0000 | e98f 0000 

  0x000001f657252c5c: ;   {metadata('java/lang/String')}
  0x000001f657252c5c: 0048 ba28 | 0d17 00f6 | 0100 0049 | 8b87 b801 | 0000 488d | 7818 493b | bfc8 0100 | 000f 87b0 
  0x000001f657252c7c: 2000 0049 | 89bf b801 | 0000 48c7 | 0001 0000 | 0048 8bca | 49ba 0000 | 0000 f601 | 0000 492b 
  0x000001f657252c9c: ca89 4808 | 4833 c989 | 480c 4833 | c948 8948 | 104c 8bc8 

  0x000001f657252cb0: ;   {metadata(method data for {method} {0x000001f60016ae60} 'toString' '()Ljava/lang/String;' in 'java/lang/StringBuilder')}
  0x000001f657252cb0: 48ba 98c6 | 0043 f601 | 0000 4883 | 8268 0100 

  0x000001f657252cc0: ;   {oop(nullptr)}
  0x000001f657252cc0: 0001 49b9 | 0000 0000 | 0000 0000 | 488b d048 | 8984 2460 

  0x000001f657252cd4: ;   {optimized virtual_call}
  0x000001f657252cd4: 0100 00e8 

  0x000001f657252cd8: ; ImmutableOopMap {[128]=Oop [152]=Oop [176]=Oop [304]=Oop [312]=Oop [344]=Oop [352]=Oop }
                      ;*invokespecial <init> {reexecute=0 rethrow=0 return_oop=0}
                      ; - java.lang.StringBuilder::toString@16 (line 478)
                      ; - org.eclipse.osgi.internal.framework.BundleContextImpl::dispatchEvent@278 (line 986)
  0x000001f657252cd8: 04b8 3007 

  0x000001f657252cdc: ;   {other}
  0x000001f657252cdc: 0f1f 8400 | d43e 0035 | 488b b424 | 6001 0000 | 4c8b 8c24 | 5801 0000 

  0x000001f657252cf4: ; implicit exception: dispatches to 0x000001f657254d3c
  0x000001f657252cf4: 493b 014d 

  0x000001f657252cf8: ;   {metadata(method data for {method} {0x000001f643658a38} 'dispatchEvent' '(Ljava/lang/Object;Ljava/lang/Object;ILjava/lang/Object;)V' in 'org/eclipse/osgi/internal/framework/BundleContextImpl')}
  0x000001f657252cf8: 8bc1 48ba | 0000 8843 | f601 0000 

  0x000001f657252d04: ;   {metadata('org/eclipse/osgi/internal/debug/Debug')}
  0x000001f657252d04: 49ba 0060 | 0801 f601 | 0000 4c89 | 9228 0800 | 0048 8382 | 3008 0000 

  0x000001f657252d1c: ;   {metadata(method data for {method} {0x000001f6434cb398} 'trace' '(Ljava/lang/String;Ljava/lang/String;)V' in 'org/eclipse/osgi/internal/debug/Debug')}
  0x000001f657252d1c: 0149 b8a8 | ed84 43f6 | 0100 0041 | 8b90 cc00 | 0000 83c2 | 0241 8990 | cc00 0000 | 81e2 feff 
  0x000001f657252d3c: 1f00 85d2 | 0f84 fb1f | 0000 418b | 5120 4885 

  0x000001f657252d4c: ;   {metadata(method data for {method} {0x000001f6434cb398} 'trace' '(Ljava/lang/String;Ljava/lang/String;)V' in 'org/eclipse/osgi/internal/debug/Debug')}
  0x000001f657252d4c: d249 b8a8 | ed84 43f6 | 0100 0041 | b918 0100 | 0074 0641 | b928 0100 | 004b 8b3c | 0848 8d7f 
  0x000001f657252d6c: 014b 893c | 080f 84e3 | 0200 0048 | 89b4 2468 | 0100 0048 | 85d2 0f84 | 2900 0000 

  0x000001f657252d88: ;   {metadata('org/eclipse/osgi/internal/log/ExtendedLogServiceImpl')}
  0x000001f657252d88: 48bb 48ae | 0801 f601 | 0000 8b7a | 0849 ba00 | 0000 00f6 | 0100 0049 | 03fa 483b | 5f38 0f85 
  0x000001f657252da8: b61f 0000 | e900 0000 | 004c 8bc2 

  0x000001f657252db4: ; implicit exception: dispatches to 0x000001f657254d67
  0x000001f657252db4: 483b 024c 

  0x000001f657252db8: ;   {metadata(method data for {method} {0x000001f6434cb398} 'trace' '(Ljava/lang/String;Ljava/lang/String;)V' in 'org/eclipse/osgi/internal/debug/Debug')}
  0x000001f657252db8: 8bc2 49b9 | a8ed 8443 | f601 0000 

  0x000001f657252dc4: ;   {metadata('org/eclipse/osgi/internal/log/ExtendedLogServiceImpl')}
  0x000001f657252dc4: 49ba 48ae | 0801 f601 | 0000 4d89 | 9140 0100 | 0049 8381 | 4801 0000 

  0x000001f657252ddc: ;   {metadata(method data for {method} {0x000001f6434f1300} 'getLogger' '(Ljava/lang/String;)Lorg/osgi/service/log/Logger;' in 'org/eclipse/osgi/internal/log/ExtendedLogServiceImpl')}
  0x000001f657252ddc: 0149 b808 | f384 43f6 | 0100 0045 | 8b88 cc00 | 0000 4183 | c102 4589 | 88cc 0000 | 0041 81e1 
  0x000001f657252dfc: feff 1f00 | 4585 c90f | 8463 1f00 | 004c 8bc2 

  0x000001f657252e0c: ;   {metadata(method data for {method} {0x000001f6434f1300} 'getLogger' '(Ljava/lang/String;)Lorg/osgi/service/log/Logger;' in 'org/eclipse/osgi/internal/log/ExtendedLogServiceImpl')}
  0x000001f657252e0c: 49b9 08f3 | 8443 f601 

  0x000001f657252e14: ;   {metadata('org/eclipse/osgi/internal/log/ExtendedLogServiceImpl')}
  0x000001f657252e14: 0000 49ba | 48ae 0801 | f601 0000 | 4d89 9120 | 0100 0049 | 8381 2801 

  0x000001f657252e2c: ;   {metadata(method data for {method} {0x000001f6434eeb88} 'getLogger' '(Ljava/lang/String;)Lorg/eclipse/equinox/log/Logger;' in 'org/eclipse/osgi/internal/log/ExtendedLogServiceImpl')}
  0x000001f657252e2c: 0000 0149 | b800 f784 | 43f6 0100 | 0045 8b88 | cc00 0000 | 4183 c102 | 4589 88cc | 0000 0041 
  0x000001f657252e4c: 81e1 feff | 1f00 4585 | c90f 8432 | 1f00 004c 

  0x000001f657252e5c: ;   {metadata(method data for {method} {0x000001f6434eeb88} 'getLogger' '(Ljava/lang/String;)Lorg/eclipse/equinox/log/Logger;' in 'org/eclipse/osgi/internal/log/ExtendedLogServiceImpl')}
  0x000001f657252e5c: 8bc2 49b9 | 00f7 8443 | f601 0000 

  0x000001f657252e68: ;   {metadata('org/eclipse/osgi/internal/log/ExtendedLogServiceImpl')}
  0x000001f657252e68: 49ba 48ae | 0801 f601 | 0000 4d89 | 9120 0100 | 0049 8381 | 2801 0000 

  0x000001f657252e80: ;   {oop("org.eclipse.osgi/debug/events"{0x00000000c0095850})}
  0x000001f657252e80: 0149 b850 | 5809 c000 

  0x000001f657252e88: ;   {oop(a 'java/lang/Class'{0x00000000ec826e18} = 'org/osgi/service/log/Logger')}
  0x000001f657252e88: 0000 0049 | b918 6e82 | ec00 0000 

  0x000001f657252e94: ;   {optimized virtual_call}
  0x000001f657252e94: 0066 90e8 

  0x000001f657252e98: ; ImmutableOopMap {[128]=Oop [152]=Oop [176]=Oop [304]=Oop [312]=Oop [360]=Oop }
                      ;*invokevirtual getLogger {reexecute=0 rethrow=0 return_oop=0}
                      ; - org.eclipse.osgi.internal.log.ExtendedLogServiceImpl::getLogger@4 (line 73)
                      ; - org.eclipse.osgi.internal.log.ExtendedLogServiceImpl::getLogger@2 (line 1)
                      ; - org.eclipse.osgi.internal.debug.Debug::trace@11 (line 230)
                      ; - org.eclipse.osgi.internal.framework.BundleContextImpl::dispatchEvent@281 (line 986)
  0x000001f657252e98: 44b6 3007 

  0x000001f657252e9c: ;   {other}
  0x000001f657252e9c: 0f1f 8400 | 9440 0036 

  0x000001f657252ea4: ;   {metadata(method data for {method} {0x000001f6434eeb88} 'getLogger' '(Ljava/lang/String;)Lorg/eclipse/equinox/log/Logger;' in 'org/eclipse/osgi/internal/log/ExtendedLogServiceImpl')}
  0x000001f657252ea4: 4885 c048 | be00 f784 | 43f6 0100 | 0075 0c80 | 8e41 0100 | 0001 e9c9 | 0000 008b | 7808 49ba 
  0x000001f657252ec4: 0000 0000 | f601 0000 | 4903 fa48 | 3bbe 5001 | 0000 750d | 4883 8658 | 0100 0001 | e960 0000 
  0x000001f657252ee4: 0048 3bbe | 6001 0000 | 750d 4883 | 8668 0100 | 0001 e94a | 0000 0048 | 83be 5001 | 0000 0075 
  0x000001f657252f04: 1748 89be | 5001 0000 | 48c7 8658 | 0100 0001 | 0000 00e9 | 2900 0000 | 4883 be60 | 0100 0000 
  0x000001f657252f24: 7517 4889 | be60 0100 | 0048 c786 | 6801 0000 | 0100 0000 | e908 0000 | 0048 8386 | 4801 0000 
  0x000001f657252f44: ;   {metadata('org/eclipse/equinox/log/Logger')}
  0x000001f657252f44: 0148 bf00 | 8208 01f6 | 0100 008b | 7008 49ba | 0000 0000 | f601 0000 | 4903 f248 | 3b7e 200f 
  0x000001f657252f64: 841f 0000 | 0048 3bf7 | 0f84 1600 | 0000 5657 

  0x000001f657252f74: ;   {runtime_call slow_subtype_check Runtime1 stub}
  0x000001f657252f74: e847 ee3b | 075e 5e85 | f60f 842b | 1e00 00e9 | 0000 0000 | 488b d048 | 3b02 4c8b 

  0x000001f657252f90: ;   {metadata(method data for {method} {0x000001f6434cb398} 'trace' '(Ljava/lang/String;Ljava/lang/String;)V' in 'org/eclipse/osgi/internal/debug/Debug')}
  0x000001f657252f90: c248 bea8 | ed84 43f6 | 0100 0045 | 8b40 0849 | ba00 0000 | 00f6 0100 | 004d 03c2 | 4c3b 8670 
  0x000001f657252fb0: 0100 0075 | 0d48 8386 | 7801 0000 | 01e9 6000 | 0000 4c3b | 8680 0100 | 0075 0d48 | 8386 8801 
  0x000001f657252fd0: 0000 01e9 | 4a00 0000 | 4883 be70 | 0100 0000 | 7517 4c89 | 8670 0100 | 0048 c786 | 7801 0000 
  0x000001f657252ff0: 0100 0000 | e929 0000 | 0048 83be | 8001 0000 | 0075 174c | 8986 8001 | 0000 48c7 | 8688 0100 
  0x000001f657253010: 0001 0000 | 00e9 0800 | 0000 4883 | 8668 0100 | 0001 4c8b | 8424 6801 | 0000 6666 | 9048 b868 
  0x000001f657253030: 4339 47f6 

  0x000001f657253034: ;   {virtual_call}
  0x000001f657253034: 0100 00e8 

  0x000001f657253038: ; ImmutableOopMap {[128]=Oop [152]=Oop [176]=Oop [304]=Oop [312]=Oop }
                      ;*invokeinterface trace {reexecute=0 rethrow=0 return_oop=0}
                      ; - org.eclipse.osgi.internal.debug.Debug::trace@17 (line 230)
                      ; - org.eclipse.osgi.internal.framework.BundleContextImpl::dispatchEvent@281 (line 986)
  0x000001f657253038: a4b7 3007 

  0x000001f65725303c: ;   {other}
  0x000001f65725303c: 0f1f 8400 | 3442 0037 

  0x000001f657253044: ;   {metadata(method data for {method} {0x000001f6434cb398} 'trace' '(Ljava/lang/String;Ljava/lang/String;)V' in 'org/eclipse/osgi/internal/debug/Debug')}
  0x000001f657253044: 49b8 a8ed | 8443 f601 | 0000 41ff | 8098 0100 | 00e9 4a00 

  0x000001f657253058: ;   {oop(a 'java/lang/Class'{0x00000000ec826500} = 'org/eclipse/osgi/internal/debug/Debug')}
  0x000001f657253058: 0000 49b8 | 0065 82ec | 0000 0000 | 418b 90c8 | 0000 0048 | 3b02 4c8b 

  0x000001f657253070: ;   {metadata(method data for {method} {0x000001f6434cb398} 'trace' '(Ljava/lang/String;Ljava/lang/String;)V' in 'org/eclipse/osgi/internal/debug/Debug')}
  0x000001f657253070: c248 bfa8 | ed84 43f6 

  0x000001f657253078: ;   {metadata('java/io/PrintStream')}
  0x000001f657253078: 0100 0049 | bac8 c816 | 00f6 0100 | 004c 8997 | b801 0000 | 4883 87c0 | 0100 0001 

  0x000001f657253094: ;   {optimized virtual_call}
  0x000001f657253094: 4c8b c6e8 

  0x000001f657253098: ; ImmutableOopMap {[128]=Oop [152]=Oop [176]=Oop [304]=Oop [312]=Oop }
                      ;*invokevirtual println {reexecute=0 rethrow=0 return_oop=0}
                      ; - org.eclipse.osgi.internal.debug.Debug::trace@29 (line 232)
                      ; - org.eclipse.osgi.internal.framework.BundleContextImpl::dispatchEvent@281 (line 986)
  0x000001f657253098: 44b4 3007 

  0x000001f65725309c: ;   {other}
  0x000001f65725309c: 0f1f 8400 | 9442 0038 | 488b 9424 | 3001 0000 | 488b 9c24 | 3801 0000 

  0x000001f6572530b4: ; implicit exception: dispatches to 0x000001f657254dc1
  0x000001f6572530b4: 483b 024c 

  0x000001f6572530b8: ;   {metadata(method data for {method} {0x000001f643658a38} 'dispatchEvent' '(Ljava/lang/Object;Ljava/lang/Object;ILjava/lang/Object;)V' in 'org/eclipse/osgi/internal/framework/BundleContextImpl')}
  0x000001f6572530b8: 8bc2 48be | 0000 8843 | f601 0000 | 458b 4008 | 49ba 0000 | 0000 f601 | 0000 4d03 | c24c 3b86 
  0x000001f6572530d8: 5808 0000 | 750d 4883 | 8660 0800 | 0001 e960 | 0000 004c | 3b86 6808 | 0000 750d | 4883 8670 
  0x000001f6572530f8: 0800 0001 | e94a 0000 | 0048 83be | 5808 0000 | 0075 174c | 8986 5808 | 0000 48c7 | 8660 0800 
  0x000001f657253118: 0001 0000 | 00e9 2900 | 0000 4883 | be68 0800 | 0000 7517 | 4c89 8668 | 0800 0048 | c786 7008 
  0x000001f657253138: 0000 0100 | 0000 e908 | 0000 0048 | 8386 5008 | 0000 014c | 8bc3 0f1f | 8000 0000 | 0048 b890 
  0x000001f657253158: 4339 47f6 

  0x000001f65725315c: ;   {virtual_call}
  0x000001f65725315c: 0100 00e8 

  0x000001f657253160: ; ImmutableOopMap {[128]=Oop [152]=Oop [176]=Oop }
                      ;*invokeinterface serviceChanged {reexecute=0 rethrow=0 return_oop=0}
                      ; - org.eclipse.osgi.internal.framework.BundleContextImpl::dispatchEvent@288 (line 988)
  0x000001f657253160: ce2a 0000 

  0x000001f657253164: ;   {other}
  0x000001f657253164: 0f1f 8400 | 5c43 0039 

  0x000001f65725316c: ;   {metadata(method data for {method} {0x000001f643658a38} 'dispatchEvent' '(Ljava/lang/Object;Ljava/lang/Object;ILjava/lang/Object;)V' in 'org/eclipse/osgi/internal/framework/BundleContextImpl')}
  0x000001f65725316c: 49b8 0000 | 8843 f601 | 0000 41ff | 8080 0800 | 0048 8b84 | 24b0 0000 

  0x000001f657253184: ;   {oop(a 'java/lang/Boolean'{0x00000000c00051a8} = false)}
  0x000001f657253184: 0049 baa8 | 5100 c000 | 0000 0049 

  0x000001f657253190: ;   {metadata(method data for {method} {0x000001f643658a38} 'dispatchEvent' '(Ljava/lang/Object;Ljava/lang/Object;ILjava/lang/Object;)V' in 'org/eclipse/osgi/internal/framework/BundleContextImpl')}
  0x000001f657253190: 3bc2 49b8 | 0000 8843 | f601 0000 | ba28 0f00 | 0074 05ba | 380f 0000 | 498b 3410 | 488d 7601 
  0x000001f6572531b0: 4989 3410 | 0f84 120f 

  0x000001f6572531b8: ;   {metadata(method data for {method} {0x000001f643658a38} 'dispatchEvent' '(Ljava/lang/Object;Ljava/lang/Object;ILjava/lang/Object;)V' in 'org/eclipse/osgi/internal/framework/BundleContextImpl')}
  0x000001f6572531b8: 0000 49b8 | 0000 8843 | f601 0000 | 4983 8048 | 0f00 0001 

  0x000001f6572531cc: ;   {metadata(method data for {method} {0x000001f643658a38} 'dispatchEvent' '(Ljava/lang/Object;Ljava/lang/Object;ILjava/lang/Object;)V' in 'org/eclipse/osgi/internal/framework/BundleContextImpl')}
  0x000001f6572531cc: 4885 c048 | be00 0088 | 43f6 0100 | 0075 0c80 | 8e51 0f00 | 0001 e9af | 0000 008b | 7808 49ba 
  0x000001f6572531ec: 0000 0000 | f601 0000 | 4903 fa48 | 3bbe 600f | 0000 750d | 4883 8668 | 0f00 0001 | e960 0000 
  0x000001f65725320c: 0048 3bbe | 700f 0000 | 750d 4883 | 8678 0f00 | 0001 e94a | 0000 0048 | 83be 600f | 0000 0075 
  0x000001f65725322c: 1748 89be | 600f 0000 | 48c7 8668 | 0f00 0001 | 0000 00e9 | 2900 0000 | 4883 be70 | 0f00 0000 
  0x000001f65725324c: 7517 4889 | be70 0f00 | 0048 c786 | 780f 0000 | 0100 0000 | e908 0000 | 0048 8386 | 580f 0000 
  0x000001f65725326c: ;   {metadata('java/lang/ClassLoader')}
  0x000001f65725326c: 0148 bfc8 | 6817 00f6 | 0100 008b | 7008 49ba | 0000 0000 | f601 0000 | 4903 f248 | 3b7e 380f 
  0x000001f65725328c: 8535 1b00 | 00e9 0000 | 0000 4c8b | c049 8b97 | 8803 0000 | 488b 1248 | 3b02 488b 

  0x000001f6572532a8: ;   {metadata(method data for {method} {0x000001f643658a38} 'dispatchEvent' '(Ljava/lang/Object;Ljava/lang/Object;ILjava/lang/Object;)V' in 'org/eclipse/osgi/internal/framework/BundleContextImpl')}
  0x000001f6572532a8: f248 bf00 | 0088 43f6 | 0100 008b | 7608 49ba | 0000 0000 | f601 0000 | 4903 f248 | 3bb7 900f 
  0x000001f6572532c8: 0000 750d | 4883 8798 | 0f00 0001 | e960 0000 | 0048 3bb7 | a00f 0000 | 750d 4883 | 87a8 0f00 
  0x000001f6572532e8: 0001 e94a | 0000 0048 | 83bf 900f | 0000 0075 | 1748 89b7 | 900f 0000 | 48c7 8798 | 0f00 0001 
  0x000001f657253308: 0000 00e9 | 2900 0000 | 4883 bfa0 | 0f00 0000 | 7517 4889 | b7a0 0f00 | 0048 c787 | a80f 0000 
  0x000001f657253328: 0100 0000 | e908 0000 | 0048 8387 | 880f 0000 | 010f 1f40 | 0048 b8b8 | 4339 47f6 

  0x000001f657253344: ;   {virtual_call}
  0x000001f657253344: 0100 00e8 

  0x000001f657253348: ; ImmutableOopMap {}
                      ;*invokevirtual setContextClassLoader {reexecute=0 rethrow=0 return_oop=0}
                      ; - org.eclipse.osgi.internal.framework.BundleContextImpl::dispatchEvent@573 (line 1027)
  0x000001f657253348: 94b4 3007 

  0x000001f65725334c: ;   {other}
  0x000001f65725334c: 0f1f 8400 | 4445 003a | 4881 c4c0 | 0100 005d 

  0x000001f65725335c: ;   {poll_return}
  0x000001f65725335c: 493b a748 | 0400 000f | 876b 1a00 | 00c3 660f | 1f44 0000 

  0x000001f657253370: ;   {no_reloc}
  0x000001f657253370: e984 1a00 | 0000 0000 | 0000 498b | 87b8 0100 | 0048 8d78 | 2849 3bbf | c801 0000 | 0f87 711a 
  0x000001f657253390: 0000 4989 | bfb8 0100 | 0048 c700 | 0100 0000 | 488b ca49 | ba00 0000 | 00f6 0100 | 0049 2bca 
  0x000001f6572533b0: 8948 0848 | 33c9 8948 | 0c48 33c9 | 4889 4810 | 4889 4818 | 4889 4820 

  0x000001f6572533c8: ;   {metadata(method data for {method} {0x000001f643658a38} 'dispatchEvent' '(Ljava/lang/Object;Ljava/lang/Object;ILjava/lang/Object;)V' in 'org/eclipse/osgi/internal/framework/BundleContextImpl')}
  0x000001f6572533c8: 488b d048 | be00 0088 | 43f6 0100 | 0048 8386 | c00b 0000 | 0148 8bd0 | 4889 8424 | 7001 0000 
  0x000001f6572533e8: 0f1f 8000 

  0x000001f6572533ec: ;   {optimized virtual_call}
  0x000001f6572533ec: 0000 00e8 

  0x000001f6572533f0: ; ImmutableOopMap {[128]=Oop [152]=Oop [176]=Oop [368]=Oop }
                      ;*invokespecial <init> {reexecute=0 rethrow=0 return_oop=0}
                      ; - org.eclipse.osgi.internal.framework.BundleContextImpl::dispatchEvent@418 (line 1006)
  0x000001f6572533f0: ecb0 3007 

  0x000001f6572533f4: ;   {other}
  0x000001f6572533f4: 0f1f 8400 | ec45 003b | 488b 8424 

  0x000001f657253400: ; ImmutableOopMap {rax=Oop [128]=Oop [152]=Oop [176]=Oop }
                      ;*athrow {reexecute=1 rethrow=0 return_oop=0}
                      ; - (reexecute) org.eclipse.osgi.internal.framework.BundleContextImpl::dispatchEvent@421 (line 1006)
  0x000001f657253400: 7001 0000 

  0x000001f657253404: ;   {section_word}
  0x000001f657253404: 48ba 0434 | 2557 f601 

  0x000001f65725340c: ;   {runtime_call handle_exception_nofpu Runtime1 stub}
  0x000001f65725340c: 0000 e8cd | cb3b 0790 | 488b 9424 | 8000 0000 | 498b 8700 | 0500 004d | 33d2 4d89 | 9700 0500 
  0x000001f65725342c: 004d 33d2 | 4d89 9708 | 0500 008b | 5a18 0fbe | 7311 85f6 

  0x000001f657253440: ;   {metadata(method data for {method} {0x000001f643658a38} 'dispatchEvent' '(Ljava/lang/Object;Ljava/lang/Object;ILjava/lang/Object;)V' in 'org/eclipse/osgi/internal/framework/BundleContextImpl')}
  0x000001f657253440: 48be 0000 | 8843 f601 | 0000 bfe0 | 0b00 0075 | 05bf d00b | 0000 488b | 0c3e 488d | 4901 4889 
  0x000001f657253460: 0c3e 0f85 | 0d00 0000 | 4889 8424 | 7801 0000 | e98f 0700 | 0048 899c | 2488 0100 | 0048 8984 
  0x000001f657253480: 2478 0100 | 0066 6690 

  0x000001f657253488: ;   {no_reloc}
  0x000001f657253488: e997 1900 | 0000 0000 | 0000 498b | 87b8 0100 | 0048 8d78 | 1849 3bbf | c801 0000 | 0f87 8419 
  0x000001f6572534a8: 0000 4989 | bfb8 0100 | 0048 c700 | 0100 0000 | 488b ca49 | ba00 0000 | 00f6 0100 | 0049 2bca 
  0x000001f6572534c8: 8948 0848 | 33c9 8948 | 0c48 33c9 | 4889 4810 

  0x000001f6572534d8: ;   {metadata(method data for {method} {0x000001f643658a38} 'dispatchEvent' '(Ljava/lang/Object;Ljava/lang/Object;ILjava/lang/Object;)V' in 'org/eclipse/osgi/internal/framework/BundleContextImpl')}
  0x000001f6572534d8: 4c8b c048 | ba00 0088 | 43f6 0100 | 0048 8382 | f00b 0000 

  0x000001f6572534ec: ;   {metadata(method data for {method} {0x000001f600492b00} '<init>' '(Ljava/lang/String;)V' in 'java/lang/StringBuilder')}
  0x000001f6572534ec: 0149 b800 | ef32 43f6 | 0100 0041 | 8b90 cc00 | 0000 83c2 | 0241 8990 | cc00 0000 | 81e2 feff 
  0x000001f65725350c: 1f00 85d2 | 0f84 2519 | 0000 4c8b 

  0x000001f657253518: ;   {metadata(method data for {method} {0x000001f600492b00} '<init>' '(Ljava/lang/String;)V' in 'java/lang/StringBuilder')}
  0x000001f657253518: c048 ba00 | ef32 43f6 | 0100 0048 | 8382 1801 

  0x000001f657253528: ;   {oop("Exception in bottom level event dispatcher: "{0x00000000eadef100})}
  0x000001f657253528: 0000 0149 | b800 f1de | ea00 0000 | 0048 8bd0 | 4889 8424 | 8001 0000 | 0f1f 8000 

  0x000001f657253544: ;   {optimized virtual_call}
  0x000001f657253544: 0000 00e8 

  0x000001f657253548: ; ImmutableOopMap {[128]=Oop [152]=Oop [176]=Oop [376]=Oop [384]=Oop [392]=Oop }
                      ;*invokespecial <init> {reexecute=0 rethrow=0 return_oop=0}
                      ; - java.lang.StringBuilder::<init>@2 (line 131)
                      ; - org.eclipse.osgi.internal.framework.BundleContextImpl::dispatchEvent@448 (line 1012)
  0x000001f657253548: 94af 3007 

  0x000001f65725354c: ;   {other}
  0x000001f65725354c: 0f1f 8400 | 4447 003d | 488b 8424 | 7801 0000 

  0x000001f65725355c: ;   {metadata(method data for {method} {0x000001f643658a38} 'dispatchEvent' '(Ljava/lang/Object;Ljava/lang/Object;ILjava/lang/Object;)V' in 'org/eclipse/osgi/internal/framework/BundleContextImpl')}
  0x000001f65725355c: 48ba 0000 | 8843 f601 | 0000 8b40 | 0849 ba00 | 0000 00f6 | 0100 0049 | 03c2 483b | 8208 0c00 
  0x000001f65725357c: 0075 0d48 | 8382 100c | 0000 01e9 | 6000 0000 | 483b 8218 | 0c00 0075 | 0d48 8382 | 200c 0000 
  0x000001f65725359c: 01e9 4a00 | 0000 4883 | ba08 0c00 | 0000 7517 | 4889 8208 | 0c00 0048 | c782 100c | 0000 0100 
  0x000001f6572535bc: 0000 e929 | 0000 0048 | 83ba 180c | 0000 0075 | 1748 8982 | 180c 0000 | 48c7 8220 | 0c00 0001 
  0x000001f6572535dc: 0000 00e9 | 0800 0000 | 4883 8200 | 0c00 0001 | 488b 9424 | 7801 0000 | 9048 b8e0 | 4339 47f6 
  0x000001f6572535fc: ;   {virtual_call}
  0x000001f6572535fc: 0100 00e8 

  0x000001f657253600: ; ImmutableOopMap {[128]=Oop [152]=Oop [176]=Oop [376]=Oop [384]=Oop [392]=Oop }
                      ;*invokevirtual getMessage {reexecute=0 rethrow=0 return_oop=0}
                      ; - org.eclipse.osgi.internal.framework.BundleContextImpl::dispatchEvent@453 (line 1012)
  0x000001f657253600: dcb1 3007 

  0x000001f657253604: ;   {other}
  0x000001f657253604: 0f1f 8400 | fc47 003e | 4c8b 8424 | 8001 0000 

  0x000001f657253614: ;   {metadata(method data for {method} {0x000001f643658a38} 'dispatchEvent' '(Ljava/lang/Object;Ljava/lang/Object;ILjava/lang/Object;)V' in 'org/eclipse/osgi/internal/framework/BundleContextImpl')}
  0x000001f657253614: 48ba 0000 | 8843 f601 | 0000 4883 | 8230 0c00 

  0x000001f657253624: ;   {metadata(method data for {method} {0x000001f600492840} 'append' '(Ljava/lang/String;)Ljava/lang/StringBuilder;' in 'java/lang/StringBuilder')}
  0x000001f657253624: 0001 49b8 | 50bf 0043 | f601 0000 | 418b 90cc | 0000 0083 | c202 4189 | 90cc 0000 | 0081 e2fe 
  0x000001f657253644: ff1f 0085 | d20f 840d | 1800 004c | 8b84 2480 

  0x000001f657253654: ;   {metadata(method data for {method} {0x000001f600492840} 'append' '(Ljava/lang/String;)Ljava/lang/StringBuilder;' in 'java/lang/StringBuilder')}
  0x000001f657253654: 0100 0048 | ba50 bf00 | 43f6 0100 | 0048 8382 | 1801 0000 | 014c 8bc0 | 488b 9424 | 8001 0000 
  0x000001f657253674: ;   {optimized virtual_call}
  0x000001f657253674: 6666 90e8 

  0x000001f657253678: ; ImmutableOopMap {[128]=Oop [152]=Oop [176]=Oop [376]=Oop [384]=Oop [392]=Oop }
                      ;*invokespecial append {reexecute=0 rethrow=0 return_oop=0}
                      ; - java.lang.StringBuilder::append@2 (line 179)
                      ; - org.eclipse.osgi.internal.framework.BundleContextImpl::dispatchEvent@456 (line 1012)
  0x000001f657253678: 64ae 3007 

  0x000001f65725367c: ;   {other}
  0x000001f65725367c: 0f1f 8400 | 7448 003f | 488b 8424 | 8001 0000 

  0x000001f65725368c: ;   {metadata(method data for {method} {0x000001f643658a38} 'dispatchEvent' '(Ljava/lang/Object;Ljava/lang/Object;ILjava/lang/Object;)V' in 'org/eclipse/osgi/internal/framework/BundleContextImpl')}
  0x000001f65725368c: 48ba 0000 | 8843 f601 | 0000 4883 | 8260 0c00 

  0x000001f65725369c: ;   {metadata(method data for {method} {0x000001f60016ae60} 'toString' '()Ljava/lang/String;' in 'java/lang/StringBuilder')}
  0x000001f65725369c: 0001 48ba | 98c6 0043 | f601 0000 | 8bb2 cc00 | 0000 83c6 | 0289 b2cc | 0000 0081 | e6fe ff1f 
  0x000001f6572536bc: 0085 f60f | 84b8 1700 | 0048 8b84 | 2480 0100 

  0x000001f6572536cc: ;   {metadata(method data for {method} {0x000001f60016ae60} 'toString' '()Ljava/lang/String;' in 'java/lang/StringBuilder')}
  0x000001f6572536cc: 0048 ba98 | c600 43f6 | 0100 0048 | 8382 1801 

  0x000001f6572536dc: ;   {metadata(method data for {method} {0x000001f60016aeb8} 'length' '()I' in 'java/lang/StringBuilder')}
  0x000001f6572536dc: 0000 0148 | ba80 c800 | 43f6 0100 | 008b b2cc | 0000 0083 | c602 89b2 | cc00 0000 | 81e6 feff 
  0x000001f6572536fc: 1f00 85f6 | 0f84 9817 | 0000 488b | 8424 8001 

  0x000001f65725370c: ;   {metadata(method data for {method} {0x000001f60016aeb8} 'length' '()I' in 'java/lang/StringBuilder')}
  0x000001f65725370c: 0000 48ba | 80c8 0043 | f601 0000 | 4883 8218 | 0100 0001 | 4c8b 8424 | 8001 0000 | 418b 500c 
  0x000001f65725372c: ;   {metadata(method data for {method} {0x000001f60016ae60} 'toString' '()Ljava/lang/String;' in 'java/lang/StringBuilder')}
  0x000001f65725372c: 85d2 48ba | 98c6 0043 | f601 0000 | be48 0100 | 0075 05be | 5801 0000 | 488b 3c32 | 488d 7f01 
  0x000001f65725374c: 4889 3c32 | 0f85 0f00 

  0x000001f657253754: ;   {oop(""{0x00000000c0000450})}
  0x000001f657253754: 0000 48be | 5004 00c0 | 0000 0000 | e98f 0000 

  0x000001f657253764: ;   {metadata('java/lang/String')}
  0x000001f657253764: 0048 ba28 | 0d17 00f6 | 0100 0049 | 8b87 b801 | 0000 488d | 7818 493b | bfc8 0100 | 000f 8738 
  0x000001f657253784: 1700 0049 | 89bf b801 | 0000 48c7 | 0001 0000 | 0048 8bca | 49ba 0000 | 0000 f601 | 0000 492b 
  0x000001f6572537a4: ca89 4808 | 4833 c989 | 480c 4833 | c948 8948 | 104c 8bc8 

  0x000001f6572537b8: ;   {metadata(method data for {method} {0x000001f60016ae60} 'toString' '()Ljava/lang/String;' in 'java/lang/StringBuilder')}
  0x000001f6572537b8: 48ba 98c6 | 0043 f601 | 0000 4883 | 8268 0100 

  0x000001f6572537c8: ;   {oop(nullptr)}
  0x000001f6572537c8: 0001 49b9 | 0000 0000 | 0000 0000 | 488b d048 | 8984 2490 

  0x000001f6572537dc: ;   {optimized virtual_call}
  0x000001f6572537dc: 0100 00e8 

  0x000001f6572537e0: ; ImmutableOopMap {[128]=Oop [152]=Oop [176]=Oop [376]=Oop [392]=Oop [400]=Oop }
                      ;*invokespecial <init> {reexecute=0 rethrow=0 return_oop=0}
                      ; - java.lang.StringBuilder::toString@16 (line 478)
                      ; - org.eclipse.osgi.internal.framework.BundleContextImpl::dispatchEvent@459 (line 1012)
  0x000001f6572537e0: fcac 3007 

  0x000001f6572537e4: ;   {other}
  0x000001f6572537e4: 0f1f 8400 | dc49 0040 | 488b b424 | 9001 0000 | 488b 9c24 | 8801 0000 

  0x000001f6572537fc: ;   {metadata(method data for {method} {0x000001f643658a38} 'dispatchEvent' '(Ljava/lang/Object;Ljava/lang/Object;ILjava/lang/Object;)V' in 'org/eclipse/osgi/internal/framework/BundleContextImpl')}
  0x000001f6572537fc: 4c8b c349 | b900 0088 | 43f6 0100 

  0x000001f657253808: ;   {metadata('org/eclipse/osgi/internal/debug/Debug')}
  0x000001f657253808: 0049 ba00 | 6008 01f6 | 0100 004d | 8991 980c | 0000 4983 | 81a0 0c00 

  0x000001f657253820: ;   {metadata(method data for {method} {0x000001f6434cb398} 'trace' '(Ljava/lang/String;Ljava/lang/String;)V' in 'org/eclipse/osgi/internal/debug/Debug')}
  0x000001f657253820: 0001 49b8 | a8ed 8443 | f601 0000 | 458b 88cc | 0000 0041 | 83c1 0245 | 8988 cc00 | 0000 4181 
  0x000001f657253840: e1fe ff1f | 0045 85c9 | 0f84 7e16 | 0000 8b53 | 2048 85d2 

  0x000001f657253854: ;   {metadata(method data for {method} {0x000001f6434cb398} 'trace' '(Ljava/lang/String;Ljava/lang/String;)V' in 'org/eclipse/osgi/internal/debug/Debug')}
  0x000001f657253854: 49b8 a8ed | 8443 f601 | 0000 41b9 | 1801 0000 | 7406 41b9 | 2801 0000 | 4b8b 3c08 | 488d 7f01 
  0x000001f657253874: 4b89 3c08 | 0f84 e402 | 0000 4889 | b424 9801 | 0000 4885 | d20f 8429 

  0x000001f65725388c: ;   {metadata('org/eclipse/osgi/internal/log/ExtendedLogServiceImpl')}
  0x000001f65725388c: 0000 0048 | bb48 ae08 | 01f6 0100 | 008b 7a08 | 49ba 0000 | 0000 f601 | 0000 4903 | fa48 3b5f 
  0x000001f6572538ac: 380f 853a | 1600 00e9 | 0000 0000 | 4c8b c248 | 3b02 4c8b 

  0x000001f6572538c0: ;   {metadata(method data for {method} {0x000001f6434cb398} 'trace' '(Ljava/lang/String;Ljava/lang/String;)V' in 'org/eclipse/osgi/internal/debug/Debug')}
  0x000001f6572538c0: c249 b9a8 | ed84 43f6 

  0x000001f6572538c8: ;   {metadata('org/eclipse/osgi/internal/log/ExtendedLogServiceImpl')}
  0x000001f6572538c8: 0100 0049 | ba48 ae08 | 01f6 0100 | 004d 8991 | 4001 0000 | 4983 8148 | 0100 0001 

  0x000001f6572538e4: ;   {metadata(method data for {method} {0x000001f6434f1300} 'getLogger' '(Ljava/lang/String;)Lorg/osgi/service/log/Logger;' in 'org/eclipse/osgi/internal/log/ExtendedLogServiceImpl')}
  0x000001f6572538e4: 49b8 08f3 | 8443 f601 | 0000 458b | 88cc 0000 | 0041 83c1 | 0245 8988 | cc00 0000 | 4181 e1fe 
  0x000001f657253904: ff1f 0045 | 85c9 0f84 | e715 0000 

  0x000001f657253910: ;   {metadata(method data for {method} {0x000001f6434f1300} 'getLogger' '(Ljava/lang/String;)Lorg/osgi/service/log/Logger;' in 'org/eclipse/osgi/internal/log/ExtendedLogServiceImpl')}
  0x000001f657253910: 4c8b c249 | b908 f384 | 43f6 0100 

  0x000001f65725391c: ;   {metadata('org/eclipse/osgi/internal/log/ExtendedLogServiceImpl')}
  0x000001f65725391c: 0049 ba48 | ae08 01f6 | 0100 004d | 8991 2001 | 0000 4983 | 8128 0100 

  0x000001f657253934: ;   {metadata(method data for {method} {0x000001f6434eeb88} 'getLogger' '(Ljava/lang/String;)Lorg/eclipse/equinox/log/Logger;' in 'org/eclipse/osgi/internal/log/ExtendedLogServiceImpl')}
  0x000001f657253934: 0001 49b8 | 00f7 8443 | f601 0000 | 458b 88cc | 0000 0041 | 83c1 0245 | 8988 cc00 | 0000 4181 
  0x000001f657253954: e1fe ff1f | 0045 85c9 | 0f84 b615 | 0000 4c8b 

  0x000001f657253964: ;   {metadata(method data for {method} {0x000001f6434eeb88} 'getLogger' '(Ljava/lang/String;)Lorg/eclipse/equinox/log/Logger;' in 'org/eclipse/osgi/internal/log/ExtendedLogServiceImpl')}
  0x000001f657253964: c249 b900 | f784 43f6 

  0x000001f65725396c: ;   {metadata('org/eclipse/osgi/internal/log/ExtendedLogServiceImpl')}
  0x000001f65725396c: 0100 0049 | ba48 ae08 | 01f6 0100 | 004d 8991 | 2001 0000 | 4983 8128 | 0100 0001 

  0x000001f657253988: ;   {oop("org.eclipse.osgi/debug/events"{0x00000000c0095850})}
  0x000001f657253988: 49b8 5058 | 09c0 0000 

  0x000001f657253990: ;   {oop(a 'java/lang/Class'{0x00000000ec826e18} = 'org/osgi/service/log/Logger')}
  0x000001f657253990: 0000 49b9 | 186e 82ec | 0000 0000 

  0x000001f65725399c: ;   {optimized virtual_call}
  0x000001f65725399c: 6666 90e8 

  0x000001f6572539a0: ; ImmutableOopMap {[128]=Oop [152]=Oop [176]=Oop [376]=Oop [408]=Oop }
                      ;*invokevirtual getLogger {reexecute=0 rethrow=0 return_oop=0}
                      ; - org.eclipse.osgi.internal.log.ExtendedLogServiceImpl::getLogger@4 (line 73)
                      ; - org.eclipse.osgi.internal.log.ExtendedLogServiceImpl::getLogger@2 (line 1)
                      ; - org.eclipse.osgi.internal.debug.Debug::trace@11 (line 230)
                      ; - org.eclipse.osgi.internal.framework.BundleContextImpl::dispatchEvent@462 (line 1012)
  0x000001f6572539a0: 3cab 3007 

  0x000001f6572539a4: ;   {other}
  0x000001f6572539a4: 0f1f 8400 | 9c4b 0041 

  0x000001f6572539ac: ;   {metadata(method data for {method} {0x000001f6434eeb88} 'getLogger' '(Ljava/lang/String;)Lorg/eclipse/equinox/log/Logger;' in 'org/eclipse/osgi/internal/log/ExtendedLogServiceImpl')}
  0x000001f6572539ac: 4885 c048 | be00 f784 | 43f6 0100 | 0075 0c80 | 8e41 0100 | 0001 e9c9 | 0000 008b | 7808 49ba 
  0x000001f6572539cc: 0000 0000 | f601 0000 | 4903 fa48 | 3bbe 5001 | 0000 750d | 4883 8658 | 0100 0001 | e960 0000 
  0x000001f6572539ec: 0048 3bbe | 6001 0000 | 750d 4883 | 8668 0100 | 0001 e94a | 0000 0048 | 83be 5001 | 0000 0075 
  0x000001f657253a0c: 1748 89be | 5001 0000 | 48c7 8658 | 0100 0001 | 0000 00e9 | 2900 0000 | 4883 be60 | 0100 0000 
  0x000001f657253a2c: 7517 4889 | be60 0100 | 0048 c786 | 6801 0000 | 0100 0000 | e908 0000 | 0048 8386 | 4801 0000 
  0x000001f657253a4c: ;   {metadata('org/eclipse/equinox/log/Logger')}
  0x000001f657253a4c: 0148 bf00 | 8208 01f6 | 0100 008b | 7008 49ba | 0000 0000 | f601 0000 | 4903 f248 | 3b7e 200f 
  0x000001f657253a6c: 841f 0000 | 0048 3bf7 | 0f84 1600 | 0000 5657 

  0x000001f657253a7c: ;   {runtime_call slow_subtype_check Runtime1 stub}
  0x000001f657253a7c: e83f e33b | 075e 5e85 | f60f 84ae | 1400 00e9 | 0000 0000 | 488b d048 | 3b02 4c8b 

  0x000001f657253a98: ;   {metadata(method data for {method} {0x000001f6434cb398} 'trace' '(Ljava/lang/String;Ljava/lang/String;)V' in 'org/eclipse/osgi/internal/debug/Debug')}
  0x000001f657253a98: c248 bea8 | ed84 43f6 | 0100 0045 | 8b40 0849 | ba00 0000 | 00f6 0100 | 004d 03c2 | 4c3b 8670 
  0x000001f657253ab8: 0100 0075 | 0d48 8386 | 7801 0000 | 01e9 6000 | 0000 4c3b | 8680 0100 | 0075 0d48 | 8386 8801 
  0x000001f657253ad8: 0000 01e9 | 4a00 0000 | 4883 be70 | 0100 0000 | 7517 4c89 | 8670 0100 | 0048 c786 | 7801 0000 
  0x000001f657253af8: 0100 0000 | e929 0000 | 0048 83be | 8001 0000 | 0075 174c | 8986 8001 | 0000 48c7 | 8688 0100 
  0x000001f657253b18: 0001 0000 | 00e9 0800 | 0000 4883 | 8668 0100 | 0001 4c8b | 8424 9801 | 0000 6666 | 9048 b808 
  0x000001f657253b38: 4439 47f6 

  0x000001f657253b3c: ;   {virtual_call}
  0x000001f657253b3c: 0100 00e8 

  0x000001f657253b40: ; ImmutableOopMap {[128]=Oop [152]=Oop [176]=Oop [376]=Oop }
                      ;*invokeinterface trace {reexecute=0 rethrow=0 return_oop=0}
                      ; - org.eclipse.osgi.internal.debug.Debug::trace@17 (line 230)
                      ; - org.eclipse.osgi.internal.framework.BundleContextImpl::dispatchEvent@462 (line 1012)
  0x000001f657253b40: 9cac 3007 

  0x000001f657253b44: ;   {other}
  0x000001f657253b44: 0f1f 8400 | 3c4d 0042 

  0x000001f657253b4c: ;   {metadata(method data for {method} {0x000001f6434cb398} 'trace' '(Ljava/lang/String;Ljava/lang/String;)V' in 'org/eclipse/osgi/internal/debug/Debug')}
  0x000001f657253b4c: 49b8 a8ed | 8443 f601 | 0000 41ff | 8098 0100 | 00e9 4a00 

  0x000001f657253b60: ;   {oop(a 'java/lang/Class'{0x00000000ec826500} = 'org/eclipse/osgi/internal/debug/Debug')}
  0x000001f657253b60: 0000 49b8 | 0065 82ec | 0000 0000 | 418b 90c8 | 0000 0048 | 3b02 4c8b 

  0x000001f657253b78: ;   {metadata(method data for {method} {0x000001f6434cb398} 'trace' '(Ljava/lang/String;Ljava/lang/String;)V' in 'org/eclipse/osgi/internal/debug/Debug')}
  0x000001f657253b78: c248 bfa8 | ed84 43f6 

  0x000001f657253b80: ;   {metadata('java/io/PrintStream')}
  0x000001f657253b80: 0100 0049 | bac8 c816 | 00f6 0100 | 004c 8997 | b801 0000 | 4883 87c0 | 0100 0001 

  0x000001f657253b9c: ;   {optimized virtual_call}
  0x000001f657253b9c: 4c8b c6e8 

  0x000001f657253ba0: ; ImmutableOopMap {[128]=Oop [152]=Oop [176]=Oop [376]=Oop }
                      ;*invokevirtual println {reexecute=0 rethrow=0 return_oop=0}
                      ; - org.eclipse.osgi.internal.debug.Debug::trace@29 (line 232)
                      ; - org.eclipse.osgi.internal.framework.BundleContextImpl::dispatchEvent@462 (line 1012)
  0x000001f657253ba0: 3ca9 3007 

  0x000001f657253ba4: ;   {other}
  0x000001f657253ba4: 0f1f 8400 | 9c4d 0043 | 488b 9424 | 8000 0000 | 8b72 1848 | 3b06 4c8b 

  0x000001f657253bbc: ;   {metadata(method data for {method} {0x000001f643658a38} 'dispatchEvent' '(Ljava/lang/Object;Ljava/lang/Object;ILjava/lang/Object;)V' in 'org/eclipse/osgi/internal/framework/BundleContextImpl')}
  0x000001f657253bbc: c649 b900 | 0088 43f6 

  0x000001f657253bc4: ;   {metadata('org/eclipse/osgi/internal/debug/Debug')}
  0x000001f657253bc4: 0100 0049 | ba00 6008 | 01f6 0100 | 004d 8991 | c80c 0000 | 4983 81d0 | 0c00 0001 

  0x000001f657253be0: ;   {oop("org.eclipse.osgi/debug/events"{0x00000000c0095850})}
  0x000001f657253be0: 49b8 5058 | 09c0 0000 | 0000 4c8b | 8c24 7801 | 0000 488b 

  0x000001f657253bf4: ;   {optimized virtual_call}
  0x000001f657253bf4: d666 90e8 

  0x000001f657253bf8: ; ImmutableOopMap {[128]=Oop [152]=Oop [176]=Oop [376]=Oop }
                      ;*invokevirtual traceThrowable {reexecute=0 rethrow=0 return_oop=0}
                      ; - org.eclipse.osgi.internal.framework.BundleContextImpl::dispatchEvent@474 (line 1016)
  0x000001f657253bf8: e4a8 3007 

  0x000001f657253bfc: ;   {other}
  0x000001f657253bfc: 0f1f 8400 | f44d 0044 | 8bbc 2488 | 0000 0083 

  0x000001f657253c0c: ;   {metadata(method data for {method} {0x000001f643658a38} 'dispatchEvent' '(Ljava/lang/Object;Ljava/lang/Object;ILjava/lang/Object;)V' in 'org/eclipse/osgi/internal/framework/BundleContextImpl')}
  0x000001f657253c0c: ff04 48b8 | 0000 8843 | f601 0000 | 41b8 f00c | 0000 7506 | 41b8 000d | 0000 4e8b | 0c00 4d8d 
  0x000001f657253c2c: 4901 4e89 | 0c00 0f85 | 2f01 0000 | 488b b424 | 9800 0000 

  0x000001f657253c40: ;   {metadata(method data for {method} {0x000001f643658a38} 'dispatchEvent' '(Ljava/lang/Object;Ljava/lang/Object;ILjava/lang/Object;)V' in 'org/eclipse/osgi/internal/framework/BundleContextImpl')}
  0x000001f657253c40: 4885 f649 | b900 0088 | 43f6 0100 | 0075 0d41 | 8089 090d | 0000 01e9 | af00 0000 | 8b7e 0849 
  0x000001f657253c60: ba00 0000 | 00f6 0100 | 0049 03fa | 493b b918 | 0d00 0075 | 0d49 8381 | 200d 0000 | 01e9 6000 
  0x000001f657253c80: 0000 493b | b928 0d00 | 0075 0d49 | 8381 300d | 0000 01e9 | 4a00 0000 | 4983 b918 | 0d00 0000 
  0x000001f657253ca0: 7517 4989 | b918 0d00 | 0049 c781 | 200d 0000 | 0100 0000 | e929 0000 | 0049 83b9 | 280d 0000 
  0x000001f657253cc0: 0075 1749 | 89b9 280d | 0000 49c7 | 8130 0d00 | 0001 0000 | 00e9 0800 | 0000 4983 | 8110 0d00 
  0x000001f657253ce0: ;   {metadata('org/osgi/framework/FrameworkEvent')}
  0x000001f657253ce0: 0001 48bf | 68d2 1001 | f601 0000 | 448b 4608 | 49ba 0000 | 0000 f601 | 0000 4d03 | c249 3bf8 
  0x000001f657253d00: 0f85 4b12 | 0000 e900 | 0000 0048 | 8bc6 483b | 004c 8bc0 

  0x000001f657253d14: ;   {metadata(method data for {method} {0x000001f643658a38} 'dispatchEvent' '(Ljava/lang/Object;Ljava/lang/Object;ILjava/lang/Object;)V' in 'org/eclipse/osgi/internal/framework/BundleContextImpl')}
  0x000001f657253d14: 49b9 0000 | 8843 f601 

  0x000001f657253d1c: ;   {metadata('org/osgi/framework/FrameworkEvent')}
  0x000001f657253d1c: 0000 49ba | 68d2 1001 | f601 0000 | 4d89 9148 | 0d00 0049 | 8381 500d | 0000 018b | 4010 83f8 
  0x000001f657253d3c: ;   {metadata(method data for {method} {0x000001f643658a38} 'dispatchEvent' '(Ljava/lang/Object;Ljava/lang/Object;ILjava/lang/Object;)V' in 'org/eclipse/osgi/internal/framework/BundleContextImpl')}
  0x000001f657253d3c: 0248 b800 | 0088 43f6 | 0100 0041 | b870 0d00 | 0074 0641 | b880 0d00 | 004e 8b0c | 004d 8d49 
  0x000001f657253d5c: 014e 890c | 000f 847d | 0100 0048 | 8bb4 2480 | 0000 0044 | 8b46 1449 | 3b00 498b 

  0x000001f657253d78: ;   {metadata(method data for {method} {0x000001f643658a38} 'dispatchEvent' '(Ljava/lang/Object;Ljava/lang/Object;ILjava/lang/Object;)V' in 'org/eclipse/osgi/internal/framework/BundleContextImpl')}
  0x000001f657253d78: c049 b900 | 0088 43f6 

  0x000001f657253d80: ;   {metadata('org/eclipse/osgi/internal/framework/EquinoxContainer')}
  0x000001f657253d80: 0100 0049 | bac0 f401 | 01f6 0100 | 004d 8991 | 980d 0000 | 4983 81a0 | 0d00 0001 

  0x000001f657253d9c: ;   {metadata(method data for {method} {0x000001f64348e140} 'getEventPublisher' '()Lorg/eclipse/osgi/internal/framework/EquinoxEventPublisher;' in 'org/eclipse/osgi/internal/framework/EquinoxContainer')}
  0x000001f657253d9c: 48b8 a0bc | 8743 f601 | 0000 448b | 88cc 0000 | 0041 83c1 | 0244 8988 | cc00 0000 | 4181 e1fe 
  0x000001f657253dbc: ff1f 0045 | 85c9 0f84 | 9c11 0000 | 458b 482c | 488d bc24 | a801 0000 | 4c89 4f08 

  0x000001f657253dd8: ; implicit exception: dispatches to 0x000001f657254f85
  0x000001f657253dd8: 498b 0141 | 8b97 1806 | 0000 81fa | 6806 0000 | 0f8d 9c11 | 0000 4d3b | 4c17 f80f | 8425 0000 
  0x000001f657253df8: 00a8 020f | 8589 1100 | 0048 8bd0 | 4883 e2fe | 4883 c801 | f049 0fb1 | 110f 8573 | 1100 0041 
  0x000001f657253e18: 8b97 1806 | 0000 4d89 | 0c17 83c2 | 0841 8997 | 1806 0000 | 49ff 8750 | 0500 0041 | 8b50 2848 
  0x000001f657253e38: 8d84 24a8 | 0100 004c | 8b48 0845 | 8b87 1806 | 0000 4f3b | 4c07 f80f | 8548 1100 | 0041 83af 
  0x000001f657253e58: 1806 0000 | 084f 3b4c | 07f0 0f84 | 2a00 0000 | 498b 01a8 | 020f 8512 | 0000 004c | 8bc0 4983 
  0x000001f657253e78: c801 f04d | 0fb1 010f | 840d 0000 | 0041 8387 | 1806 0000 | 08e9 0b11 | 0000 49ff | 8f50 0500 
  0x000001f657253e98: ;   {no_reloc}
  0x000001f657253e98: 0044 8b4e | 1048 3b02 

  0x000001f657253ea0: ;   {metadata(method data for {method} {0x000001f643658a38} 'dispatchEvent' '(Ljava/lang/Object;Ljava/lang/Object;ILjava/lang/Object;)V' in 'org/eclipse/osgi/internal/framework/BundleContextImpl')}
  0x000001f657253ea0: 4c8b c248 | bf00 0088 | 43f6 0100 

  0x000001f657253eac: ;   {metadata('org/eclipse/osgi/internal/framework/EquinoxEventPublisher')}
  0x000001f657253eac: 0049 bae8 | e10a 01f6 | 0100 004c | 8997 c80d | 0000 4883 | 87d0 0d00 | 0001 41b8 | 0200 0000 
  0x000001f657253ecc: 488b bc24 | 7801 0000 

  0x000001f657253ed4: ;   {optimized virtual_call}
  0x000001f657253ed4: 6666 90e8 

  0x000001f657253ed8: ; ImmutableOopMap {[176]=Oop }
                      ;*invokevirtual publishFrameworkEvent {reexecute=0 rethrow=0 return_oop=0}
                      ; - org.eclipse.osgi.internal.framework.BundleContextImpl::dispatchEvent@508 (line 1023)
  0x000001f657253ed8: 04a6 3007 

  0x000001f657253edc: ;   {other}
  0x000001f657253edc: 0f1f 8400 | d450 0045 | 488b bc24 | b000 0000 

  0x000001f657253eec: ;   {oop(a 'java/lang/Boolean'{0x00000000c00051a8} = false)}
  0x000001f657253eec: 49ba a851 | 00c0 0000 | 0000 493b 

  0x000001f657253ef8: ;   {metadata(method data for {method} {0x000001f643658a38} 'dispatchEvent' '(Ljava/lang/Object;Ljava/lang/Object;ILjava/lang/Object;)V' in 'org/eclipse/osgi/internal/framework/BundleContextImpl')}
  0x000001f657253ef8: fa49 b800 | 0088 43f6 | 0100 00ba | f00d 0000 | 7405 ba00 | 0e00 0049 | 8b34 1048 | 8d76 0149 
  0x000001f657253f18: 8934 100f | 84ab 0100 

  0x000001f657253f20: ;   {metadata(method data for {method} {0x000001f643658a38} 'dispatchEvent' '(Ljava/lang/Object;Ljava/lang/Object;ILjava/lang/Object;)V' in 'org/eclipse/osgi/internal/framework/BundleContextImpl')}
  0x000001f657253f20: 0049 b800 | 0088 43f6 | 0100 0049 | 8380 100e | 0000 0148 

  0x000001f657253f34: ;   {metadata(method data for {method} {0x000001f643658a38} 'dispatchEvent' '(Ljava/lang/Object;Ljava/lang/Object;ILjava/lang/Object;)V' in 'org/eclipse/osgi/internal/framework/BundleContextImpl')}
  0x000001f657253f34: 85ff 48be | 0000 8843 | f601 0000 | 750c 808e | 190e 0000 | 01e9 b000 | 0000 448b | 4708 49ba 
  0x000001f657253f54: 0000 0000 | f601 0000 | 4d03 c24c | 3b86 280e | 0000 750d | 4883 8630 | 0e00 0001 | e960 0000 
  0x000001f657253f74: 004c 3b86 | 380e 0000 | 750d 4883 | 8640 0e00 | 0001 e94a | 0000 0048 | 83be 280e | 0000 0075 
  0x000001f657253f94: 174c 8986 | 280e 0000 | 48c7 8630 | 0e00 0001 | 0000 00e9 | 2900 0000 | 4883 be38 | 0e00 0000 
  0x000001f657253fb4: 7517 4c89 | 8638 0e00 | 0048 c786 | 400e 0000 | 0100 0000 | e908 0000 | 0048 8386 | 200e 0000 
  0x000001f657253fd4: ;   {metadata('java/lang/ClassLoader')}
  0x000001f657253fd4: 0149 b8c8 | 6817 00f6 | 0100 008b | 7708 49ba | 0000 0000 | f601 0000 | 4903 f24c | 3b46 380f 
  0x000001f657253ff4: 85bf 0f00 | 00e9 0000 | 0000 4c8b | c749 8b97 | 8803 0000 | 488b 1248 | 3b02 488b 

  0x000001f657254010: ;   {metadata(method data for {method} {0x000001f643658a38} 'dispatchEvent' '(Ljava/lang/Object;Ljava/lang/Object;ILjava/lang/Object;)V' in 'org/eclipse/osgi/internal/framework/BundleContextImpl')}
  0x000001f657254010: f248 bf00 | 0088 43f6 | 0100 008b | 7608 49ba | 0000 0000 | f601 0000 | 4903 f248 | 3bb7 580e 
  0x000001f657254030: 0000 750d | 4883 8760 | 0e00 0001 | e960 0000 | 0048 3bb7 | 680e 0000 | 750d 4883 | 8770 0e00 
  0x000001f657254050: 0001 e94a | 0000 0048 | 83bf 580e | 0000 0075 | 1748 89b7 | 580e 0000 | 48c7 8760 | 0e00 0001 
  0x000001f657254070: 0000 00e9 | 2900 0000 | 4883 bf68 | 0e00 0000 | 7517 4889 | b768 0e00 | 0048 c787 | 700e 0000 
  0x000001f657254090: 0100 0000 | e908 0000 | 0048 8387 | 500e 0000 | 010f 1f40 | 0048 b830 | 4439 47f6 

  0x000001f6572540ac: ;   {virtual_call}
  0x000001f6572540ac: 0100 00e8 

  0x000001f6572540b0: ; ImmutableOopMap {}
                      ;*invokevirtual setContextClassLoader {reexecute=0 rethrow=0 return_oop=0}
                      ; - org.eclipse.osgi.internal.framework.BundleContextImpl::dispatchEvent@527 (line 1027)
  0x000001f6572540b0: 2ca7 3007 

  0x000001f6572540b4: ;   {other}
  0x000001f6572540b4: 0f1f 8400 | ac52 0046 

  0x000001f6572540bc: ;   {metadata(method data for {method} {0x000001f643658a38} 'dispatchEvent' '(Ljava/lang/Object;Ljava/lang/Object;ILjava/lang/Object;)V' in 'org/eclipse/osgi/internal/framework/BundleContextImpl')}
  0x000001f6572540bc: 48b8 0000 | 8843 f601 | 0000 ff80 | 800e 0000 | 4881 c4c0 | 0100 005d 

  0x000001f6572540d4: ;   {poll_return}
  0x000001f6572540d4: 493b a748 | 0400 000f | 87e5 0e00 | 00c3 488b | bc24 b000 | 0000 488b | b424 8000 | 0000 498b 
  0x000001f6572540f4: 8700 0500 | 004d 33d2 | 4d89 9700 | 0500 004d | 33d2 4d89 | 9708 0500 | 0048 8bd0 | 488d 8424 
  0x000001f657254114: a801 0000 | 488b 5808 | 458b 8718 | 0600 004b | 3b5c 07f8 | 0f85 ae0e | 0000 4183 | af18 0600 
  0x000001f657254134: 0008 4b3b | 5c07 f00f | 842a 0000 | 0048 8b03 | a802 0f85 | 1200 0000 | 4c8b c049 | 83c8 01f0 
  0x000001f657254154: 4c0f b103 | 0f84 0d00 | 0000 4183 | 8718 0600 | 0008 e971 | 0e00 0049 | ff8f 5005 | 0000 4c8b 
  0x000001f657254174: 8424 7801 | 0000 488b 

  0x000001f65725417c: ; ImmutableOopMap {rsi=Oop rdi=Oop r8=Oop rax=Oop [128]=Oop [176]=Oop }
                      ;*athrow {reexecute=1 rethrow=0 return_oop=0}
                      ; - (reexecute) org.eclipse.osgi.internal.framework.EquinoxContainer::getEventPublisher@16 (line 276)
                      ; - org.eclipse.osgi.internal.framework.BundleContextImpl::dispatchEvent@498 (line 1023)
                      ;   {section_word}
  0x000001f65725417c: c248 ba7d | 4125 57f6 

  0x000001f657254184: ;   {runtime_call handle_exception_nofpu Runtime1 stub}
  0x000001f657254184: 0100 00e8 | 54be 3b07 | 9048 8bbc | 24b0 0000 | 0049 8b87 | 0005 0000 | 4d33 d24d | 8997 0005 
  0x000001f6572541a4: 0000 4d33 | d24d 8997 | 0805 0000 

  0x000001f6572541b0: ;   {oop(a 'java/lang/Boolean'{0x00000000c00051a8} = false)}
  0x000001f6572541b0: 49ba a851 | 00c0 0000 | 0000 493b 

  0x000001f6572541bc: ;   {metadata(method data for {method} {0x000001f643658a38} 'dispatchEvent' '(Ljava/lang/Object;Ljava/lang/Object;ILjava/lang/Object;)V' in 'org/eclipse/osgi/internal/framework/BundleContextImpl')}
  0x000001f6572541bc: fa49 b800 | 0088 43f6 | 0100 00ba | 980e 0000 | 7405 baa8 | 0e00 0049 | 8b34 1048 | 8d76 0149 
  0x000001f6572541dc: 8934 100f | 84a7 0100 | 0048 8984 | 24a0 0100 

  0x000001f6572541ec: ;   {metadata(method data for {method} {0x000001f643658a38} 'dispatchEvent' '(Ljava/lang/Object;Ljava/lang/Object;ILjava/lang/Object;)V' in 'org/eclipse/osgi/internal/framework/BundleContextImpl')}
  0x000001f6572541ec: 0049 b800 | 0088 43f6 | 0100 0049 | 8380 b80e | 0000 0148 

  0x000001f657254200: ;   {metadata(method data for {method} {0x000001f643658a38} 'dispatchEvent' '(Ljava/lang/Object;Ljava/lang/Object;ILjava/lang/Object;)V' in 'org/eclipse/osgi/internal/framework/BundleContextImpl')}
  0x000001f657254200: 85ff 48be | 0000 8843 | f601 0000 | 750c 808e | c10e 0000 | 01e9 b000 | 0000 448b | 4708 49ba 
  0x000001f657254220: 0000 0000 | f601 0000 | 4d03 c24c | 3b86 d00e | 0000 750d | 4883 86d8 | 0e00 0001 | e960 0000 
  0x000001f657254240: 004c 3b86 | e00e 0000 | 750d 4883 | 86e8 0e00 | 0001 e94a | 0000 0048 | 83be d00e | 0000 0075 
  0x000001f657254260: 174c 8986 | d00e 0000 | 48c7 86d8 | 0e00 0001 | 0000 00e9 | 2900 0000 | 4883 bee0 | 0e00 0000 
  0x000001f657254280: 7517 4c89 | 86e0 0e00 | 0048 c786 | e80e 0000 | 0100 0000 | e908 0000 | 0048 8386 | c80e 0000 
  0x000001f6572542a0: ;   {metadata('java/lang/ClassLoader')}
  0x000001f6572542a0: 0149 b8c8 | 6817 00f6 | 0100 008b | 7708 49ba | 0000 0000 | f601 0000 | 4903 f24c | 3b46 380f 
  0x000001f6572542c0: 852d 0d00 | 00e9 0000 | 0000 4c8b | c749 8b97 | 8803 0000 | 488b 1248 | 3b02 488b 

  0x000001f6572542dc: ;   {metadata(method data for {method} {0x000001f643658a38} 'dispatchEvent' '(Ljava/lang/Object;Ljava/lang/Object;ILjava/lang/Object;)V' in 'org/eclipse/osgi/internal/framework/BundleContextImpl')}
  0x000001f6572542dc: f248 bf00 | 0088 43f6 | 0100 008b | 7608 49ba | 0000 0000 | f601 0000 | 4903 f248 | 3bb7 000f 
  0x000001f6572542fc: 0000 750d | 4883 8708 | 0f00 0001 | e960 0000 | 0048 3bb7 | 100f 0000 | 750d 4883 | 8718 0f00 
  0x000001f65725431c: 0001 e94a | 0000 0048 | 83bf 000f | 0000 0075 | 1748 89b7 | 000f 0000 | 48c7 8708 | 0f00 0001 
  0x000001f65725433c: 0000 00e9 | 2900 0000 | 4883 bf10 | 0f00 0000 | 7517 4889 | b710 0f00 | 0048 c787 | 180f 0000 
  0x000001f65725435c: 0100 0000 | e908 0000 | 0048 8387 | f80e 0000 | 0148 b858 | 4439 47f6 

  0x000001f657254374: ;   {virtual_call}
  0x000001f657254374: 0100 00e8 

  0x000001f657254378: ; ImmutableOopMap {[416]=Oop }
                      ;*invokevirtual setContextClassLoader {reexecute=0 rethrow=0 return_oop=0}
                      ; - org.eclipse.osgi.internal.framework.BundleContextImpl::dispatchEvent@551 (line 1027)
  0x000001f657254378: 64a4 3007 

  0x000001f65725437c: ;   {other}
  0x000001f65725437c: 0f1f 8400 | 7455 0048 | 488b 8424 | a001 0000 | e98c 0c00 

  0x000001f657254390: ;   {metadata({method} {0x000001f643658a38} 'dispatchEvent' '(Ljava/lang/Object;Ljava/lang/Object;ILjava/lang/Object;)V' in 'org/eclipse/osgi/internal/framework/BundleContextImpl')}
  0x000001f657254390: 0049 ba30 | 8a65 43f6 | 0100 004c | 8954 2408 | 48c7 0424 | ffff ffff 

  0x000001f6572543a8: ;   {runtime_call counter_overflow Runtime1 stub}
  0x000001f6572543a8: e833 043c 

  0x000001f6572543ac: ; ImmutableOopMap {rdx=Oop r8=Oop r9=Oop rsi=Oop [128]=Oop [152]=Oop }
                      ;*synchronization entry
                      ; - org.eclipse.osgi.internal.framework.BundleContextImpl::dispatchEvent@-1 (line 960)
  0x000001f6572543ac: 07e9 cab4 

  0x000001f6572543b0: ;   {runtime_call throw_null_pointer_exception Runtime1 stub}
  0x000001f6572543b0: ffff e829 

  0x000001f6572543b4: ; ImmutableOopMap {rax=Oop rdx=Oop rsi=Oop [128]=Oop [144]=Oop [152]=Oop [176]=Oop }
                      ;*invokevirtual getBundleId {reexecute=0 rethrow=0 return_oop=0}
                      ; - org.eclipse.osgi.internal.framework.BundleContextImpl::dispatchEvent@17 (line 963)
                      ;   {metadata({method} {0x000001f6435c57b8} 'getBundleId' '()J' in 'org/eclipse/osgi/internal/framework/EquinoxBundle')}
  0x000001f6572543b4: 983b 0749 | bab0 575c | 43f6 0100 | 004c 8954 | 2408 48c7 | 0424 ffff 

  0x000001f6572543cc: ;   {runtime_call counter_overflow Runtime1 stub}
  0x000001f6572543cc: ffff e80d 

  0x000001f6572543d0: ; ImmutableOopMap {rax=Oop rdx=Oop rsi=Oop [128]=Oop [144]=Oop [152]=Oop [176]=Oop }
                      ;*synchronization entry
                      ; - org.eclipse.osgi.internal.framework.EquinoxBundle::getBundleId@-1 (line 553)
                      ; - org.eclipse.osgi.internal.framework.BundleContextImpl::dispatchEvent@17 (line 963)
  0x000001f6572543d0: 043c 07e9 | 13b6 ffff 

  0x000001f6572543d8: ;   {runtime_call throw_null_pointer_exception Runtime1 stub}
  0x000001f6572543d8: e803 983b 

  0x000001f6572543dc: ; ImmutableOopMap {rax=Oop rdx=Oop rsi=Oop [128]=Oop [144]=Oop [152]=Oop [176]=Oop }
                      ;*invokevirtual getId {reexecute=0 rethrow=0 return_oop=0}
                      ; - org.eclipse.osgi.internal.framework.EquinoxBundle::getBundleId@4 (line 553)
                      ; - org.eclipse.osgi.internal.framework.BundleContextImpl::dispatchEvent@17 (line 963)
                      ;   {runtime_call throw_null_pointer_exception Runtime1 stub}
  0x000001f6572543dc: 07e8 fe97 

  0x000001f6572543e0: ; ImmutableOopMap {rax=Oop rdx=Oop rsi=Oop [128]=Oop [144]=Oop [152]=Oop [176]=Oop }
                      ;*invokevirtual longValue {reexecute=0 rethrow=0 return_oop=0}
                      ; - org.eclipse.osgi.internal.framework.EquinoxBundle::getBundleId@7 (line 553)
                      ; - org.eclipse.osgi.internal.framework.BundleContextImpl::dispatchEvent@17 (line 963)
  0x000001f6572543e0: 3b07 4c89 

  0x000001f6572543e4: ;   {runtime_call throw_class_cast_exception Runtime1 stub}
  0x000001f6572543e4: 0c24 e8f5 

  0x000001f6572543e8: ; ImmutableOopMap {rax=Oop rdx=Oop [128]=Oop [152]=Oop [176]=Oop }
                      ;*checkcast {reexecute=0 rethrow=0 return_oop=0}
                      ; - org.eclipse.osgi.internal.framework.BundleContextImpl::dispatchEvent@57 (line 967)
                      ;   {runtime_call throw_null_pointer_exception Runtime1 stub}
  0x000001f6572543e8: d33b 07e8 

  0x000001f6572543ec: ; ImmutableOopMap {rax=Oop rdx=Oop rbx=Oop [128]=Oop [152]=Oop [176]=Oop }
                      ;*getfield DEBUG_EVENTS {reexecute=1 rethrow=0 return_oop=0}
                      ; - (reexecute) org.eclipse.osgi.internal.framework.BundleContextImpl::dispatchEvent@66 (line 969)
  0x000001f6572543ec: f097 3b07 

  0x000001f6572543f0: ;   {metadata(nullptr)}
  0x000001f6572543f0: 48ba 0000 | 0000 0000 | 0000 b800 

  0x000001f6572543fc: ;   {runtime_call load_klass_patching Runtime1 stub}
  0x000001f6572543fc: 0f05 0ae8 

  0x000001f657254400: ; ImmutableOopMap {rbx=Oop [128]=Oop [152]=Oop [176]=Oop }
                      ;*new {reexecute=1 rethrow=0 return_oop=0}
                      ; - (reexecute) org.eclipse.osgi.internal.framework.BundleContextImpl::dispatchEvent@72 (line 970)
  0x000001f657254400: 5cf3 3b07 | e9f7 b7ff | ff48 8bd2 

  0x000001f65725440c: ;   {runtime_call fast_new_instance Runtime1 stub}
  0x000001f65725440c: e8cf a03b 

  0x000001f657254410: ; ImmutableOopMap {rbx=Oop [128]=Oop [152]=Oop [176]=Oop }
                      ;*new {reexecute=0 rethrow=0 return_oop=0}
                      ; - org.eclipse.osgi.internal.framework.BundleContextImpl::dispatchEvent@72 (line 970)
  0x000001f657254410: 07e9 3ab8 

  0x000001f657254414: ;   {runtime_call throw_null_pointer_exception Runtime1 stub}
  0x000001f657254414: ffff e8c5 

  0x000001f657254418: ; ImmutableOopMap {rbx=Oop rax=Oop [128]=Oop [152]=Oop [160]=Oop [176]=Oop }
                      ;*invokevirtual getClass {reexecute=0 rethrow=0 return_oop=0}
                      ; - org.eclipse.osgi.internal.framework.BundleContextImpl::dispatchEvent@78 (line 970)
                      ;   {runtime_call throw_null_pointer_exception Runtime1 stub}
  0x000001f657254418: 973b 07e8 

  0x000001f65725441c: ; ImmutableOopMap {rbx=Oop rax=Oop rdx=Oop [128]=Oop [152]=Oop [160]=Oop [176]=Oop }
                      ;*invokevirtual getName {reexecute=0 rethrow=0 return_oop=0}
                      ; - org.eclipse.osgi.internal.framework.BundleContextImpl::dispatchEvent@81 (line 970)
  0x000001f65725441c: c097 3b07 

  0x000001f657254420: ;   {metadata({method} {0x000001f6004987e0} 'getName' '()Ljava/lang/String;' in 'java/lang/Class')}
  0x000001f657254420: 49ba d887 | 4900 f601 | 0000 4c89 | 5424 0848 | c704 24ff 

  0x000001f657254434: ;   {runtime_call counter_overflow Runtime1 stub}
  0x000001f657254434: ffff ffe8 

  0x000001f657254438: ; ImmutableOopMap {rbx=Oop rax=Oop rdx=Oop [128]=Oop [152]=Oop [160]=Oop [176]=Oop }
                      ;*synchronization entry
                      ; - java.lang.Class::getName@-1 (line 1036)
                      ; - org.eclipse.osgi.internal.framework.BundleContextImpl::dispatchEvent@81 (line 970)
  0x000001f657254438: a403 3c07 | e985 b8ff 

  0x000001f657254440: ;   {metadata({method} {0x000001f60048d080} 'valueOf' '(Ljava/lang/Object;)Ljava/lang/String;' in 'java/lang/String')}
  0x000001f657254440: ff49 ba78 | d048 00f6 | 0100 004c | 8954 2408 | 48c7 0424 | ffff ffff 

  0x000001f657254458: ;   {runtime_call counter_overflow Runtime1 stub}
  0x000001f657254458: e883 033c 

  0x000001f65725445c: ; ImmutableOopMap {rsi=Oop [128]=Oop [152]=Oop [160]=Oop [168]=Oop [176]=Oop }
                      ;*synchronization entry
                      ; - java.lang.String::valueOf@-1 (line 4556)
                      ; - org.eclipse.osgi.internal.framework.BundleContextImpl::dispatchEvent@84 (line 970)
  0x000001f65725445c: 07e9 16b9 

  0x000001f657254460: ;   {runtime_call throw_null_pointer_exception Runtime1 stub}
  0x000001f657254460: ffff e879 

  0x000001f657254464: ; ImmutableOopMap {rsi=Oop [128]=Oop [152]=Oop [160]=Oop [168]=Oop [176]=Oop }
                      ;*invokevirtual toString {reexecute=0 rethrow=0 return_oop=0}
                      ; - java.lang.String::valueOf@11 (line 4556)
                      ; - org.eclipse.osgi.internal.framework.BundleContextImpl::dispatchEvent@84 (line 970)
                      ;   {metadata({method} {0x000001f600492b00} '<init>' '(Ljava/lang/String;)V' in 'java/lang/StringBuilder')}
  0x000001f657254464: 973b 0749 | baf8 2a49 | 00f6 0100 | 004c 8954 | 2408 48c7 | 0424 ffff 

  0x000001f65725447c: ;   {runtime_call counter_overflow Runtime1 stub}
  0x000001f65725447c: ffff e85d 

  0x000001f657254480: ; ImmutableOopMap {rsi=Oop rax=Oop [128]=Oop [152]=Oop [160]=Oop [168]=Oop [176]=Oop }
                      ;*synchronization entry
                      ; - java.lang.StringBuilder::<init>@-1 (line 131)
                      ; - org.eclipse.osgi.internal.framework.BundleContextImpl::dispatchEvent@87 (line 970)
  0x000001f657254480: 033c 07e9 | 35ba ffff 

  0x000001f657254488: ;   {metadata({method} {0x000001f600492840} 'append' '(Ljava/lang/String;)Ljava/lang/StringBuilder;' in 'java/lang/StringBuilder')}
  0x000001f657254488: 49ba 3828 | 4900 f601 | 0000 4c89 | 5424 0848 | c704 24ff 

  0x000001f65725449c: ;   {runtime_call counter_overflow Runtime1 stub}
  0x000001f65725449c: ffff ffe8 

  0x000001f6572544a0: ; ImmutableOopMap {[128]=Oop [152]=Oop [160]=Oop [168]=Oop [176]=Oop }
                      ;*synchronization entry
                      ; - java.lang.StringBuilder::append@-1 (line 179)
                      ; - org.eclipse.osgi.internal.framework.BundleContextImpl::dispatchEvent@93 (line 970)
  0x000001f6572544a0: 3c03 3c07 | e986 baff 

  0x000001f6572544a8: ;   {metadata({method} {0x000001f600470478} 'toHexString' '(I)Ljava/lang/String;' in 'java/lang/Integer')}
  0x000001f6572544a8: ff49 ba70 | 0447 00f6 | 0100 004c | 8954 2408 | 48c7 0424 | ffff ffff 

  0x000001f6572544c0: ;   {runtime_call counter_overflow Runtime1 stub}
  0x000001f6572544c0: e81b 033c 

  0x000001f6572544c4: ; ImmutableOopMap {[128]=Oop [152]=Oop [160]=Oop [168]=Oop [176]=Oop }
                      ;*synchronization entry
                      ; - java.lang.Integer::toHexString@-1 (line 287)
                      ; - org.eclipse.osgi.internal.framework.BundleContextImpl::dispatchEvent@101 (line 971)
  0x000001f6572544c4: 07e9 08bb 

  0x000001f6572544c8: ;   {metadata({method} {0x000001f600492840} 'append' '(Ljava/lang/String;)Ljava/lang/StringBuilder;' in 'java/lang/StringBuilder')}
  0x000001f6572544c8: ffff 49ba | 3828 4900 | f601 0000 | 4c89 5424 | 0848 c704 | 24ff ffff 

  0x000001f6572544e0: ;   {runtime_call counter_overflow Runtime1 stub}
  0x000001f6572544e0: ffe8 fa02 

  0x000001f6572544e4: ; ImmutableOopMap {rax=Oop [128]=Oop [152]=Oop [160]=Oop [168]=Oop [176]=Oop }
                      ;*synchronization entry
                      ; - java.lang.StringBuilder::append@-1 (line 179)
                      ; - org.eclipse.osgi.internal.framework.BundleContextImpl::dispatchEvent@104 (line 971)
  0x000001f6572544e4: 3c07 e954 

  0x000001f6572544e8: ;   {metadata({method} {0x000001f60016ae60} 'toString' '()Ljava/lang/String;' in 'java/lang/StringBuilder')}
  0x000001f6572544e8: bbff ff49 | ba58 ae16 | 00f6 0100 | 004c 8954 | 2408 48c7 | 0424 ffff 

  0x000001f657254500: ;   {runtime_call counter_overflow Runtime1 stub}
  0x000001f657254500: ffff e8d9 

  0x000001f657254504: ; ImmutableOopMap {[128]=Oop [152]=Oop [160]=Oop [168]=Oop [176]=Oop }
                      ;*synchronization entry
                      ; - java.lang.StringBuilder::toString@-1 (line 474)
                      ; - org.eclipse.osgi.internal.framework.BundleContextImpl::dispatchEvent@107 (line 970)
  0x000001f657254504: 023c 07e9 | a9bb ffff 

  0x000001f65725450c: ;   {metadata({method} {0x000001f60016aeb8} 'length' '()I' in 'java/lang/StringBuilder')}
  0x000001f65725450c: 49ba b0ae | 1600 f601 | 0000 4c89 | 5424 0848 | c704 24ff 

  0x000001f657254520: ;   {runtime_call counter_overflow Runtime1 stub}
  0x000001f657254520: ffff ffe8 

  0x000001f657254524: ; ImmutableOopMap {[128]=Oop [152]=Oop [160]=Oop [168]=Oop [176]=Oop }
                      ;*synchronization entry
                      ; - java.lang.StringBuilder::length@-1 (line 91)
                      ; - java.lang.StringBuilder::toString@1 (line 474)
                      ; - org.eclipse.osgi.internal.framework.BundleContextImpl::dispatchEvent@107 (line 970)
  0x000001f657254524: b802 3c07 | e9c9 bbff | ff48 8bd2 

  0x000001f657254530: ;   {runtime_call fast_new_instance Runtime1 stub}
  0x000001f657254530: e8ab 9f3b 

  0x000001f657254534: ; ImmutableOopMap {r8=Oop [128]=Oop [152]=Oop [160]=Oop [168]=Oop [176]=Oop }
                      ;*new {reexecute=0 rethrow=0 return_oop=0}
                      ; - java.lang.StringBuilder::toString@10 (line 478)
                      ; - org.eclipse.osgi.internal.framework.BundleContextImpl::dispatchEvent@107 (line 970)
  0x000001f657254534: 07e9 6bbc 

  0x000001f657254538: ;   {metadata(nullptr)}
  0x000001f657254538: ffff 48ba | 0000 0000 | 0000 0000 | b800 0f05 

  0x000001f657254548: ;   {runtime_call load_klass_patching Runtime1 stub}
  0x000001f657254548: 0ae8 12f2 

  0x000001f65725454c: ; ImmutableOopMap {r9=Oop [128]=Oop [152]=Oop [168]=Oop [176]=Oop [200]=Oop }
                      ;*new {reexecute=1 rethrow=0 return_oop=0}
                      ; - (reexecute) org.eclipse.osgi.internal.framework.BundleContextImpl::dispatchEvent@119 (line 972)
  0x000001f65725454c: 3b07 e9a5 | bcff ff48 

  0x000001f657254554: ;   {runtime_call fast_new_instance Runtime1 stub}
  0x000001f657254554: 8bd2 e885 

  0x000001f657254558: ; ImmutableOopMap {r9=Oop [128]=Oop [152]=Oop [168]=Oop [176]=Oop [200]=Oop }
                      ;*new {reexecute=0 rethrow=0 return_oop=0}
                      ; - org.eclipse.osgi.internal.framework.BundleContextImpl::dispatchEvent@119 (line 972)
  0x000001f657254558: 9f3b 07e9 | e8bc ffff 

  0x000001f657254560: ;   {metadata({method} {0x000001f600492b00} '<init>' '(Ljava/lang/String;)V' in 'java/lang/StringBuilder')}
  0x000001f657254560: 49ba f82a | 4900 f601 | 0000 4c89 | 5424 0848 | c704 24ff 

  0x000001f657254574: ;   {runtime_call counter_overflow Runtime1 stub}
  0x000001f657254574: ffff ffe8 

  0x000001f657254578: ; ImmutableOopMap {r9=Oop rax=Oop [128]=Oop [152]=Oop [168]=Oop [176]=Oop [192]=Oop [200]=Oop }
                      ;*synchronization entry
                      ; - java.lang.StringBuilder::<init>@-1 (line 131)
                      ; - org.eclipse.osgi.internal.framework.BundleContextImpl::dispatchEvent@126 (line 972)
  0x000001f657254578: 6402 3c07 | e90d bdff 

  0x000001f657254580: ;   {metadata({method} {0x000001f600492898} 'append' '(Ljava/lang/Object;)Ljava/lang/StringBuilder;' in 'java/lang/StringBuilder')}
  0x000001f657254580: ff49 ba90 | 2849 00f6 | 0100 004c | 8954 2408 | 48c7 0424 | ffff ffff 

  0x000001f657254598: ;   {runtime_call counter_overflow Runtime1 stub}
  0x000001f657254598: e843 023c 

  0x000001f65725459c: ; ImmutableOopMap {rdx=Oop rsi=Oop [128]=Oop [152]=Oop [168]=Oop [176]=Oop [192]=Oop [200]=Oop [208]=Oop }
                      ;*synchronization entry
                      ; - java.lang.StringBuilder::append@-1 (line 173)
                      ; - org.eclipse.osgi.internal.framework.BundleContextImpl::dispatchEvent@133 (line 972)
  0x000001f65725459c: 07e9 76bd 

  0x000001f6572545a0: ;   {metadata({method} {0x000001f60048d080} 'valueOf' '(Ljava/lang/Object;)Ljava/lang/String;' in 'java/lang/String')}
  0x000001f6572545a0: ffff 49ba | 78d0 4800 | f601 0000 | 4c89 5424 | 0848 c704 | 24ff ffff 

  0x000001f6572545b8: ;   {runtime_call counter_overflow Runtime1 stub}
  0x000001f6572545b8: ffe8 2202 

  0x000001f6572545bc: ; ImmutableOopMap {rdx=Oop rsi=Oop [128]=Oop [152]=Oop [168]=Oop [176]=Oop [192]=Oop [200]=Oop [208]=Oop }
                      ;*synchronization entry
                      ; - java.lang.String::valueOf@-1 (line 4556)
                      ; - java.lang.StringBuilder::append@2 (line 173)
                      ; - org.eclipse.osgi.internal.framework.BundleContextImpl::dispatchEvent@133 (line 972)
  0x000001f6572545bc: 3c07 e98e 

  0x000001f6572545c0: ;   {runtime_call throw_null_pointer_exception Runtime1 stub}
  0x000001f6572545c0: bdff ffe8 

  0x000001f6572545c4: ; ImmutableOopMap {rsi=Oop [128]=Oop [152]=Oop [168]=Oop [176]=Oop [192]=Oop [200]=Oop [208]=Oop }
                      ;*invokevirtual toString {reexecute=0 rethrow=0 return_oop=0}
                      ; - java.lang.String::valueOf@11 (line 4556)
                      ; - java.lang.StringBuilder::append@2 (line 173)
                      ; - org.eclipse.osgi.internal.framework.BundleContextImpl::dispatchEvent@133 (line 972)
  0x000001f6572545c4: 1896 3b07 

  0x000001f6572545c8: ;   {metadata({method} {0x000001f600492840} 'append' '(Ljava/lang/String;)Ljava/lang/StringBuilder;' in 'java/lang/StringBuilder')}
  0x000001f6572545c8: 49ba 3828 | 4900 f601 | 0000 4c89 | 5424 0848 | c704 24ff 

  0x000001f6572545dc: ;   {runtime_call counter_overflow Runtime1 stub}
  0x000001f6572545dc: ffff ffe8 

  0x000001f6572545e0: ; ImmutableOopMap {rsi=Oop [128]=Oop [152]=Oop [168]=Oop [176]=Oop [192]=Oop [200]=Oop [208]=Oop }
                      ;*synchronization entry
                      ; - java.lang.StringBuilder::append@-1 (line 179)
                      ; - java.lang.StringBuilder::append@5 (line 173)
                      ; - org.eclipse.osgi.internal.framework.BundleContextImpl::dispatchEvent@133 (line 972)
  0x000001f6572545e0: fc01 3c07 | e9a1 beff 

  0x000001f6572545e8: ;   {metadata({method} {0x000001f600492840} 'append' '(Ljava/lang/String;)Ljava/lang/StringBuilder;' in 'java/lang/StringBuilder')}
  0x000001f6572545e8: ff49 ba38 | 2849 00f6 | 0100 004c | 8954 2408 | 48c7 0424 | ffff ffff 

  0x000001f657254600: ;   {runtime_call counter_overflow Runtime1 stub}
  0x000001f657254600: e8db 013c 

  0x000001f657254604: ; ImmutableOopMap {rax=Oop [128]=Oop [152]=Oop [168]=Oop [176]=Oop [192]=Oop [200]=Oop [208]=Oop }
                      ;*synchronization entry
                      ; - java.lang.StringBuilder::append@-1 (line 179)
                      ; - org.eclipse.osgi.internal.framework.BundleContextImpl::dispatchEvent@139 (line 972)
  0x000001f657254604: 07e9 f8be 

  0x000001f657254608: ;   {metadata({method} {0x000001f600492840} 'append' '(Ljava/lang/String;)Ljava/lang/StringBuilder;' in 'java/lang/StringBuilder')}
  0x000001f657254608: ffff 49ba | 3828 4900 | f601 0000 | 4c89 5424 | 0848 c704 | 24ff ffff 

  0x000001f657254620: ;   {runtime_call counter_overflow Runtime1 stub}
  0x000001f657254620: ffe8 ba01 

  0x000001f657254624: ; ImmutableOopMap {[128]=Oop [152]=Oop [168]=Oop [176]=Oop [192]=Oop [200]=Oop [208]=Oop }
                      ;*synchronization entry
                      ; - java.lang.StringBuilder::append@-1 (line 179)
                      ; - org.eclipse.osgi.internal.framework.BundleContextImpl::dispatchEvent@144 (line 972)
  0x000001f657254624: 3c07 e94c 

  0x000001f657254628: ;   {metadata({method} {0x000001f600492840} 'append' '(Ljava/lang/String;)Ljava/lang/StringBuilder;' in 'java/lang/StringBuilder')}
  0x000001f657254628: bfff ff49 | ba38 2849 | 00f6 0100 | 004c 8954 | 2408 48c7 | 0424 ffff 

  0x000001f657254640: ;   {runtime_call counter_overflow Runtime1 stub}
  0x000001f657254640: ffff e899 

  0x000001f657254644: ; ImmutableOopMap {[128]=Oop [152]=Oop [168]=Oop [176]=Oop [192]=Oop [208]=Oop }
                      ;*synchronization entry
                      ; - java.lang.StringBuilder::append@-1 (line 179)
                      ; - org.eclipse.osgi.internal.framework.BundleContextImpl::dispatchEvent@150 (line 972)
  0x000001f657254644: 013c 07e9 | abbf ffff 

  0x000001f65725464c: ;   {metadata({method} {0x000001f60016ae60} 'toString' '()Ljava/lang/String;' in 'java/lang/StringBuilder')}
  0x000001f65725464c: 49ba 58ae | 1600 f601 | 0000 4c89 | 5424 0848 | c704 24ff 

  0x000001f657254660: ;   {runtime_call counter_overflow Runtime1 stub}
  0x000001f657254660: ffff ffe8 

  0x000001f657254664: ; ImmutableOopMap {[128]=Oop [152]=Oop [168]=Oop [176]=Oop [192]=Oop [208]=Oop }
                      ;*synchronization entry
                      ; - java.lang.StringBuilder::toString@-1 (line 474)
                      ; - org.eclipse.osgi.internal.framework.BundleContextImpl::dispatchEvent@153 (line 972)
  0x000001f657254664: 7801 3c07 | e908 c0ff 

  0x000001f65725466c: ;   {metadata({method} {0x000001f60016aeb8} 'length' '()I' in 'java/lang/StringBuilder')}
  0x000001f65725466c: ff49 bab0 | ae16 00f6 | 0100 004c | 8954 2408 | 48c7 0424 | ffff ffff 

  0x000001f657254684: ;   {runtime_call counter_overflow Runtime1 stub}
  0x000001f657254684: e857 013c 

  0x000001f657254688: ; ImmutableOopMap {[128]=Oop [152]=Oop [168]=Oop [176]=Oop [192]=Oop [208]=Oop }
                      ;*synchronization entry
                      ; - java.lang.StringBuilder::length@-1 (line 91)
                      ; - java.lang.StringBuilder::toString@1 (line 474)
                      ; - org.eclipse.osgi.internal.framework.BundleContextImpl::dispatchEvent@153 (line 972)
  0x000001f657254688: 07e9 28c0 | ffff 488b 

  0x000001f657254690: ;   {runtime_call fast_new_instance Runtime1 stub}
  0x000001f657254690: d2e8 4a9e 

  0x000001f657254694: ; ImmutableOopMap {r8=Oop [128]=Oop [152]=Oop [168]=Oop [176]=Oop [192]=Oop [208]=Oop }
                      ;*new {reexecute=0 rethrow=0 return_oop=0}
                      ; - java.lang.StringBuilder::toString@10 (line 478)
                      ; - org.eclipse.osgi.internal.framework.BundleContextImpl::dispatchEvent@153 (line 972)
  0x000001f657254694: 3b07 e9ca 

  0x000001f657254698: ;   {runtime_call throw_null_pointer_exception Runtime1 stub}
  0x000001f657254698: c0ff ffe8 

  0x000001f65725469c: ; ImmutableOopMap {rsi=Oop r9=Oop [128]=Oop [152]=Oop [168]=Oop [176]=Oop }
                      ;*invokevirtual trace {reexecute=0 rethrow=0 return_oop=0}
                      ; - org.eclipse.osgi.internal.framework.BundleContextImpl::dispatchEvent@156 (line 972)
  0x000001f65725469c: 4095 3b07 

  0x000001f6572546a0: ;   {metadata({method} {0x000001f6434cb398} 'trace' '(Ljava/lang/String;Ljava/lang/String;)V' in 'org/eclipse/osgi/internal/debug/Debug')}
  0x000001f6572546a0: 49ba 90b3 | 4c43 f601 | 0000 4c89 | 5424 0848 | c704 24ff 

  0x000001f6572546b4: ;   {runtime_call counter_overflow Runtime1 stub}
  0x000001f6572546b4: ffff ffe8 

  0x000001f6572546b8: ; ImmutableOopMap {rsi=Oop r9=Oop [128]=Oop [152]=Oop [168]=Oop [176]=Oop }
                      ;*synchronization entry
                      ; - org.eclipse.osgi.internal.debug.Debug::trace@-1 (line 221)
                      ; - org.eclipse.osgi.internal.framework.BundleContextImpl::dispatchEvent@156 (line 972)
  0x000001f6572546b8: 2401 3c07 | e93d c1ff 

  0x000001f6572546c0: ;   {runtime_call throw_incompatible_class_change_error Runtime1 stub}
  0x000001f6572546c0: ffe8 1ad4 

  0x000001f6572546c4: ; ImmutableOopMap {rdx=Oop [128]=Oop [152]=Oop [168]=Oop [176]=Oop [224]=Oop }
                      ;*invokeinterface getLogger {reexecute=0 rethrow=0 return_oop=0}
                      ; - org.eclipse.osgi.internal.debug.Debug::trace@11 (line 230)
                      ; - org.eclipse.osgi.internal.framework.BundleContextImpl::dispatchEvent@156 (line 972)
                      ;   {runtime_call throw_null_pointer_exception Runtime1 stub}
  0x000001f6572546c4: 3b07 e815 

  0x000001f6572546c8: ; ImmutableOopMap {rdx=Oop [128]=Oop [152]=Oop [168]=Oop [176]=Oop [224]=Oop }
                      ;*invokeinterface getLogger {reexecute=0 rethrow=0 return_oop=0}
                      ; - org.eclipse.osgi.internal.debug.Debug::trace@11 (line 230)
                      ; - org.eclipse.osgi.internal.framework.BundleContextImpl::dispatchEvent@156 (line 972)
                      ;   {metadata({method} {0x000001f6434f1300} 'getLogger' '(Ljava/lang/String;)Lorg/osgi/service/log/Logger;' in 'org/eclipse/osgi/internal/log/ExtendedLogServiceImpl')}
  0x000001f6572546c8: 953b 0749 | baf8 124f | 43f6 0100 | 004c 8954 | 2408 48c7 | 0424 ffff 

  0x000001f6572546e0: ;   {runtime_call counter_overflow Runtime1 stub}
  0x000001f6572546e0: ffff e8f9 

  0x000001f6572546e4: ; ImmutableOopMap {rdx=Oop [128]=Oop [152]=Oop [168]=Oop [176]=Oop [224]=Oop }
                      ;*synchronization entry
                      ; - org.eclipse.osgi.internal.log.ExtendedLogServiceImpl::getLogger@-1 (line 1)
                      ; - org.eclipse.osgi.internal.debug.Debug::trace@11 (line 230)
                      ; - org.eclipse.osgi.internal.framework.BundleContextImpl::dispatchEvent@156 (line 972)
  0x000001f6572546e4: 003c 07e9 | d5c1 ffff 

  0x000001f6572546ec: ;   {metadata({method} {0x000001f6434eeb88} 'getLogger' '(Ljava/lang/String;)Lorg/eclipse/equinox/log/Logger;' in 'org/eclipse/osgi/internal/log/ExtendedLogServiceImpl')}
  0x000001f6572546ec: 49ba 80eb | 4e43 f601 | 0000 4c89 | 5424 0848 | c704 24ff 

  0x000001f657254700: ;   {runtime_call counter_overflow Runtime1 stub}
  0x000001f657254700: ffff ffe8 

  0x000001f657254704: ; ImmutableOopMap {rdx=Oop [128]=Oop [152]=Oop [168]=Oop [176]=Oop [224]=Oop }
                      ;*synchronization entry
                      ; - org.eclipse.osgi.internal.log.ExtendedLogServiceImpl::getLogger@-1 (line 73)
                      ; - org.eclipse.osgi.internal.log.ExtendedLogServiceImpl::getLogger@2 (line 1)
                      ; - org.eclipse.osgi.internal.debug.Debug::trace@11 (line 230)
                      ; - org.eclipse.osgi.internal.framework.BundleContextImpl::dispatchEvent@156 (line 972)
  0x000001f657254704: d800 3c07 | e906 c2ff | ff48 8904 

  0x000001f657254710: ;   {runtime_call throw_class_cast_exception Runtime1 stub}
  0x000001f657254710: 24e8 cad0 

  0x000001f657254714: ; ImmutableOopMap {[128]=Oop [152]=Oop [168]=Oop [176]=Oop [224]=Oop }
                      ;*checkcast {reexecute=0 rethrow=0 return_oop=0}
                      ; - org.eclipse.osgi.internal.log.ExtendedLogServiceImpl::getLogger@7 (line 73)
                      ; - org.eclipse.osgi.internal.log.ExtendedLogServiceImpl::getLogger@2 (line 1)
                      ; - org.eclipse.osgi.internal.debug.Debug::trace@11 (line 230)
                      ; - org.eclipse.osgi.internal.framework.BundleContextImpl::dispatchEvent@156 (line 972)
                      ;   {runtime_call throw_null_pointer_exception Runtime1 stub}
  0x000001f657254714: 3b07 e8c5 

  0x000001f657254718: ; ImmutableOopMap {rdx=Oop [128]=Oop [152]=Oop [168]=Oop [176]=Oop [224]=Oop }
                      ;*invokeinterface trace {reexecute=0 rethrow=0 return_oop=0}
                      ; - org.eclipse.osgi.internal.debug.Debug::trace@17 (line 230)
                      ; - org.eclipse.osgi.internal.framework.BundleContextImpl::dispatchEvent@156 (line 972)
                      ;   {runtime_call throw_null_pointer_exception Runtime1 stub}
  0x000001f657254718: 943b 07e8 

  0x000001f65725471c: ; ImmutableOopMap {rsi=Oop rdx=Oop [128]=Oop [152]=Oop [168]=Oop [176]=Oop }
                      ;*invokevirtual println {reexecute=0 rethrow=0 return_oop=0}
                      ; - org.eclipse.osgi.internal.debug.Debug::trace@29 (line 232)
                      ; - org.eclipse.osgi.internal.framework.BundleContextImpl::dispatchEvent@156 (line 972)
  0x000001f65725471c: c094 3b07 | 4889 3424 

  0x000001f657254724: ;   {runtime_call throw_class_cast_exception Runtime1 stub}
  0x000001f657254724: e8b7 d03b 

  0x000001f657254728: ; ImmutableOopMap {rsi=Oop rbx=Oop [128]=Oop [152]=Oop [176]=Oop }
                      ;*checkcast {reexecute=0 rethrow=0 return_oop=0}
                      ; - org.eclipse.osgi.internal.framework.BundleContextImpl::dispatchEvent@163 (line 975)
                      ;   {runtime_call throw_null_pointer_exception Runtime1 stub}
  0x000001f657254728: 07e8 b294 

  0x000001f65725472c: ; ImmutableOopMap {rsi=Oop rbx=Oop r8=Oop [128]=Oop [152]=Oop [176]=Oop }
                      ;*invokeinterface bundleChanged {reexecute=0 rethrow=0 return_oop=0}
                      ; - org.eclipse.osgi.internal.framework.BundleContextImpl::dispatchEvent@166 (line 975)
  0x000001f65725472c: 3b07 4c89 

  0x000001f657254730: ;   {runtime_call throw_class_cast_exception Runtime1 stub}
  0x000001f657254730: 0c24 e8a9 

  0x000001f657254734: ; ImmutableOopMap {rdx=Oop [128]=Oop [152]=Oop [176]=Oop }
                      ;*checkcast {reexecute=0 rethrow=0 return_oop=0}
                      ; - org.eclipse.osgi.internal.framework.BundleContextImpl::dispatchEvent@297 (line 993)
                      ;   {runtime_call throw_null_pointer_exception Runtime1 stub}
  0x000001f657254734: d03b 07e8 

  0x000001f657254738: ; ImmutableOopMap {rdx=Oop rbx=Oop [128]=Oop [152]=Oop [176]=Oop }
                      ;*getfield DEBUG_EVENTS {reexecute=1 rethrow=0 return_oop=0}
                      ; - (reexecute) org.eclipse.osgi.internal.framework.BundleContextImpl::dispatchEvent@306 (line 995)
  0x000001f657254738: a494 3b07 

  0x000001f65725473c: ;   {metadata(nullptr)}
  0x000001f65725473c: 48ba 0000 | 0000 0000 | 0000 b800 

  0x000001f657254748: ;   {runtime_call load_klass_patching Runtime1 stub}
  0x000001f657254748: 0f05 0ae8 

  0x000001f65725474c: ; ImmutableOopMap {rbx=Oop [128]=Oop [152]=Oop [176]=Oop }
                      ;*new {reexecute=1 rethrow=0 return_oop=0}
                      ; - (reexecute) org.eclipse.osgi.internal.framework.BundleContextImpl::dispatchEvent@312 (line 996)
  0x000001f65725474c: 10f0 3b07 | e9db c6ff | ff48 8bd2 

  0x000001f657254758: ;   {runtime_call fast_new_instance Runtime1 stub}
  0x000001f657254758: e883 9d3b 

  0x000001f65725475c: ; ImmutableOopMap {rbx=Oop [128]=Oop [152]=Oop [176]=Oop }
                      ;*new {reexecute=0 rethrow=0 return_oop=0}
                      ; - org.eclipse.osgi.internal.framework.BundleContextImpl::dispatchEvent@312 (line 996)
  0x000001f65725475c: 07e9 1ec7 

  0x000001f657254760: ;   {runtime_call throw_null_pointer_exception Runtime1 stub}
  0x000001f657254760: ffff e879 

  0x000001f657254764: ; ImmutableOopMap {rbx=Oop rax=Oop [128]=Oop [152]=Oop [176]=Oop [232]=Oop }
                      ;*invokevirtual getClass {reexecute=0 rethrow=0 return_oop=0}
                      ; - org.eclipse.osgi.internal.framework.BundleContextImpl::dispatchEvent@318 (line 996)
                      ;   {runtime_call throw_null_pointer_exception Runtime1 stub}
  0x000001f657254764: 943b 07e8 

  0x000001f657254768: ; ImmutableOopMap {rbx=Oop rax=Oop rdx=Oop [128]=Oop [152]=Oop [176]=Oop [232]=Oop }
                      ;*invokevirtual getName {reexecute=0 rethrow=0 return_oop=0}
                      ; - org.eclipse.osgi.internal.framework.BundleContextImpl::dispatchEvent@321 (line 996)
  0x000001f657254768: 7494 3b07 

  0x000001f65725476c: ;   {metadata({method} {0x000001f6004987e0} 'getName' '()Ljava/lang/String;' in 'java/lang/Class')}
  0x000001f65725476c: 49ba d887 | 4900 f601 | 0000 4c89 | 5424 0848 | c704 24ff 

  0x000001f657254780: ;   {runtime_call counter_overflow Runtime1 stub}
  0x000001f657254780: ffff ffe8 

  0x000001f657254784: ; ImmutableOopMap {rbx=Oop rax=Oop rdx=Oop [128]=Oop [152]=Oop [176]=Oop [232]=Oop }
                      ;*synchronization entry
                      ; - java.lang.Class::getName@-1 (line 1036)
                      ; - org.eclipse.osgi.internal.framework.BundleContextImpl::dispatchEvent@321 (line 996)
  0x000001f657254784: 5800 3c07 | e969 c7ff 

  0x000001f65725478c: ;   {metadata({method} {0x000001f60048d080} 'valueOf' '(Ljava/lang/Object;)Ljava/lang/String;' in 'java/lang/String')}
  0x000001f65725478c: ff49 ba78 | d048 00f6 | 0100 004c | 8954 2408 | 48c7 0424 | ffff ffff 

  0x000001f6572547a4: ;   {runtime_call counter_overflow Runtime1 stub}
  0x000001f6572547a4: e837 003c 

  0x000001f6572547a8: ; ImmutableOopMap {rsi=Oop [128]=Oop [152]=Oop [176]=Oop [232]=Oop [240]=Oop }
                      ;*synchronization entry
                      ; - java.lang.String::valueOf@-1 (line 4556)
                      ; - org.eclipse.osgi.internal.framework.BundleContextImpl::dispatchEvent@324 (line 996)
  0x000001f6572547a8: 07e9 fac7 

  0x000001f6572547ac: ;   {runtime_call throw_null_pointer_exception Runtime1 stub}
  0x000001f6572547ac: ffff e82d 

  0x000001f6572547b0: ; ImmutableOopMap {rsi=Oop [128]=Oop [152]=Oop [176]=Oop [232]=Oop [240]=Oop }
                      ;*invokevirtual toString {reexecute=0 rethrow=0 return_oop=0}
                      ; - java.lang.String::valueOf@11 (line 4556)
                      ; - org.eclipse.osgi.internal.framework.BundleContextImpl::dispatchEvent@324 (line 996)
                      ;   {metadata({method} {0x000001f600492b00} '<init>' '(Ljava/lang/String;)V' in 'java/lang/StringBuilder')}
  0x000001f6572547b0: 943b 0749 | baf8 2a49 | 00f6 0100 | 004c 8954 | 2408 48c7 | 0424 ffff 

  0x000001f6572547c8: ;   {runtime_call counter_overflow Runtime1 stub}
  0x000001f6572547c8: ffff e811 

  0x000001f6572547cc: ; ImmutableOopMap {rsi=Oop rax=Oop [128]=Oop [152]=Oop [176]=Oop [232]=Oop [240]=Oop }
                      ;*synchronization entry
                      ; - java.lang.StringBuilder::<init>@-1 (line 131)
                      ; - org.eclipse.osgi.internal.framework.BundleContextImpl::dispatchEvent@327 (line 996)
  0x000001f6572547cc: 003c 07e9 | 19c9 ffff 

  0x000001f6572547d4: ;   {metadata({method} {0x000001f600492840} 'append' '(Ljava/lang/String;)Ljava/lang/StringBuilder;' in 'java/lang/StringBuilder')}
  0x000001f6572547d4: 49ba 3828 | 4900 f601 | 0000 4c89 | 5424 0848 | c704 24ff 

  0x000001f6572547e8: ;   {runtime_call counter_overflow Runtime1 stub}
  0x000001f6572547e8: ffff ffe8 

  0x000001f6572547ec: ; ImmutableOopMap {[128]=Oop [152]=Oop [176]=Oop [232]=Oop [240]=Oop }
                      ;*synchronization entry
                      ; - java.lang.StringBuilder::append@-1 (line 179)
                      ; - org.eclipse.osgi.internal.framework.BundleContextImpl::dispatchEvent@333 (line 996)
  0x000001f6572547ec: f0ff 3b07 | e96a c9ff 

  0x000001f6572547f4: ;   {metadata({method} {0x000001f600470478} 'toHexString' '(I)Ljava/lang/String;' in 'java/lang/Integer')}
  0x000001f6572547f4: ff49 ba70 | 0447 00f6 | 0100 004c | 8954 2408 | 48c7 0424 | ffff ffff 

  0x000001f65725480c: ;   {runtime_call counter_overflow Runtime1 stub}
  0x000001f65725480c: e8cf ff3b 

  0x000001f657254810: ; ImmutableOopMap {[128]=Oop [152]=Oop [176]=Oop [232]=Oop [240]=Oop }
                      ;*synchronization entry
                      ; - java.lang.Integer::toHexString@-1 (line 287)
                      ; - org.eclipse.osgi.internal.framework.BundleContextImpl::dispatchEvent@341 (line 997)
  0x000001f657254810: 07e9 ecc9 

  0x000001f657254814: ;   {metadata({method} {0x000001f600492840} 'append' '(Ljava/lang/String;)Ljava/lang/StringBuilder;' in 'java/lang/StringBuilder')}
  0x000001f657254814: ffff 49ba | 3828 4900 | f601 0000 | 4c89 5424 | 0848 c704 | 24ff ffff 

  0x000001f65725482c: ;   {runtime_call counter_overflow Runtime1 stub}
  0x000001f65725482c: ffe8 aeff 

  0x000001f657254830: ; ImmutableOopMap {rax=Oop [128]=Oop [152]=Oop [176]=Oop [232]=Oop [240]=Oop }
                      ;*synchronization entry
                      ; - java.lang.StringBuilder::append@-1 (line 179)
                      ; - org.eclipse.osgi.internal.framework.BundleContextImpl::dispatchEvent@344 (line 997)
  0x000001f657254830: 3b07 e938 

  0x000001f657254834: ;   {metadata({method} {0x000001f60016ae60} 'toString' '()Ljava/lang/String;' in 'java/lang/StringBuilder')}
  0x000001f657254834: caff ff49 | ba58 ae16 | 00f6 0100 | 004c 8954 | 2408 48c7 | 0424 ffff 

  0x000001f65725484c: ;   {runtime_call counter_overflow Runtime1 stub}
  0x000001f65725484c: ffff e88d 

  0x000001f657254850: ; ImmutableOopMap {[128]=Oop [152]=Oop [176]=Oop [232]=Oop [240]=Oop }
                      ;*synchronization entry
                      ; - java.lang.StringBuilder::toString@-1 (line 474)
                      ; - org.eclipse.osgi.internal.framework.BundleContextImpl::dispatchEvent@347 (line 996)
  0x000001f657254850: ff3b 07e9 | 8dca ffff 

  0x000001f657254858: ;   {metadata({method} {0x000001f60016aeb8} 'length' '()I' in 'java/lang/StringBuilder')}
  0x000001f657254858: 49ba b0ae | 1600 f601 | 0000 4c89 | 5424 0848 | c704 24ff 

  0x000001f65725486c: ;   {runtime_call counter_overflow Runtime1 stub}
  0x000001f65725486c: ffff ffe8 

  0x000001f657254870: ; ImmutableOopMap {[128]=Oop [152]=Oop [176]=Oop [232]=Oop [240]=Oop }
                      ;*synchronization entry
                      ; - java.lang.StringBuilder::length@-1 (line 91)
                      ; - java.lang.StringBuilder::toString@1 (line 474)
                      ; - org.eclipse.osgi.internal.framework.BundleContextImpl::dispatchEvent@347 (line 996)
  0x000001f657254870: 6cff 3b07 | e9ad caff | ff48 8bd2 

  0x000001f65725487c: ;   {runtime_call fast_new_instance Runtime1 stub}
  0x000001f65725487c: e85f 9c3b 

  0x000001f657254880: ; ImmutableOopMap {r8=Oop [128]=Oop [152]=Oop [176]=Oop [232]=Oop [240]=Oop }
                      ;*new {reexecute=0 rethrow=0 return_oop=0}
                      ; - java.lang.StringBuilder::toString@10 (line 478)
                      ; - org.eclipse.osgi.internal.framework.BundleContextImpl::dispatchEvent@347 (line 996)
  0x000001f657254880: 07e9 4fcb 

  0x000001f657254884: ;   {metadata(nullptr)}
  0x000001f657254884: ffff 48ba | 0000 0000 | 0000 0000 | b800 0f05 

  0x000001f657254894: ;   {runtime_call load_klass_patching Runtime1 stub}
  0x000001f657254894: 0ae8 c6ee 

  0x000001f657254898: ; ImmutableOopMap {r9=Oop [128]=Oop [152]=Oop [176]=Oop [240]=Oop [264]=Oop }
                      ;*new {reexecute=1 rethrow=0 return_oop=0}
                      ; - (reexecute) org.eclipse.osgi.internal.framework.BundleContextImpl::dispatchEvent@359 (line 999)
  0x000001f657254898: 3b07 e989 | cbff ff48 

  0x000001f6572548a0: ;   {runtime_call fast_new_instance Runtime1 stub}
  0x000001f6572548a0: 8bd2 e839 

  0x000001f6572548a4: ; ImmutableOopMap {r9=Oop [128]=Oop [152]=Oop [176]=Oop [240]=Oop [264]=Oop }
                      ;*new {reexecute=0 rethrow=0 return_oop=0}
                      ; - org.eclipse.osgi.internal.framework.BundleContextImpl::dispatchEvent@359 (line 999)
  0x000001f6572548a4: 9c3b 07e9 | cccb ffff 

  0x000001f6572548ac: ;   {metadata({method} {0x000001f600492b00} '<init>' '(Ljava/lang/String;)V' in 'java/lang/StringBuilder')}
  0x000001f6572548ac: 49ba f82a | 4900 f601 | 0000 4c89 | 5424 0848 | c704 24ff 

  0x000001f6572548c0: ;   {runtime_call counter_overflow Runtime1 stub}
  0x000001f6572548c0: ffff ffe8 

  0x000001f6572548c4: ; ImmutableOopMap {r9=Oop rax=Oop [128]=Oop [152]=Oop [176]=Oop [240]=Oop [256]=Oop [264]=Oop }
                      ;*synchronization entry
                      ; - java.lang.StringBuilder::<init>@-1 (line 131)
                      ; - org.eclipse.osgi.internal.framework.BundleContextImpl::dispatchEvent@366 (line 999)
  0x000001f6572548c4: 18ff 3b07 | e9f1 cbff 

  0x000001f6572548cc: ;   {metadata({method} {0x000001f600492898} 'append' '(Ljava/lang/Object;)Ljava/lang/StringBuilder;' in 'java/lang/StringBuilder')}
  0x000001f6572548cc: ff49 ba90 | 2849 00f6 | 0100 004c | 8954 2408 | 48c7 0424 | ffff ffff 

  0x000001f6572548e4: ;   {runtime_call counter_overflow Runtime1 stub}
  0x000001f6572548e4: e8f7 fe3b 

  0x000001f6572548e8: ; ImmutableOopMap {rdx=Oop rsi=Oop [128]=Oop [152]=Oop [176]=Oop [240]=Oop [256]=Oop [264]=Oop [272]=Oop }
                      ;*synchronization entry
                      ; - java.lang.StringBuilder::append@-1 (line 173)
                      ; - org.eclipse.osgi.internal.framework.BundleContextImpl::dispatchEvent@373 (line 999)
  0x000001f6572548e8: 07e9 5acc 

  0x000001f6572548ec: ;   {metadata({method} {0x000001f60048d080} 'valueOf' '(Ljava/lang/Object;)Ljava/lang/String;' in 'java/lang/String')}
  0x000001f6572548ec: ffff 49ba | 78d0 4800 | f601 0000 | 4c89 5424 | 0848 c704 | 24ff ffff 

  0x000001f657254904: ;   {runtime_call counter_overflow Runtime1 stub}
  0x000001f657254904: ffe8 d6fe 

  0x000001f657254908: ; ImmutableOopMap {rdx=Oop rsi=Oop [128]=Oop [152]=Oop [176]=Oop [240]=Oop [256]=Oop [264]=Oop [272]=Oop }
                      ;*synchronization entry
                      ; - java.lang.String::valueOf@-1 (line 4556)
                      ; - java.lang.StringBuilder::append@2 (line 173)
                      ; - org.eclipse.osgi.internal.framework.BundleContextImpl::dispatchEvent@373 (line 999)
  0x000001f657254908: 3b07 e972 

  0x000001f65725490c: ;   {runtime_call throw_null_pointer_exception Runtime1 stub}
  0x000001f65725490c: ccff ffe8 

  0x000001f657254910: ; ImmutableOopMap {rsi=Oop [128]=Oop [152]=Oop [176]=Oop [240]=Oop [256]=Oop [264]=Oop [272]=Oop }
                      ;*invokevirtual toString {reexecute=0 rethrow=0 return_oop=0}
                      ; - java.lang.String::valueOf@11 (line 4556)
                      ; - java.lang.StringBuilder::append@2 (line 173)
                      ; - org.eclipse.osgi.internal.framework.BundleContextImpl::dispatchEvent@373 (line 999)
  0x000001f657254910: cc92 3b07 

  0x000001f657254914: ;   {metadata({method} {0x000001f600492840} 'append' '(Ljava/lang/String;)Ljava/lang/StringBuilder;' in 'java/lang/StringBuilder')}
  0x000001f657254914: 49ba 3828 | 4900 f601 | 0000 4c89 | 5424 0848 | c704 24ff 

  0x000001f657254928: ;   {runtime_call counter_overflow Runtime1 stub}
  0x000001f657254928: ffff ffe8 

  0x000001f65725492c: ; ImmutableOopMap {rsi=Oop [128]=Oop [152]=Oop [176]=Oop [240]=Oop [256]=Oop [264]=Oop [272]=Oop }
                      ;*synchronization entry
                      ; - java.lang.StringBuilder::append@-1 (line 179)
                      ; - java.lang.StringBuilder::append@5 (line 173)
                      ; - org.eclipse.osgi.internal.framework.BundleContextImpl::dispatchEvent@373 (line 999)
  0x000001f65725492c: b0fe 3b07 | e985 cdff 

  0x000001f657254934: ;   {metadata({method} {0x000001f600492840} 'append' '(Ljava/lang/String;)Ljava/lang/StringBuilder;' in 'java/lang/StringBuilder')}
  0x000001f657254934: ff49 ba38 | 2849 00f6 | 0100 004c | 8954 2408 | 48c7 0424 | ffff ffff 

  0x000001f65725494c: ;   {runtime_call counter_overflow Runtime1 stub}
  0x000001f65725494c: e88f fe3b 

  0x000001f657254950: ; ImmutableOopMap {rax=Oop [128]=Oop [152]=Oop [176]=Oop [240]=Oop [256]=Oop [264]=Oop [272]=Oop }
                      ;*synchronization entry
                      ; - java.lang.StringBuilder::append@-1 (line 179)
                      ; - org.eclipse.osgi.internal.framework.BundleContextImpl::dispatchEvent@379 (line 999)
  0x000001f657254950: 07e9 dccd 

  0x000001f657254954: ;   {metadata({method} {0x000001f600492840} 'append' '(Ljava/lang/String;)Ljava/lang/StringBuilder;' in 'java/lang/StringBuilder')}
  0x000001f657254954: ffff 49ba | 3828 4900 | f601 0000 | 4c89 5424 | 0848 c704 | 24ff ffff 

  0x000001f65725496c: ;   {runtime_call counter_overflow Runtime1 stub}
  0x000001f65725496c: ffe8 6efe 

  0x000001f657254970: ; ImmutableOopMap {[128]=Oop [152]=Oop [176]=Oop [240]=Oop [256]=Oop [264]=Oop [272]=Oop }
                      ;*synchronization entry
                      ; - java.lang.StringBuilder::append@-1 (line 179)
                      ; - org.eclipse.osgi.internal.framework.BundleContextImpl::dispatchEvent@384 (line 999)
  0x000001f657254970: 3b07 e930 

  0x000001f657254974: ;   {metadata({method} {0x000001f600492840} 'append' '(Ljava/lang/String;)Ljava/lang/StringBuilder;' in 'java/lang/StringBuilder')}
  0x000001f657254974: ceff ff49 | ba38 2849 | 00f6 0100 | 004c 8954 | 2408 48c7 | 0424 ffff 

  0x000001f65725498c: ;   {runtime_call counter_overflow Runtime1 stub}
  0x000001f65725498c: ffff e84d 

  0x000001f657254990: ; ImmutableOopMap {[128]=Oop [152]=Oop [176]=Oop [240]=Oop [256]=Oop [272]=Oop }
                      ;*synchronization entry
                      ; - java.lang.StringBuilder::append@-1 (line 179)
                      ; - org.eclipse.osgi.internal.framework.BundleContextImpl::dispatchEvent@390 (line 999)
  0x000001f657254990: fe3b 07e9 | 8fce ffff 

  0x000001f657254998: ;   {metadata({method} {0x000001f60016ae60} 'toString' '()Ljava/lang/String;' in 'java/lang/StringBuilder')}
  0x000001f657254998: 49ba 58ae | 1600 f601 | 0000 4c89 | 5424 0848 | c704 24ff 

  0x000001f6572549ac: ;   {runtime_call counter_overflow Runtime1 stub}
  0x000001f6572549ac: ffff ffe8 

  0x000001f6572549b0: ; ImmutableOopMap {[128]=Oop [152]=Oop [176]=Oop [240]=Oop [256]=Oop [272]=Oop }
                      ;*synchronization entry
                      ; - java.lang.StringBuilder::toString@-1 (line 474)
                      ; - org.eclipse.osgi.internal.framework.BundleContextImpl::dispatchEvent@393 (line 999)
  0x000001f6572549b0: 2cfe 3b07 | e9ec ceff 

  0x000001f6572549b8: ;   {metadata({method} {0x000001f60016aeb8} 'length' '()I' in 'java/lang/StringBuilder')}
  0x000001f6572549b8: ff49 bab0 | ae16 00f6 | 0100 004c | 8954 2408 | 48c7 0424 | ffff ffff 

  0x000001f6572549d0: ;   {runtime_call counter_overflow Runtime1 stub}
  0x000001f6572549d0: e80b fe3b 

  0x000001f6572549d4: ; ImmutableOopMap {[128]=Oop [152]=Oop [176]=Oop [240]=Oop [256]=Oop [272]=Oop }
                      ;*synchronization entry
                      ; - java.lang.StringBuilder::length@-1 (line 91)
                      ; - java.lang.StringBuilder::toString@1 (line 474)
                      ; - org.eclipse.osgi.internal.framework.BundleContextImpl::dispatchEvent@393 (line 999)
  0x000001f6572549d4: 07e9 0ccf | ffff 488b 

  0x000001f6572549dc: ;   {runtime_call fast_new_instance Runtime1 stub}
  0x000001f6572549dc: d2e8 fe9a 

  0x000001f6572549e0: ; ImmutableOopMap {r8=Oop [128]=Oop [152]=Oop [176]=Oop [240]=Oop [256]=Oop [272]=Oop }
                      ;*new {reexecute=0 rethrow=0 return_oop=0}
                      ; - java.lang.StringBuilder::toString@10 (line 478)
                      ; - org.eclipse.osgi.internal.framework.BundleContextImpl::dispatchEvent@393 (line 999)
  0x000001f6572549e0: 3b07 e9ae 

  0x000001f6572549e4: ;   {runtime_call throw_null_pointer_exception Runtime1 stub}
  0x000001f6572549e4: cfff ffe8 

  0x000001f6572549e8: ; ImmutableOopMap {rsi=Oop r9=Oop [128]=Oop [152]=Oop [176]=Oop [240]=Oop }
                      ;*invokevirtual trace {reexecute=0 rethrow=0 return_oop=0}
                      ; - org.eclipse.osgi.internal.framework.BundleContextImpl::dispatchEvent@396 (line 998)
  0x000001f6572549e8: f491 3b07 

  0x000001f6572549ec: ;   {metadata({method} {0x000001f6434cb398} 'trace' '(Ljava/lang/String;Ljava/lang/String;)V' in 'org/eclipse/osgi/internal/debug/Debug')}
  0x000001f6572549ec: 49ba 90b3 | 4c43 f601 | 0000 4c89 | 5424 0848 | c704 24ff 

  0x000001f657254a00: ;   {runtime_call counter_overflow Runtime1 stub}
  0x000001f657254a00: ffff ffe8 

  0x000001f657254a04: ; ImmutableOopMap {rsi=Oop r9=Oop [128]=Oop [152]=Oop [176]=Oop [240]=Oop }
                      ;*synchronization entry
                      ; - org.eclipse.osgi.internal.debug.Debug::trace@-1 (line 221)
                      ; - org.eclipse.osgi.internal.framework.BundleContextImpl::dispatchEvent@396 (line 998)
  0x000001f657254a04: d8fd 3b07 | e921 d0ff 

  0x000001f657254a0c: ;   {runtime_call throw_incompatible_class_change_error Runtime1 stub}
  0x000001f657254a0c: ffe8 ced0 

  0x000001f657254a10: ; ImmutableOopMap {rdx=Oop [128]=Oop [152]=Oop [176]=Oop [240]=Oop [288]=Oop }
                      ;*invokeinterface getLogger {reexecute=0 rethrow=0 return_oop=0}
                      ; - org.eclipse.osgi.internal.debug.Debug::trace@11 (line 230)
                      ; - org.eclipse.osgi.internal.framework.BundleContextImpl::dispatchEvent@396 (line 998)
                      ;   {runtime_call throw_null_pointer_exception Runtime1 stub}
  0x000001f657254a10: 3b07 e8c9 

  0x000001f657254a14: ; ImmutableOopMap {rdx=Oop [128]=Oop [152]=Oop [176]=Oop [240]=Oop [288]=Oop }
                      ;*invokeinterface getLogger {reexecute=0 rethrow=0 return_oop=0}
                      ; - org.eclipse.osgi.internal.debug.Debug::trace@11 (line 230)
                      ; - org.eclipse.osgi.internal.framework.BundleContextImpl::dispatchEvent@396 (line 998)
                      ;   {metadata({method} {0x000001f6434f1300} 'getLogger' '(Ljava/lang/String;)Lorg/osgi/service/log/Logger;' in 'org/eclipse/osgi/internal/log/ExtendedLogServiceImpl')}
  0x000001f657254a14: 913b 0749 | baf8 124f | 43f6 0100 | 004c 8954 | 2408 48c7 | 0424 ffff 

  0x000001f657254a2c: ;   {runtime_call counter_overflow Runtime1 stub}
  0x000001f657254a2c: ffff e8ad 

  0x000001f657254a30: ; ImmutableOopMap {rdx=Oop [128]=Oop [152]=Oop [176]=Oop [240]=Oop [288]=Oop }
                      ;*synchronization entry
                      ; - org.eclipse.osgi.internal.log.ExtendedLogServiceImpl::getLogger@-1 (line 1)
                      ; - org.eclipse.osgi.internal.debug.Debug::trace@11 (line 230)
                      ; - org.eclipse.osgi.internal.framework.BundleContextImpl::dispatchEvent@396 (line 998)
  0x000001f657254a30: fd3b 07e9 | b9d0 ffff 

  0x000001f657254a38: ;   {metadata({method} {0x000001f6434eeb88} 'getLogger' '(Ljava/lang/String;)Lorg/eclipse/equinox/log/Logger;' in 'org/eclipse/osgi/internal/log/ExtendedLogServiceImpl')}
  0x000001f657254a38: 49ba 80eb | 4e43 f601 | 0000 4c89 | 5424 0848 | c704 24ff 

  0x000001f657254a4c: ;   {runtime_call counter_overflow Runtime1 stub}
  0x000001f657254a4c: ffff ffe8 

  0x000001f657254a50: ; ImmutableOopMap {rdx=Oop [128]=Oop [152]=Oop [176]=Oop [240]=Oop [288]=Oop }
                      ;*synchronization entry
                      ; - org.eclipse.osgi.internal.log.ExtendedLogServiceImpl::getLogger@-1 (line 73)
                      ; - org.eclipse.osgi.internal.log.ExtendedLogServiceImpl::getLogger@2 (line 1)
                      ; - org.eclipse.osgi.internal.debug.Debug::trace@11 (line 230)
                      ; - org.eclipse.osgi.internal.framework.BundleContextImpl::dispatchEvent@396 (line 998)
  0x000001f657254a50: 8cfd 3b07 | e9ea d0ff | ff48 8904 

  0x000001f657254a5c: ;   {runtime_call throw_class_cast_exception Runtime1 stub}
  0x000001f657254a5c: 24e8 7ecd 

  0x000001f657254a60: ; ImmutableOopMap {[128]=Oop [152]=Oop [176]=Oop [240]=Oop [288]=Oop }
                      ;*checkcast {reexecute=0 rethrow=0 return_oop=0}
                      ; - org.eclipse.osgi.internal.log.ExtendedLogServiceImpl::getLogger@7 (line 73)
                      ; - org.eclipse.osgi.internal.log.ExtendedLogServiceImpl::getLogger@2 (line 1)
                      ; - org.eclipse.osgi.internal.debug.Debug::trace@11 (line 230)
                      ; - org.eclipse.osgi.internal.framework.BundleContextImpl::dispatchEvent@396 (line 998)
                      ;   {runtime_call throw_null_pointer_exception Runtime1 stub}
  0x000001f657254a60: 3b07 e879 

  0x000001f657254a64: ; ImmutableOopMap {rdx=Oop [128]=Oop [152]=Oop [176]=Oop [240]=Oop [288]=Oop }
                      ;*invokeinterface trace {reexecute=0 rethrow=0 return_oop=0}
                      ; - org.eclipse.osgi.internal.debug.Debug::trace@17 (line 230)
                      ; - org.eclipse.osgi.internal.framework.BundleContextImpl::dispatchEvent@396 (line 998)
                      ;   {runtime_call throw_null_pointer_exception Runtime1 stub}
  0x000001f657254a64: 913b 07e8 

  0x000001f657254a68: ; ImmutableOopMap {rsi=Oop rdx=Oop [128]=Oop [152]=Oop [176]=Oop [240]=Oop }
                      ;*invokevirtual println {reexecute=0 rethrow=0 return_oop=0}
                      ; - org.eclipse.osgi.internal.debug.Debug::trace@29 (line 232)
                      ; - org.eclipse.osgi.internal.framework.BundleContextImpl::dispatchEvent@396 (line 998)
  0x000001f657254a68: 7491 3b07 | 4889 3424 

  0x000001f657254a70: ;   {runtime_call throw_class_cast_exception Runtime1 stub}
  0x000001f657254a70: e86b cd3b 

  0x000001f657254a74: ; ImmutableOopMap {rsi=Oop rbx=Oop [128]=Oop [152]=Oop [176]=Oop }
                      ;*checkcast {reexecute=0 rethrow=0 return_oop=0}
                      ; - org.eclipse.osgi.internal.framework.BundleContextImpl::dispatchEvent@403 (line 1002)
                      ;   {runtime_call throw_null_pointer_exception Runtime1 stub}
  0x000001f657254a74: 07e8 6691 

  0x000001f657254a78: ; ImmutableOopMap {rsi=Oop rbx=Oop r8=Oop [128]=Oop [152]=Oop [176]=Oop }
                      ;*invokeinterface frameworkEvent {reexecute=0 rethrow=0 return_oop=0}
                      ; - org.eclipse.osgi.internal.framework.BundleContextImpl::dispatchEvent@406 (line 1002)
  0x000001f657254a78: 3b07 4889 

  0x000001f657254a7c: ;   {runtime_call throw_class_cast_exception Runtime1 stub}
  0x000001f657254a7c: 3424 e85d 

  0x000001f657254a80: ; ImmutableOopMap {rsi=Oop rdx=Oop r9=Oop [128]=Oop [152]=Oop [176]=Oop }
                      ;*checkcast {reexecute=0 rethrow=0 return_oop=0}
                      ; - org.eclipse.osgi.internal.framework.BundleContextImpl::dispatchEvent@176 (line 980)
  0x000001f657254a80: cd3b 074c 

  0x000001f657254a84: ;   {runtime_call throw_class_cast_exception Runtime1 stub}
  0x000001f657254a84: 890c 24e8 

  0x000001f657254a88: ; ImmutableOopMap {rsi=Oop rdx=Oop rbx=Oop [128]=Oop [152]=Oop [176]=Oop }
                      ;*checkcast {reexecute=0 rethrow=0 return_oop=0}
                      ; - org.eclipse.osgi.internal.framework.BundleContextImpl::dispatchEvent@182 (line 982)
  0x000001f657254a88: 54cd 3b07 

  0x000001f657254a8c: ;   {runtime_call throw_null_pointer_exception Runtime1 stub}
  0x000001f657254a8c: e84f 913b 

  0x000001f657254a90: ; ImmutableOopMap {rsi=Oop rdx=Oop rbx=Oop r8=Oop [128]=Oop [152]=Oop [176]=Oop }
                      ;*getfield DEBUG_EVENTS {reexecute=1 rethrow=0 return_oop=0}
                      ; - (reexecute) org.eclipse.osgi.internal.framework.BundleContextImpl::dispatchEvent@191 (line 983)
                      ;   {metadata(nullptr)}
  0x000001f657254a90: 0748 ba00 | 0000 0000 | 0000 00b8 | 000f 050a 

  0x000001f657254aa0: ;   {runtime_call load_klass_patching Runtime1 stub}
  0x000001f657254aa0: e8bb ec3b 

  0x000001f657254aa4: ; ImmutableOopMap {rbx=Oop r8=Oop [128]=Oop [152]=Oop [176]=Oop }
                      ;*new {reexecute=1 rethrow=0 return_oop=0}
                      ; - (reexecute) org.eclipse.osgi.internal.framework.BundleContextImpl::dispatchEvent@197 (line 984)
  0x000001f657254aa4: 07e9 8ed6 | ffff 488b 

  0x000001f657254aac: ;   {runtime_call fast_new_instance Runtime1 stub}
  0x000001f657254aac: d2e8 2e9a 

  0x000001f657254ab0: ; ImmutableOopMap {rbx=Oop r8=Oop [128]=Oop [152]=Oop [176]=Oop }
                      ;*new {reexecute=0 rethrow=0 return_oop=0}
                      ; - org.eclipse.osgi.internal.framework.BundleContextImpl::dispatchEvent@197 (line 984)
  0x000001f657254ab0: 3b07 e9d1 

  0x000001f657254ab4: ;   {runtime_call throw_null_pointer_exception Runtime1 stub}
  0x000001f657254ab4: d6ff ffe8 

  0x000001f657254ab8: ; ImmutableOopMap {rbx=Oop r8=Oop rax=Oop [128]=Oop [152]=Oop [176]=Oop [296]=Oop }
                      ;*invokevirtual getClass {reexecute=0 rethrow=0 return_oop=0}
                      ; - org.eclipse.osgi.internal.framework.BundleContextImpl::dispatchEvent@203 (line 984)
  0x000001f657254ab8: 2491 3b07 

  0x000001f657254abc: ;   {runtime_call throw_null_pointer_exception Runtime1 stub}
  0x000001f657254abc: e81f 913b 

  0x000001f657254ac0: ; ImmutableOopMap {rbx=Oop r8=Oop rax=Oop rdx=Oop [128]=Oop [152]=Oop [176]=Oop [296]=Oop }
                      ;*invokevirtual getName {reexecute=0 rethrow=0 return_oop=0}
                      ; - org.eclipse.osgi.internal.framework.BundleContextImpl::dispatchEvent@206 (line 984)
                      ;   {metadata({method} {0x000001f6004987e0} 'getName' '()Ljava/lang/String;' in 'java/lang/Class')}
  0x000001f657254ac0: 0749 bad8 | 8749 00f6 | 0100 004c | 8954 2408 | 48c7 0424 | ffff ffff 

  0x000001f657254ad8: ;   {runtime_call counter_overflow Runtime1 stub}
  0x000001f657254ad8: e803 fd3b 

  0x000001f657254adc: ; ImmutableOopMap {rbx=Oop r8=Oop rax=Oop rdx=Oop [128]=Oop [152]=Oop [176]=Oop [296]=Oop }
                      ;*synchronization entry
                      ; - java.lang.Class::getName@-1 (line 1036)
                      ; - org.eclipse.osgi.internal.framework.BundleContextImpl::dispatchEvent@206 (line 984)
  0x000001f657254adc: 07e9 1dd7 

  0x000001f657254ae0: ;   {metadata({method} {0x000001f60048d080} 'valueOf' '(Ljava/lang/Object;)Ljava/lang/String;' in 'java/lang/String')}
  0x000001f657254ae0: ffff 49ba | 78d0 4800 | f601 0000 | 4c89 5424 | 0848 c704 | 24ff ffff 

  0x000001f657254af8: ;   {runtime_call counter_overflow Runtime1 stub}
  0x000001f657254af8: ffe8 e2fc 

  0x000001f657254afc: ; ImmutableOopMap {rsi=Oop [128]=Oop [152]=Oop [176]=Oop [296]=Oop [304]=Oop [312]=Oop }
                      ;*synchronization entry
                      ; - java.lang.String::valueOf@-1 (line 4556)
                      ; - org.eclipse.osgi.internal.framework.BundleContextImpl::dispatchEvent@209 (line 984)
  0x000001f657254afc: 3b07 e9bd 

  0x000001f657254b00: ;   {runtime_call throw_null_pointer_exception Runtime1 stub}
  0x000001f657254b00: d7ff ffe8 

  0x000001f657254b04: ; ImmutableOopMap {rsi=Oop [128]=Oop [152]=Oop [176]=Oop [296]=Oop [304]=Oop [312]=Oop }
                      ;*invokevirtual toString {reexecute=0 rethrow=0 return_oop=0}
                      ; - java.lang.String::valueOf@11 (line 4556)
                      ; - org.eclipse.osgi.internal.framework.BundleContextImpl::dispatchEvent@209 (line 984)
  0x000001f657254b04: d890 3b07 

  0x000001f657254b08: ;   {metadata({method} {0x000001f600492b00} '<init>' '(Ljava/lang/String;)V' in 'java/lang/StringBuilder')}
  0x000001f657254b08: 49ba f82a | 4900 f601 | 0000 4c89 | 5424 0848 | c704 24ff 

  0x000001f657254b1c: ;   {runtime_call counter_overflow Runtime1 stub}
  0x000001f657254b1c: ffff ffe8 

  0x000001f657254b20: ; ImmutableOopMap {rsi=Oop rax=Oop [128]=Oop [152]=Oop [176]=Oop [296]=Oop [304]=Oop [312]=Oop }
                      ;*synchronization entry
                      ; - java.lang.StringBuilder::<init>@-1 (line 131)
                      ; - org.eclipse.osgi.internal.framework.BundleContextImpl::dispatchEvent@212 (line 984)
  0x000001f657254b20: bcfc 3b07 | e9dc d8ff 

  0x000001f657254b28: ;   {metadata({method} {0x000001f600492840} 'append' '(Ljava/lang/String;)Ljava/lang/StringBuilder;' in 'java/lang/StringBuilder')}
  0x000001f657254b28: ff49 ba38 | 2849 00f6 | 0100 004c | 8954 2408 | 48c7 0424 | ffff ffff 

  0x000001f657254b40: ;   {runtime_call counter_overflow Runtime1 stub}
  0x000001f657254b40: e89b fc3b 

  0x000001f657254b44: ; ImmutableOopMap {[128]=Oop [152]=Oop [176]=Oop [296]=Oop [304]=Oop [312]=Oop }
                      ;*synchronization entry
                      ; - java.lang.StringBuilder::append@-1 (line 179)
                      ; - org.eclipse.osgi.internal.framework.BundleContextImpl::dispatchEvent@218 (line 984)
  0x000001f657254b44: 07e9 2dd9 

  0x000001f657254b48: ;   {metadata({method} {0x000001f600470478} 'toHexString' '(I)Ljava/lang/String;' in 'java/lang/Integer')}
  0x000001f657254b48: ffff 49ba | 7004 4700 | f601 0000 | 4c89 5424 | 0848 c704 | 24ff ffff 

  0x000001f657254b60: ;   {runtime_call counter_overflow Runtime1 stub}
  0x000001f657254b60: ffe8 7afc 

  0x000001f657254b64: ; ImmutableOopMap {[128]=Oop [152]=Oop [176]=Oop [296]=Oop [304]=Oop [312]=Oop }
                      ;*synchronization entry
                      ; - java.lang.Integer::toHexString@-1 (line 287)
                      ; - org.eclipse.osgi.internal.framework.BundleContextImpl::dispatchEvent@226 (line 985)
  0x000001f657254b64: 3b07 e9af 

  0x000001f657254b68: ;   {metadata({method} {0x000001f600492840} 'append' '(Ljava/lang/String;)Ljava/lang/StringBuilder;' in 'java/lang/StringBuilder')}
  0x000001f657254b68: d9ff ff49 | ba38 2849 | 00f6 0100 | 004c 8954 | 2408 48c7 | 0424 ffff 

  0x000001f657254b80: ;   {runtime_call counter_overflow Runtime1 stub}
  0x000001f657254b80: ffff e859 

  0x000001f657254b84: ; ImmutableOopMap {rax=Oop [128]=Oop [152]=Oop [176]=Oop [296]=Oop [304]=Oop [312]=Oop }
                      ;*synchronization entry
                      ; - java.lang.StringBuilder::append@-1 (line 179)
                      ; - org.eclipse.osgi.internal.framework.BundleContextImpl::dispatchEvent@229 (line 985)
  0x000001f657254b84: fc3b 07e9 | fbd9 ffff 

  0x000001f657254b8c: ;   {metadata({method} {0x000001f60016ae60} 'toString' '()Ljava/lang/String;' in 'java/lang/StringBuilder')}
  0x000001f657254b8c: 49ba 58ae | 1600 f601 | 0000 4c89 | 5424 0848 | c704 24ff 

  0x000001f657254ba0: ;   {runtime_call counter_overflow Runtime1 stub}
  0x000001f657254ba0: ffff ffe8 

  0x000001f657254ba4: ; ImmutableOopMap {[128]=Oop [152]=Oop [176]=Oop [296]=Oop [304]=Oop [312]=Oop }
                      ;*synchronization entry
                      ; - java.lang.StringBuilder::toString@-1 (line 474)
                      ; - org.eclipse.osgi.internal.framework.BundleContextImpl::dispatchEvent@232 (line 984)
  0x000001f657254ba4: 38fc 3b07 | e950 daff 

  0x000001f657254bac: ;   {metadata({method} {0x000001f60016aeb8} 'length' '()I' in 'java/lang/StringBuilder')}
  0x000001f657254bac: ff49 bab0 | ae16 00f6 | 0100 004c | 8954 2408 | 48c7 0424 | ffff ffff 

  0x000001f657254bc4: ;   {runtime_call counter_overflow Runtime1 stub}
  0x000001f657254bc4: e817 fc3b 

  0x000001f657254bc8: ; ImmutableOopMap {[128]=Oop [152]=Oop [176]=Oop [296]=Oop [304]=Oop [312]=Oop }
                      ;*synchronization entry
                      ; - java.lang.StringBuilder::length@-1 (line 91)
                      ; - java.lang.StringBuilder::toString@1 (line 474)
                      ; - org.eclipse.osgi.internal.framework.BundleContextImpl::dispatchEvent@232 (line 984)
  0x000001f657254bc8: 07e9 70da | ffff 488b 

  0x000001f657254bd0: ;   {runtime_call fast_new_instance Runtime1 stub}
  0x000001f657254bd0: d2e8 0a99 

  0x000001f657254bd4: ; ImmutableOopMap {r8=Oop [128]=Oop [152]=Oop [176]=Oop [296]=Oop [304]=Oop [312]=Oop }
                      ;*new {reexecute=0 rethrow=0 return_oop=0}
                      ; - java.lang.StringBuilder::toString@10 (line 478)
                      ; - org.eclipse.osgi.internal.framework.BundleContextImpl::dispatchEvent@232 (line 984)
  0x000001f657254bd4: 3b07 e912 

  0x000001f657254bd8: ;   {metadata(nullptr)}
  0x000001f657254bd8: dbff ff48 | ba00 0000 | 0000 0000 | 00b8 000f 

  0x000001f657254be8: ;   {runtime_call load_klass_patching Runtime1 stub}
  0x000001f657254be8: 050a e871 

  0x000001f657254bec: ; ImmutableOopMap {r9=Oop [128]=Oop [152]=Oop [176]=Oop [304]=Oop [312]=Oop [336]=Oop }
                      ;*new {reexecute=1 rethrow=0 return_oop=0}
                      ; - (reexecute) org.eclipse.osgi.internal.framework.BundleContextImpl::dispatchEvent@244 (line 986)
  0x000001f657254bec: eb3b 07e9 | 4cdb ffff 

  0x000001f657254bf4: ;   {runtime_call fast_new_instance Runtime1 stub}
  0x000001f657254bf4: 488b d2e8 

  0x000001f657254bf8: ; ImmutableOopMap {r9=Oop [128]=Oop [152]=Oop [176]=Oop [304]=Oop [312]=Oop [336]=Oop }
                      ;*new {reexecute=0 rethrow=0 return_oop=0}
                      ; - org.eclipse.osgi.internal.framework.BundleContextImpl::dispatchEvent@244 (line 986)
  0x000001f657254bf8: e498 3b07 | e98f dbff 

  0x000001f657254c00: ;   {metadata({method} {0x000001f600492b00} '<init>' '(Ljava/lang/String;)V' in 'java/lang/StringBuilder')}
  0x000001f657254c00: ff49 baf8 | 2a49 00f6 | 0100 004c | 8954 2408 | 48c7 0424 | ffff ffff 

  0x000001f657254c18: ;   {runtime_call counter_overflow Runtime1 stub}
  0x000001f657254c18: e8c3 fb3b 

  0x000001f657254c1c: ; ImmutableOopMap {r9=Oop rax=Oop [128]=Oop [152]=Oop [176]=Oop [304]=Oop [312]=Oop [328]=Oop [336]=Oop }
                      ;*synchronization entry
                      ; - java.lang.StringBuilder::<init>@-1 (line 131)
                      ; - org.eclipse.osgi.internal.framework.BundleContextImpl::dispatchEvent@251 (line 986)
  0x000001f657254c1c: 07e9 b4db 

  0x000001f657254c20: ;   {metadata({method} {0x000001f600492898} 'append' '(Ljava/lang/Object;)Ljava/lang/StringBuilder;' in 'java/lang/StringBuilder')}
  0x000001f657254c20: ffff 49ba | 9028 4900 | f601 0000 | 4c89 5424 | 0848 c704 | 24ff ffff 

  0x000001f657254c38: ;   {runtime_call counter_overflow Runtime1 stub}
  0x000001f657254c38: ffe8 a2fb 

  0x000001f657254c3c: ; ImmutableOopMap {rdx=Oop rsi=Oop [128]=Oop [152]=Oop [176]=Oop [304]=Oop [312]=Oop [328]=Oop [336]=Oop [344]=Oop }
                      ;*synchronization entry
                      ; - java.lang.StringBuilder::append@-1 (line 173)
                      ; - org.eclipse.osgi.internal.framework.BundleContextImpl::dispatchEvent@258 (line 986)
  0x000001f657254c3c: 3b07 e91d 

  0x000001f657254c40: ;   {metadata({method} {0x000001f60048d080} 'valueOf' '(Ljava/lang/Object;)Ljava/lang/String;' in 'java/lang/String')}
  0x000001f657254c40: dcff ff49 | ba78 d048 | 00f6 0100 | 004c 8954 | 2408 48c7 | 0424 ffff 

  0x000001f657254c58: ;   {runtime_call counter_overflow Runtime1 stub}
  0x000001f657254c58: ffff e881 

  0x000001f657254c5c: ; ImmutableOopMap {rdx=Oop rsi=Oop [128]=Oop [152]=Oop [176]=Oop [304]=Oop [312]=Oop [328]=Oop [336]=Oop [344]=Oop }
                      ;*synchronization entry
                      ; - java.lang.String::valueOf@-1 (line 4556)
                      ; - java.lang.StringBuilder::append@2 (line 173)
                      ; - org.eclipse.osgi.internal.framework.BundleContextImpl::dispatchEvent@258 (line 986)
  0x000001f657254c5c: fb3b 07e9 | 35dc ffff 

  0x000001f657254c64: ;   {runtime_call throw_null_pointer_exception Runtime1 stub}
  0x000001f657254c64: e877 8f3b 

  0x000001f657254c68: ; ImmutableOopMap {rsi=Oop [128]=Oop [152]=Oop [176]=Oop [304]=Oop [312]=Oop [328]=Oop [336]=Oop [344]=Oop }
                      ;*invokevirtual toString {reexecute=0 rethrow=0 return_oop=0}
                      ; - java.lang.String::valueOf@11 (line 4556)
                      ; - java.lang.StringBuilder::append@2 (line 173)
                      ; - org.eclipse.osgi.internal.framework.BundleContextImpl::dispatchEvent@258 (line 986)
                      ;   {metadata({method} {0x000001f600492840} 'append' '(Ljava/lang/String;)Ljava/lang/StringBuilder;' in 'java/lang/StringBuilder')}
  0x000001f657254c68: 0749 ba38 | 2849 00f6 | 0100 004c | 8954 2408 | 48c7 0424 | ffff ffff 

  0x000001f657254c80: ;   {runtime_call counter_overflow Runtime1 stub}
  0x000001f657254c80: e85b fb3b 

  0x000001f657254c84: ; ImmutableOopMap {rsi=Oop [128]=Oop [152]=Oop [176]=Oop [304]=Oop [312]=Oop [328]=Oop [336]=Oop [344]=Oop }
                      ;*synchronization entry
                      ; - java.lang.StringBuilder::append@-1 (line 179)
                      ; - java.lang.StringBuilder::append@5 (line 173)
                      ; - org.eclipse.osgi.internal.framework.BundleContextImpl::dispatchEvent@258 (line 986)
  0x000001f657254c84: 07e9 48dd 

  0x000001f657254c88: ;   {metadata({method} {0x000001f600492840} 'append' '(Ljava/lang/String;)Ljava/lang/StringBuilder;' in 'java/lang/StringBuilder')}
  0x000001f657254c88: ffff 49ba | 3828 4900 | f601 0000 | 4c89 5424 | 0848 c704 | 24ff ffff 

  0x000001f657254ca0: ;   {runtime_call counter_overflow Runtime1 stub}
  0x000001f657254ca0: ffe8 3afb 

  0x000001f657254ca4: ; ImmutableOopMap {rax=Oop [128]=Oop [152]=Oop [176]=Oop [304]=Oop [312]=Oop [328]=Oop [336]=Oop [344]=Oop }
                      ;*synchronization entry
                      ; - java.lang.StringBuilder::append@-1 (line 179)
                      ; - org.eclipse.osgi.internal.framework.BundleContextImpl::dispatchEvent@264 (line 986)
  0x000001f657254ca4: 3b07 e99f 

  0x000001f657254ca8: ;   {metadata({method} {0x000001f600492840} 'append' '(Ljava/lang/String;)Ljava/lang/StringBuilder;' in 'java/lang/StringBuilder')}
  0x000001f657254ca8: ddff ff49 | ba38 2849 | 00f6 0100 | 004c 8954 | 2408 48c7 | 0424 ffff 

  0x000001f657254cc0: ;   {runtime_call counter_overflow Runtime1 stub}
  0x000001f657254cc0: ffff e819 

  0x000001f657254cc4: ; ImmutableOopMap {[128]=Oop [152]=Oop [176]=Oop [304]=Oop [312]=Oop [328]=Oop [336]=Oop [344]=Oop }
                      ;*synchronization entry
                      ; - java.lang.StringBuilder::append@-1 (line 179)
                      ; - org.eclipse.osgi.internal.framework.BundleContextImpl::dispatchEvent@269 (line 986)
  0x000001f657254cc4: fb3b 07e9 | f3dd ffff 

  0x000001f657254ccc: ;   {metadata({method} {0x000001f600492840} 'append' '(Ljava/lang/String;)Ljava/lang/StringBuilder;' in 'java/lang/StringBuilder')}
  0x000001f657254ccc: 49ba 3828 | 4900 f601 | 0000 4c89 | 5424 0848 | c704 24ff 

  0x000001f657254ce0: ;   {runtime_call counter_overflow Runtime1 stub}
  0x000001f657254ce0: ffff ffe8 

  0x000001f657254ce4: ; ImmutableOopMap {[128]=Oop [152]=Oop [176]=Oop [304]=Oop [312]=Oop [328]=Oop [344]=Oop }
                      ;*synchronization entry
                      ; - java.lang.StringBuilder::append@-1 (line 179)
                      ; - org.eclipse.osgi.internal.framework.BundleContextImpl::dispatchEvent@275 (line 986)
  0x000001f657254ce4: f8fa 3b07 | e952 deff 

  0x000001f657254cec: ;   {metadata({method} {0x000001f60016ae60} 'toString' '()Ljava/lang/String;' in 'java/lang/StringBuilder')}
  0x000001f657254cec: ff49 ba58 | ae16 00f6 | 0100 004c | 8954 2408 | 48c7 0424 | ffff ffff 

  0x000001f657254d04: ;   {runtime_call counter_overflow Runtime1 stub}
  0x000001f657254d04: e8d7 fa3b 

  0x000001f657254d08: ; ImmutableOopMap {[128]=Oop [152]=Oop [176]=Oop [304]=Oop [312]=Oop [328]=Oop [344]=Oop }
                      ;*synchronization entry
                      ; - java.lang.StringBuilder::toString@-1 (line 474)
                      ; - org.eclipse.osgi.internal.framework.BundleContextImpl::dispatchEvent@278 (line 986)
  0x000001f657254d08: 07e9 afde 

  0x000001f657254d0c: ;   {metadata({method} {0x000001f60016aeb8} 'length' '()I' in 'java/lang/StringBuilder')}
  0x000001f657254d0c: ffff 49ba | b0ae 1600 | f601 0000 | 4c89 5424 | 0848 c704 | 24ff ffff 

  0x000001f657254d24: ;   {runtime_call counter_overflow Runtime1 stub}
  0x000001f657254d24: ffe8 b6fa 

  0x000001f657254d28: ; ImmutableOopMap {[128]=Oop [152]=Oop [176]=Oop [304]=Oop [312]=Oop [328]=Oop [344]=Oop }
                      ;*synchronization entry
                      ; - java.lang.StringBuilder::length@-1 (line 91)
                      ; - java.lang.StringBuilder::toString@1 (line 474)
                      ; - org.eclipse.osgi.internal.framework.BundleContextImpl::dispatchEvent@278 (line 986)
  0x000001f657254d28: 3b07 e9cf | deff ff48 

  0x000001f657254d30: ;   {runtime_call fast_new_instance Runtime1 stub}
  0x000001f657254d30: 8bd2 e8a9 

  0x000001f657254d34: ; ImmutableOopMap {r8=Oop [128]=Oop [152]=Oop [176]=Oop [304]=Oop [312]=Oop [328]=Oop [344]=Oop }
                      ;*new {reexecute=0 rethrow=0 return_oop=0}
                      ; - java.lang.StringBuilder::toString@10 (line 478)
                      ; - org.eclipse.osgi.internal.framework.BundleContextImpl::dispatchEvent@278 (line 986)
  0x000001f657254d34: 973b 07e9 | 71df ffff 

  0x000001f657254d3c: ;   {runtime_call throw_null_pointer_exception Runtime1 stub}
  0x000001f657254d3c: e89f 8e3b 

  0x000001f657254d40: ; ImmutableOopMap {rsi=Oop r9=Oop [128]=Oop [152]=Oop [176]=Oop [304]=Oop [312]=Oop }
                      ;*invokevirtual trace {reexecute=0 rethrow=0 return_oop=0}
                      ; - org.eclipse.osgi.internal.framework.BundleContextImpl::dispatchEvent@281 (line 986)
                      ;   {metadata({method} {0x000001f6434cb398} 'trace' '(Ljava/lang/String;Ljava/lang/String;)V' in 'org/eclipse/osgi/internal/debug/Debug')}
  0x000001f657254d40: 0749 ba90 | b34c 43f6 | 0100 004c | 8954 2408 | 48c7 0424 | ffff ffff 

  0x000001f657254d58: ;   {runtime_call counter_overflow Runtime1 stub}
  0x000001f657254d58: e883 fa3b 

  0x000001f657254d5c: ; ImmutableOopMap {rsi=Oop r9=Oop [128]=Oop [152]=Oop [176]=Oop [304]=Oop [312]=Oop }
                      ;*synchronization entry
                      ; - org.eclipse.osgi.internal.debug.Debug::trace@-1 (line 221)
                      ; - org.eclipse.osgi.internal.framework.BundleContextImpl::dispatchEvent@281 (line 986)
  0x000001f657254d5c: 07e9 e4df 

  0x000001f657254d60: ;   {runtime_call throw_incompatible_class_change_error Runtime1 stub}
  0x000001f657254d60: ffff e879 

  0x000001f657254d64: ; ImmutableOopMap {rdx=Oop [128]=Oop [152]=Oop [176]=Oop [304]=Oop [312]=Oop [360]=Oop }
                      ;*invokeinterface getLogger {reexecute=0 rethrow=0 return_oop=0}
                      ; - org.eclipse.osgi.internal.debug.Debug::trace@11 (line 230)
                      ; - org.eclipse.osgi.internal.framework.BundleContextImpl::dispatchEvent@281 (line 986)
                      ;   {runtime_call throw_null_pointer_exception Runtime1 stub}
  0x000001f657254d64: cd3b 07e8 

  0x000001f657254d68: ; ImmutableOopMap {rdx=Oop [128]=Oop [152]=Oop [176]=Oop [304]=Oop [312]=Oop [360]=Oop }
                      ;*invokeinterface getLogger {reexecute=0 rethrow=0 return_oop=0}
                      ; - org.eclipse.osgi.internal.debug.Debug::trace@11 (line 230)
                      ; - org.eclipse.osgi.internal.framework.BundleContextImpl::dispatchEvent@281 (line 986)
  0x000001f657254d68: 748e 3b07 

  0x000001f657254d6c: ;   {metadata({method} {0x000001f6434f1300} 'getLogger' '(Ljava/lang/String;)Lorg/osgi/service/log/Logger;' in 'org/eclipse/osgi/internal/log/ExtendedLogServiceImpl')}
  0x000001f657254d6c: 49ba f812 | 4f43 f601 | 0000 4c89 | 5424 0848 | c704 24ff 

  0x000001f657254d80: ;   {runtime_call counter_overflow Runtime1 stub}
  0x000001f657254d80: ffff ffe8 

  0x000001f657254d84: ; ImmutableOopMap {rdx=Oop [128]=Oop [152]=Oop [176]=Oop [304]=Oop [312]=Oop [360]=Oop }
                      ;*synchronization entry
                      ; - org.eclipse.osgi.internal.log.ExtendedLogServiceImpl::getLogger@-1 (line 1)
                      ; - org.eclipse.osgi.internal.debug.Debug::trace@11 (line 230)
                      ; - org.eclipse.osgi.internal.framework.BundleContextImpl::dispatchEvent@281 (line 986)
  0x000001f657254d84: 58fa 3b07 | e97c e0ff 

  0x000001f657254d8c: ;   {metadata({method} {0x000001f6434eeb88} 'getLogger' '(Ljava/lang/String;)Lorg/eclipse/equinox/log/Logger;' in 'org/eclipse/osgi/internal/log/ExtendedLogServiceImpl')}
  0x000001f657254d8c: ff49 ba80 | eb4e 43f6 | 0100 004c | 8954 2408 | 48c7 0424 | ffff ffff 

  0x000001f657254da4: ;   {runtime_call counter_overflow Runtime1 stub}
  0x000001f657254da4: e837 fa3b 

  0x000001f657254da8: ; ImmutableOopMap {rdx=Oop [128]=Oop [152]=Oop [176]=Oop [304]=Oop [312]=Oop [360]=Oop }
                      ;*synchronization entry
                      ; - org.eclipse.osgi.internal.log.ExtendedLogServiceImpl::getLogger@-1 (line 73)
                      ; - org.eclipse.osgi.internal.log.ExtendedLogServiceImpl::getLogger@2 (line 1)
                      ; - org.eclipse.osgi.internal.debug.Debug::trace@11 (line 230)
                      ; - org.eclipse.osgi.internal.framework.BundleContextImpl::dispatchEvent@281 (line 986)
  0x000001f657254da8: 07e9 ade0 | ffff 4889 

  0x000001f657254db0: ;   {runtime_call throw_class_cast_exception Runtime1 stub}
  0x000001f657254db0: 0424 e829 

  0x000001f657254db4: ; ImmutableOopMap {[128]=Oop [152]=Oop [176]=Oop [304]=Oop [312]=Oop [360]=Oop }
                      ;*checkcast {reexecute=0 rethrow=0 return_oop=0}
                      ; - org.eclipse.osgi.internal.log.ExtendedLogServiceImpl::getLogger@7 (line 73)
                      ; - org.eclipse.osgi.internal.log.ExtendedLogServiceImpl::getLogger@2 (line 1)
                      ; - org.eclipse.osgi.internal.debug.Debug::trace@11 (line 230)
                      ; - org.eclipse.osgi.internal.framework.BundleContextImpl::dispatchEvent@281 (line 986)
                      ;   {runtime_call throw_null_pointer_exception Runtime1 stub}
  0x000001f657254db4: ca3b 07e8 

  0x000001f657254db8: ; ImmutableOopMap {rdx=Oop [128]=Oop [152]=Oop [176]=Oop [304]=Oop [312]=Oop [360]=Oop }
                      ;*invokeinterface trace {reexecute=0 rethrow=0 return_oop=0}
                      ; - org.eclipse.osgi.internal.debug.Debug::trace@17 (line 230)
                      ; - org.eclipse.osgi.internal.framework.BundleContextImpl::dispatchEvent@281 (line 986)
  0x000001f657254db8: 248e 3b07 

  0x000001f657254dbc: ;   {runtime_call throw_null_pointer_exception Runtime1 stub}
  0x000001f657254dbc: e81f 8e3b 

  0x000001f657254dc0: ; ImmutableOopMap {rsi=Oop rdx=Oop [128]=Oop [152]=Oop [176]=Oop [304]=Oop [312]=Oop }
                      ;*invokevirtual println {reexecute=0 rethrow=0 return_oop=0}
                      ; - org.eclipse.osgi.internal.debug.Debug::trace@29 (line 232)
                      ; - org.eclipse.osgi.internal.framework.BundleContextImpl::dispatchEvent@281 (line 986)
                      ;   {runtime_call throw_null_pointer_exception Runtime1 stub}
  0x000001f657254dc0: 07e8 1a8e 

  0x000001f657254dc4: ; ImmutableOopMap {rdx=Oop rbx=Oop [128]=Oop [152]=Oop [176]=Oop }
                      ;*invokeinterface serviceChanged {reexecute=0 rethrow=0 return_oop=0}
                      ; - org.eclipse.osgi.internal.framework.BundleContextImpl::dispatchEvent@288 (line 988)
  0x000001f657254dc4: 3b07 4889 

  0x000001f657254dc8: ;   {runtime_call throw_class_cast_exception Runtime1 stub}
  0x000001f657254dc8: 0424 e811 

  0x000001f657254dcc: ; ImmutableOopMap {}
                      ;*checkcast {reexecute=0 rethrow=0 return_oop=0}
                      ; - org.eclipse.osgi.internal.framework.BundleContextImpl::dispatchEvent@570 (line 1027)
                      ;   {runtime_call throw_null_pointer_exception Runtime1 stub}
  0x000001f657254dcc: ca3b 07e8 

  0x000001f657254dd0: ; ImmutableOopMap {r8=Oop rdx=Oop }
                      ;*invokevirtual setContextClassLoader {reexecute=0 rethrow=0 return_oop=0}
                      ; - org.eclipse.osgi.internal.framework.BundleContextImpl::dispatchEvent@573 (line 1027)
  0x000001f657254dd0: 0c8e 3b07 

  0x000001f657254dd4: ;   {internal_word}
  0x000001f657254dd4: 49ba 5c33 | 2557 f601 | 0000 4d89 | 9760 0400 

  0x000001f657254de4: ;   {runtime_call SafepointBlob}
  0x000001f657254de4: 00e9 f6fc 

  0x000001f657254de8: ;   {metadata(nullptr)}
  0x000001f657254de8: 3007 48ba | 0000 0000 | 0000 0000 | b800 0f05 

  0x000001f657254df8: ;   {runtime_call load_klass_patching Runtime1 stub}
  0x000001f657254df8: 0ae8 62e9 

  0x000001f657254dfc: ; ImmutableOopMap {[128]=Oop [152]=Oop [176]=Oop }
                      ;*new {reexecute=1 rethrow=0 return_oop=0}
                      ; - (reexecute) org.eclipse.osgi.internal.framework.BundleContextImpl::dispatchEvent@414 (line 1006)
  0x000001f657254dfc: 3b07 e96d | e5ff ff48 

  0x000001f657254e04: ;   {runtime_call fast_new_instance Runtime1 stub}
  0x000001f657254e04: 8bd2 e8d5 

  0x000001f657254e08: ; ImmutableOopMap {[128]=Oop [152]=Oop [176]=Oop }
                      ;*new {reexecute=0 rethrow=0 return_oop=0}
                      ; - org.eclipse.osgi.internal.framework.BundleContextImpl::dispatchEvent@414 (line 1006)
  0x000001f657254e08: 963b 07e9 | b8e5 ffff 

  0x000001f657254e10: ;   {runtime_call throw_null_pointer_exception Runtime1 stub}
  0x000001f657254e10: e8cb 8d3b 

  0x000001f657254e14: ; ImmutableOopMap {rdx=Oop rax=Oop rbx=Oop [128]=Oop [152]=Oop [176]=Oop }
                      ;*getfield DEBUG_EVENTS {reexecute=1 rethrow=0 return_oop=0}
                      ; - (reexecute) org.eclipse.osgi.internal.framework.BundleContextImpl::dispatchEvent@428 (line 1011)
                      ;   {metadata(nullptr)}
  0x000001f657254e14: 0748 ba00 | 0000 0000 | 0000 00b8 | 000f 050a 

  0x000001f657254e24: ;   {runtime_call load_klass_patching Runtime1 stub}
  0x000001f657254e24: e837 e93b 

  0x000001f657254e28: ; ImmutableOopMap {[128]=Oop [152]=Oop [176]=Oop [376]=Oop [392]=Oop }
                      ;*new {reexecute=1 rethrow=0 return_oop=0}
                      ; - (reexecute) org.eclipse.osgi.internal.framework.BundleContextImpl::dispatchEvent@441 (line 1012)
  0x000001f657254e28: 07e9 5ae6 | ffff 488b 

  0x000001f657254e30: ;   {runtime_call fast_new_instance Runtime1 stub}
  0x000001f657254e30: d2e8 aa96 

  0x000001f657254e34: ; ImmutableOopMap {[128]=Oop [152]=Oop [176]=Oop [376]=Oop [392]=Oop }
                      ;*new {reexecute=0 rethrow=0 return_oop=0}
                      ; - org.eclipse.osgi.internal.framework.BundleContextImpl::dispatchEvent@441 (line 1012)
  0x000001f657254e34: 3b07 e99d 

  0x000001f657254e38: ;   {metadata({method} {0x000001f600492b00} '<init>' '(Ljava/lang/String;)V' in 'java/lang/StringBuilder')}
  0x000001f657254e38: e6ff ff49 | baf8 2a49 | 00f6 0100 | 004c 8954 | 2408 48c7 | 0424 ffff 

  0x000001f657254e50: ;   {runtime_call counter_overflow Runtime1 stub}
  0x000001f657254e50: ffff e889 

  0x000001f657254e54: ; ImmutableOopMap {rax=Oop [128]=Oop [152]=Oop [176]=Oop [376]=Oop [392]=Oop }
                      ;*synchronization entry
                      ; - java.lang.StringBuilder::<init>@-1 (line 131)
                      ; - org.eclipse.osgi.internal.framework.BundleContextImpl::dispatchEvent@448 (line 1012)
  0x000001f657254e54: f93b 07e9 | bae6 ffff 

  0x000001f657254e5c: ;   {metadata({method} {0x000001f600492840} 'append' '(Ljava/lang/String;)Ljava/lang/StringBuilder;' in 'java/lang/StringBuilder')}
  0x000001f657254e5c: 49ba 3828 | 4900 f601 | 0000 4c89 | 5424 0848 | c704 24ff 

  0x000001f657254e70: ;   {runtime_call counter_overflow Runtime1 stub}
  0x000001f657254e70: ffff ffe8 

  0x000001f657254e74: ; ImmutableOopMap {rax=Oop [128]=Oop [152]=Oop [176]=Oop [376]=Oop [384]=Oop [392]=Oop }
                      ;*synchronization entry
                      ; - java.lang.StringBuilder::append@-1 (line 179)
                      ; - org.eclipse.osgi.internal.framework.BundleContextImpl::dispatchEvent@456 (line 1012)
  0x000001f657254e74: 68f9 3b07 | e9d2 e7ff 

  0x000001f657254e7c: ;   {metadata({method} {0x000001f60016ae60} 'toString' '()Ljava/lang/String;' in 'java/lang/StringBuilder')}
  0x000001f657254e7c: ff49 ba58 | ae16 00f6 | 0100 004c | 8954 2408 | 48c7 0424 | ffff ffff 

  0x000001f657254e94: ;   {runtime_call counter_overflow Runtime1 stub}
  0x000001f657254e94: e847 f93b 

  0x000001f657254e98: ; ImmutableOopMap {[128]=Oop [152]=Oop [176]=Oop [376]=Oop [384]=Oop [392]=Oop }
                      ;*synchronization entry
                      ; - java.lang.StringBuilder::toString@-1 (line 474)
                      ; - org.eclipse.osgi.internal.framework.BundleContextImpl::dispatchEvent@459 (line 1012)
  0x000001f657254e98: 07e9 27e8 

  0x000001f657254e9c: ;   {metadata({method} {0x000001f60016aeb8} 'length' '()I' in 'java/lang/StringBuilder')}
  0x000001f657254e9c: ffff 49ba | b0ae 1600 | f601 0000 | 4c89 5424 | 0848 c704 | 24ff ffff 

  0x000001f657254eb4: ;   {runtime_call counter_overflow Runtime1 stub}
  0x000001f657254eb4: ffe8 26f9 

  0x000001f657254eb8: ; ImmutableOopMap {[128]=Oop [152]=Oop [176]=Oop [376]=Oop [384]=Oop [392]=Oop }
                      ;*synchronization entry
                      ; - java.lang.StringBuilder::length@-1 (line 91)
                      ; - java.lang.StringBuilder::toString@1 (line 474)
                      ; - org.eclipse.osgi.internal.framework.BundleContextImpl::dispatchEvent@459 (line 1012)
  0x000001f657254eb8: 3b07 e947 | e8ff ff48 

  0x000001f657254ec0: ;   {runtime_call fast_new_instance Runtime1 stub}
  0x000001f657254ec0: 8bd2 e819 

  0x000001f657254ec4: ; ImmutableOopMap {r8=Oop [128]=Oop [152]=Oop [176]=Oop [376]=Oop [392]=Oop }
                      ;*new {reexecute=0 rethrow=0 return_oop=0}
                      ; - java.lang.StringBuilder::toString@10 (line 478)
                      ; - org.eclipse.osgi.internal.framework.BundleContextImpl::dispatchEvent@459 (line 1012)
  0x000001f657254ec4: 963b 07e9 | e9e8 ffff 

  0x000001f657254ecc: ;   {metadata({method} {0x000001f6434cb398} 'trace' '(Ljava/lang/String;Ljava/lang/String;)V' in 'org/eclipse/osgi/internal/debug/Debug')}
  0x000001f657254ecc: 49ba 90b3 | 4c43 f601 | 0000 4c89 | 5424 0848 | c704 24ff 

  0x000001f657254ee0: ;   {runtime_call counter_overflow Runtime1 stub}
  0x000001f657254ee0: ffff ffe8 

  0x000001f657254ee4: ; ImmutableOopMap {rsi=Oop rbx=Oop [128]=Oop [152]=Oop [176]=Oop [376]=Oop }
                      ;*synchronization entry
                      ; - org.eclipse.osgi.internal.debug.Debug::trace@-1 (line 221)
                      ; - org.eclipse.osgi.internal.framework.BundleContextImpl::dispatchEvent@462 (line 1012)
  0x000001f657254ee4: f8f8 3b07 | e961 e9ff 

  0x000001f657254eec: ;   {runtime_call throw_incompatible_class_change_error Runtime1 stub}
  0x000001f657254eec: ffe8 eecb 

  0x000001f657254ef0: ; ImmutableOopMap {rdx=Oop [128]=Oop [152]=Oop [176]=Oop [376]=Oop [408]=Oop }
                      ;*invokeinterface getLogger {reexecute=0 rethrow=0 return_oop=0}
                      ; - org.eclipse.osgi.internal.debug.Debug::trace@11 (line 230)
                      ; - org.eclipse.osgi.internal.framework.BundleContextImpl::dispatchEvent@462 (line 1012)
                      ;   {runtime_call throw_null_pointer_exception Runtime1 stub}
  0x000001f657254ef0: 3b07 e8e9 

  0x000001f657254ef4: ; ImmutableOopMap {rdx=Oop [128]=Oop [152]=Oop [176]=Oop [376]=Oop [408]=Oop }
                      ;*invokeinterface getLogger {reexecute=0 rethrow=0 return_oop=0}
                      ; - org.eclipse.osgi.internal.debug.Debug::trace@11 (line 230)
                      ; - org.eclipse.osgi.internal.framework.BundleContextImpl::dispatchEvent@462 (line 1012)
                      ;   {metadata({method} {0x000001f6434f1300} 'getLogger' '(Ljava/lang/String;)Lorg/osgi/service/log/Logger;' in 'org/eclipse/osgi/internal/log/ExtendedLogServiceImpl')}
  0x000001f657254ef4: 8c3b 0749 | baf8 124f | 43f6 0100 | 004c 8954 | 2408 48c7 | 0424 ffff 

  0x000001f657254f0c: ;   {runtime_call counter_overflow Runtime1 stub}
  0x000001f657254f0c: ffff e8cd 

  0x000001f657254f10: ; ImmutableOopMap {rdx=Oop [128]=Oop [152]=Oop [176]=Oop [376]=Oop [408]=Oop }
                      ;*synchronization entry
                      ; - org.eclipse.osgi.internal.log.ExtendedLogServiceImpl::getLogger@-1 (line 1)
                      ; - org.eclipse.osgi.internal.debug.Debug::trace@11 (line 230)
                      ; - org.eclipse.osgi.internal.framework.BundleContextImpl::dispatchEvent@462 (line 1012)
  0x000001f657254f10: f83b 07e9 | f8e9 ffff 

  0x000001f657254f18: ;   {metadata({method} {0x000001f6434eeb88} 'getLogger' '(Ljava/lang/String;)Lorg/eclipse/equinox/log/Logger;' in 'org/eclipse/osgi/internal/log/ExtendedLogServiceImpl')}
  0x000001f657254f18: 49ba 80eb | 4e43 f601 | 0000 4c89 | 5424 0848 | c704 24ff 

  0x000001f657254f2c: ;   {runtime_call counter_overflow Runtime1 stub}
  0x000001f657254f2c: ffff ffe8 

  0x000001f657254f30: ; ImmutableOopMap {rdx=Oop [128]=Oop [152]=Oop [176]=Oop [376]=Oop [408]=Oop }
                      ;*synchronization entry
                      ; - org.eclipse.osgi.internal.log.ExtendedLogServiceImpl::getLogger@-1 (line 73)
                      ; - org.eclipse.osgi.internal.log.ExtendedLogServiceImpl::getLogger@2 (line 1)
                      ; - org.eclipse.osgi.internal.debug.Debug::trace@11 (line 230)
                      ; - org.eclipse.osgi.internal.framework.BundleContextImpl::dispatchEvent@462 (line 1012)
  0x000001f657254f30: acf8 3b07 | e929 eaff | ff48 8904 

  0x000001f657254f3c: ;   {runtime_call throw_class_cast_exception Runtime1 stub}
  0x000001f657254f3c: 24e8 9ec8 

  0x000001f657254f40: ; ImmutableOopMap {[128]=Oop [152]=Oop [176]=Oop [376]=Oop [408]=Oop }
                      ;*checkcast {reexecute=0 rethrow=0 return_oop=0}
                      ; - org.eclipse.osgi.internal.log.ExtendedLogServiceImpl::getLogger@7 (line 73)
                      ; - org.eclipse.osgi.internal.log.ExtendedLogServiceImpl::getLogger@2 (line 1)
                      ; - org.eclipse.osgi.internal.debug.Debug::trace@11 (line 230)
                      ; - org.eclipse.osgi.internal.framework.BundleContextImpl::dispatchEvent@462 (line 1012)
                      ;   {runtime_call throw_null_pointer_exception Runtime1 stub}
  0x000001f657254f40: 3b07 e899 

  0x000001f657254f44: ; ImmutableOopMap {rdx=Oop [128]=Oop [152]=Oop [176]=Oop [376]=Oop [408]=Oop }
                      ;*invokeinterface trace {reexecute=0 rethrow=0 return_oop=0}
                      ; - org.eclipse.osgi.internal.debug.Debug::trace@17 (line 230)
                      ; - org.eclipse.osgi.internal.framework.BundleContextImpl::dispatchEvent@462 (line 1012)
                      ;   {runtime_call throw_null_pointer_exception Runtime1 stub}
  0x000001f657254f44: 8c3b 07e8 

  0x000001f657254f48: ; ImmutableOopMap {rsi=Oop rdx=Oop [128]=Oop [152]=Oop [176]=Oop [376]=Oop }
                      ;*invokevirtual println {reexecute=0 rethrow=0 return_oop=0}
                      ; - org.eclipse.osgi.internal.debug.Debug::trace@29 (line 232)
                      ; - org.eclipse.osgi.internal.framework.BundleContextImpl::dispatchEvent@462 (line 1012)
  0x000001f657254f48: 948c 3b07 

  0x000001f657254f4c: ;   {runtime_call throw_null_pointer_exception Runtime1 stub}
  0x000001f657254f4c: e88f 8c3b 

  0x000001f657254f50: ; ImmutableOopMap {rdx=Oop rsi=Oop [128]=Oop [152]=Oop [176]=Oop [376]=Oop }
                      ;*invokevirtual traceThrowable {reexecute=0 rethrow=0 return_oop=0}
                      ; - org.eclipse.osgi.internal.framework.BundleContextImpl::dispatchEvent@474 (line 1016)
  0x000001f657254f50: 0748 8934 

  0x000001f657254f54: ;   {runtime_call throw_class_cast_exception Runtime1 stub}
  0x000001f657254f54: 24e8 86c8 

  0x000001f657254f58: ; ImmutableOopMap {[128]=Oop [176]=Oop [376]=Oop }
                      ;*checkcast {reexecute=0 rethrow=0 return_oop=0}
                      ; - org.eclipse.osgi.internal.framework.BundleContextImpl::dispatchEvent@484 (line 1020)
                      ;   {runtime_call throw_null_pointer_exception Runtime1 stub}
  0x000001f657254f58: 3b07 e881 

  0x000001f657254f5c: ; ImmutableOopMap {rax=Oop [128]=Oop [176]=Oop [376]=Oop }
                      ;*invokevirtual getType {reexecute=0 rethrow=0 return_oop=0}
                      ; - org.eclipse.osgi.internal.framework.BundleContextImpl::dispatchEvent@487 (line 1020)
                      ;   {runtime_call throw_null_pointer_exception Runtime1 stub}
  0x000001f657254f5c: 8c3b 07e8 

  0x000001f657254f60: ; ImmutableOopMap {rsi=Oop r8=Oop [128]=Oop [176]=Oop [376]=Oop }
                      ;*invokevirtual getEventPublisher {reexecute=0 rethrow=0 return_oop=0}
                      ; - org.eclipse.osgi.internal.framework.BundleContextImpl::dispatchEvent@498 (line 1023)
  0x000001f657254f60: 7c8c 3b07 

  0x000001f657254f64: ;   {metadata({method} {0x000001f64348e140} 'getEventPublisher' '()Lorg/eclipse/osgi/internal/framework/EquinoxEventPublisher;' in 'org/eclipse/osgi/internal/framework/EquinoxContainer')}
  0x000001f657254f64: 49ba 38e1 | 4843 f601 | 0000 4c89 | 5424 0848 | c704 24ff 

  0x000001f657254f78: ;   {runtime_call counter_overflow Runtime1 stub}
  0x000001f657254f78: ffff ffe8 

  0x000001f657254f7c: ; ImmutableOopMap {rsi=Oop r8=Oop [128]=Oop [176]=Oop [376]=Oop }
                      ;*synchronization entry
                      ; - org.eclipse.osgi.internal.framework.EquinoxContainer::getEventPublisher@-1 (line 276)
                      ; - org.eclipse.osgi.internal.framework.BundleContextImpl::dispatchEvent@498 (line 1023)
  0x000001f657254f7c: 60f8 3b07 | e943 eeff 

  0x000001f657254f84: ;   {runtime_call throw_null_pointer_exception Runtime1 stub}
  0x000001f657254f84: ffe8 568c 

  0x000001f657254f88: ; ImmutableOopMap {rsi=Oop r8=Oop r9=Oop [128]=Oop [176]=Oop [376]=Oop }
                      ;*monitorenter {reexecute=0 rethrow=0 return_oop=0}
                      ; - org.eclipse.osgi.internal.framework.EquinoxContainer::getEventPublisher@6 (line 276)
                      ; - org.eclipse.osgi.internal.framework.BundleContextImpl::dispatchEvent@498 (line 1023)
  0x000001f657254f88: 3b07 4c89 | 4c24 0848 

  0x000001f657254f90: ;   {runtime_call monitorenter_nofpu Runtime1 stub}
  0x000001f657254f90: 893c 24e8 

  0x000001f657254f94: ; ImmutableOopMap {rsi=Oop r8=Oop r9=Oop [128]=Oop [176]=Oop [376]=Oop [432]=Oop }
                      ;*monitorenter {reexecute=0 rethrow=0 return_oop=0}
                      ; - org.eclipse.osgi.internal.framework.EquinoxContainer::getEventPublisher@6 (line 276)
                      ; - org.eclipse.osgi.internal.framework.BundleContextImpl::dispatchEvent@498 (line 1023)
  0x000001f657254f94: 48d4 3b07 | e996 eeff | ff48 8d84 | 24a8 0100 | 0048 8904 

  0x000001f657254fa8: ;   {runtime_call monitorexit_nofpu Runtime1 stub}
  0x000001f657254fa8: 24e8 32dd | 3b07 e9e6 

  0x000001f657254fb0: ;   {runtime_call throw_null_pointer_exception Runtime1 stub}
  0x000001f657254fb0: eeff ffe8 

  0x000001f657254fb4: ; ImmutableOopMap {rdx=Oop r9=Oop [176]=Oop [376]=Oop }
                      ;*invokevirtual publishFrameworkEvent {reexecute=0 rethrow=0 return_oop=0}
                      ; - org.eclipse.osgi.internal.framework.BundleContextImpl::dispatchEvent@508 (line 1023)
  0x000001f657254fb4: 288c 3b07 | 4889 3c24 

  0x000001f657254fbc: ;   {runtime_call throw_class_cast_exception Runtime1 stub}
  0x000001f657254fbc: e81f c83b 

  0x000001f657254fc0: ; ImmutableOopMap {}
                      ;*checkcast {reexecute=0 rethrow=0 return_oop=0}
                      ; - org.eclipse.osgi.internal.framework.BundleContextImpl::dispatchEvent@524 (line 1027)
                      ;   {runtime_call throw_null_pointer_exception Runtime1 stub}
  0x000001f657254fc0: 07e8 1a8c 

  0x000001f657254fc4: ; ImmutableOopMap {r8=Oop rdx=Oop }
                      ;*invokevirtual setContextClassLoader {reexecute=0 rethrow=0 return_oop=0}
                      ; - org.eclipse.osgi.internal.framework.BundleContextImpl::dispatchEvent@527 (line 1027)
                      ;   {internal_word}
  0x000001f657254fc4: 3b07 49ba | d440 2557 | f601 0000 | 4d89 9760 

  0x000001f657254fd4: ;   {runtime_call SafepointBlob}
  0x000001f657254fd4: 0400 00e9 | 04fb 3007 | 488d 8424 | a801 0000 | 4889 0424 

  0x000001f657254fe8: ;   {runtime_call monitorexit_nofpu Runtime1 stub}
  0x000001f657254fe8: e8f3 dc3b | 07e9 80f1 | ffff 4889 

  0x000001f657254ff4: ;   {runtime_call throw_class_cast_exception Runtime1 stub}
  0x000001f657254ff4: 3c24 e8e5 

  0x000001f657254ff8: ; ImmutableOopMap {[416]=Oop }
                      ;*checkcast {reexecute=0 rethrow=0 return_oop=0}
                      ; - org.eclipse.osgi.internal.framework.BundleContextImpl::dispatchEvent@548 (line 1027)
                      ;   {runtime_call throw_null_pointer_exception Runtime1 stub}
  0x000001f657254ff8: c73b 07e8 

  0x000001f657254ffc: ; ImmutableOopMap {r8=Oop rdx=Oop [416]=Oop }
                      ;*invokevirtual setContextClassLoader {reexecute=0 rethrow=0 return_oop=0}
                      ; - org.eclipse.osgi.internal.framework.BundleContextImpl::dispatchEvent@551 (line 1027)
  0x000001f657254ffc: e08b 3b07 | 498b 8700 | 0500 0049 | c787 0005 | 0000 0000 | 0000 49c7 | 8708 0500 | 0000 0000 
  0x000001f65725501c: 0048 81c4 | c001 0000 

  0x000001f657255024: ;   {runtime_call unwind_exception Runtime1 stub}
  0x000001f657255024: 5de9 b67c | 3b07 f4f4 | f4f4 f4f4 
[Stub Code]
  0x000001f657255030: ;   {no_reloc}
  0x000001f657255030: 0f1f 4400 

  0x000001f657255034: ;   {static_stub}
  0x000001f657255034: 0048 bb00 | 0000 0000 

  0x000001f65725503c: ;   {runtime_call nmethod}
  0x000001f65725503c: 0000 00e9 | fbff ffff 

  0x000001f657255044: ;   {static_stub}
  0x000001f657255044: 9048 bb00 | 0000 0000 

  0x000001f65725504c: ;   {runtime_call nmethod}
  0x000001f65725504c: 0000 00e9 | fbff ffff 

  0x000001f657255054: ;   {static_stub}
  0x000001f657255054: 9048 bb00 | 0000 0000 

  0x000001f65725505c: ;   {runtime_call nmethod}
  0x000001f65725505c: 0000 00e9 | fbff ffff 

  0x000001f657255064: ;   {static_stub}
  0x000001f657255064: 9048 bb00 | 0000 0000 

  0x000001f65725506c: ;   {runtime_call nmethod}
  0x000001f65725506c: 0000 00e9 | fbff ffff 

  0x000001f657255074: ;   {static_stub}
  0x000001f657255074: 9048 bb00 | 0000 0000 

  0x000001f65725507c: ;   {runtime_call nmethod}
  0x000001f65725507c: 0000 00e9 | fbff ffff 

  0x000001f657255084: ;   {static_stub}
  0x000001f657255084: 9048 bb00 | 0000 0000 

  0x000001f65725508c: ;   {runtime_call nmethod}
  0x000001f65725508c: 0000 00e9 | fbff ffff 

  0x000001f657255094: ;   {static_stub}
  0x000001f657255094: 9048 bb00 | 0000 0000 

  0x000001f65725509c: ;   {runtime_call nmethod}
  0x000001f65725509c: 0000 00e9 | fbff ffff 

  0x000001f6572550a4: ;   {static_stub}
  0x000001f6572550a4: 9048 bb00 | 0000 0000 

  0x000001f6572550ac: ;   {runtime_call nmethod}
  0x000001f6572550ac: 0000 00e9 | fbff ffff 

  0x000001f6572550b4: ;   {static_stub}
  0x000001f6572550b4: 9048 bb00 | 0000 0000 

  0x000001f6572550bc: ;   {runtime_call nmethod}
  0x000001f6572550bc: 0000 00e9 | fbff ffff 

  0x000001f6572550c4: ;   {static_stub}
  0x000001f6572550c4: 9048 bb00 | 0000 0000 

  0x000001f6572550cc: ;   {runtime_call nmethod}
  0x000001f6572550cc: 0000 00e9 | fbff ffff 

  0x000001f6572550d4: ;   {static_stub}
  0x000001f6572550d4: 9048 bb00 | 0000 0000 

  0x000001f6572550dc: ;   {runtime_call nmethod}
  0x000001f6572550dc: 0000 00e9 | fbff ffff 

  0x000001f6572550e4: ;   {static_stub}
  0x000001f6572550e4: 9048 bb00 | 0000 0000 

  0x000001f6572550ec: ;   {runtime_call nmethod}
  0x000001f6572550ec: 0000 00e9 | fbff ffff 

  0x000001f6572550f4: ;   {static_stub}
  0x000001f6572550f4: 9048 bb00 | 0000 0000 

  0x000001f6572550fc: ;   {runtime_call nmethod}
  0x000001f6572550fc: 0000 00e9 | fbff ffff 

  0x000001f657255104: ;   {static_stub}
  0x000001f657255104: 9048 bb00 | 0000 0000 

  0x000001f65725510c: ;   {runtime_call nmethod}
  0x000001f65725510c: 0000 00e9 | fbff ffff 

  0x000001f657255114: ;   {static_stub}
  0x000001f657255114: 9048 bb00 | 0000 0000 

  0x000001f65725511c: ;   {runtime_call nmethod}
  0x000001f65725511c: 0000 00e9 | fbff ffff 

  0x000001f657255124: ;   {static_stub}
  0x000001f657255124: 9048 bb00 | 0000 0000 

  0x000001f65725512c: ;   {runtime_call nmethod}
  0x000001f65725512c: 0000 00e9 | fbff ffff 

  0x000001f657255134: ;   {static_stub}
  0x000001f657255134: 9048 bb00 | 0000 0000 

  0x000001f65725513c: ;   {runtime_call nmethod}
  0x000001f65725513c: 0000 00e9 | fbff ffff 

  0x000001f657255144: ;   {static_stub}
  0x000001f657255144: 9048 bb00 | 0000 0000 

  0x000001f65725514c: ;   {runtime_call nmethod}
  0x000001f65725514c: 0000 00e9 | fbff ffff 

  0x000001f657255154: ;   {static_stub}
  0x000001f657255154: 9048 bb00 | 0000 0000 

  0x000001f65725515c: ;   {runtime_call nmethod}
  0x000001f65725515c: 0000 00e9 | fbff ffff 

  0x000001f657255164: ;   {static_stub}
  0x000001f657255164: 9048 bb00 | 0000 0000 

  0x000001f65725516c: ;   {runtime_call nmethod}
  0x000001f65725516c: 0000 00e9 | fbff ffff 

  0x000001f657255174: ;   {static_stub}
  0x000001f657255174: 9048 bb00 | 0000 0000 

  0x000001f65725517c: ;   {runtime_call nmethod}
  0x000001f65725517c: 0000 00e9 | fbff ffff 

  0x000001f657255184: ;   {static_stub}
  0x000001f657255184: 9048 bb00 | 0000 0000 

  0x000001f65725518c: ;   {runtime_call nmethod}
  0x000001f65725518c: 0000 00e9 | fbff ffff 

  0x000001f657255194: ;   {static_stub}
  0x000001f657255194: 9048 bb00 | 0000 0000 

  0x000001f65725519c: ;   {runtime_call nmethod}
  0x000001f65725519c: 0000 00e9 | fbff ffff 

  0x000001f6572551a4: ;   {static_stub}
  0x000001f6572551a4: 9048 bb00 | 0000 0000 

  0x000001f6572551ac: ;   {runtime_call nmethod}
  0x000001f6572551ac: 0000 00e9 | fbff ffff 

  0x000001f6572551b4: ;   {static_stub}
  0x000001f6572551b4: 9048 bb00 | 0000 0000 

  0x000001f6572551bc: ;   {runtime_call nmethod}
  0x000001f6572551bc: 0000 00e9 | fbff ffff 

  0x000001f6572551c4: ;   {static_stub}
  0x000001f6572551c4: 9048 bb00 | 0000 0000 

  0x000001f6572551cc: ;   {runtime_call nmethod}
  0x000001f6572551cc: 0000 00e9 | fbff ffff 

  0x000001f6572551d4: ;   {static_stub}
  0x000001f6572551d4: 9048 bb00 | 0000 0000 

  0x000001f6572551dc: ;   {runtime_call nmethod}
  0x000001f6572551dc: 0000 00e9 | fbff ffff 

  0x000001f6572551e4: ;   {static_stub}
  0x000001f6572551e4: 9048 bb00 | 0000 0000 

  0x000001f6572551ec: ;   {runtime_call nmethod}
  0x000001f6572551ec: 0000 00e9 | fbff ffff 

  0x000001f6572551f4: ;   {static_stub}
  0x000001f6572551f4: 9048 bb00 | 0000 0000 

  0x000001f6572551fc: ;   {runtime_call nmethod}
  0x000001f6572551fc: 0000 00e9 | fbff ffff 

  0x000001f657255204: ;   {static_stub}
  0x000001f657255204: 9048 bb00 | 0000 0000 

  0x000001f65725520c: ;   {runtime_call nmethod}
  0x000001f65725520c: 0000 00e9 | fbff ffff 

  0x000001f657255214: ;   {static_stub}
  0x000001f657255214: 9048 bb00 | 0000 0000 

  0x000001f65725521c: ;   {runtime_call nmethod}
  0x000001f65725521c: 0000 00e9 | fbff ffff 

  0x000001f657255224: ;   {static_stub}
  0x000001f657255224: 9048 bb00 | 0000 0000 

  0x000001f65725522c: ;   {runtime_call nmethod}
  0x000001f65725522c: 0000 00e9 | fbff ffff 

  0x000001f657255234: ;   {static_stub}
  0x000001f657255234: 9048 bb00 | 0000 0000 

  0x000001f65725523c: ;   {runtime_call nmethod}
  0x000001f65725523c: 0000 00e9 | fbff ffff 

  0x000001f657255244: ;   {static_stub}
  0x000001f657255244: 9048 bb00 | 0000 0000 

  0x000001f65725524c: ;   {runtime_call nmethod}
  0x000001f65725524c: 0000 00e9 | fbff ffff 

  0x000001f657255254: ;   {static_stub}
  0x000001f657255254: 9048 bb00 | 0000 0000 

  0x000001f65725525c: ;   {runtime_call nmethod}
  0x000001f65725525c: 0000 00e9 | fbff ffff 

  0x000001f657255264: ;   {static_stub}
  0x000001f657255264: 9048 bb00 | 0000 0000 

  0x000001f65725526c: ;   {runtime_call nmethod}
  0x000001f65725526c: 0000 00e9 | fbff ffff 

  0x000001f657255274: ;   {static_stub}
  0x000001f657255274: 9048 bb00 | 0000 0000 

  0x000001f65725527c: ;   {runtime_call nmethod}
  0x000001f65725527c: 0000 00e9 | fbff ffff 

  0x000001f657255284: ;   {static_stub}
  0x000001f657255284: 9048 bb00 | 0000 0000 

  0x000001f65725528c: ;   {runtime_call nmethod}
  0x000001f65725528c: 0000 00e9 | fbff ffff 

  0x000001f657255294: ;   {static_stub}
  0x000001f657255294: 9048 bb00 | 0000 0000 

  0x000001f65725529c: ;   {runtime_call nmethod}
  0x000001f65725529c: 0000 00e9 | fbff ffff 

  0x000001f6572552a4: ;   {static_stub}
  0x000001f6572552a4: 9048 bb00 | 0000 0000 

  0x000001f6572552ac: ;   {runtime_call nmethod}
  0x000001f6572552ac: 0000 00e9 | fbff ffff 

  0x000001f6572552b4: ;   {static_stub}
  0x000001f6572552b4: 9048 bb00 | 0000 0000 

  0x000001f6572552bc: ;   {runtime_call nmethod}
  0x000001f6572552bc: 0000 00e9 | fbff ffff 

  0x000001f6572552c4: ;   {static_stub}
  0x000001f6572552c4: 9048 bb00 | 0000 0000 

  0x000001f6572552cc: ;   {runtime_call nmethod}
  0x000001f6572552cc: 0000 00e9 | fbff ffff 

  0x000001f6572552d4: ;   {static_stub}
  0x000001f6572552d4: 9048 bb00 | 0000 0000 

  0x000001f6572552dc: ;   {runtime_call nmethod}
  0x000001f6572552dc: 0000 00e9 | fbff ffff 

  0x000001f6572552e4: ;   {static_stub}
  0x000001f6572552e4: 9048 bb00 | 0000 0000 

  0x000001f6572552ec: ;   {runtime_call nmethod}
  0x000001f6572552ec: 0000 00e9 | fbff ffff 

  0x000001f6572552f4: ;   {static_stub}
  0x000001f6572552f4: 9048 bb00 | 0000 0000 

  0x000001f6572552fc: ;   {runtime_call nmethod}
  0x000001f6572552fc: 0000 00e9 | fbff ffff 

  0x000001f657255304: ;   {static_stub}
  0x000001f657255304: 9048 bb00 | 0000 0000 

  0x000001f65725530c: ;   {runtime_call nmethod}
  0x000001f65725530c: 0000 00e9 | fbff ffff 

  0x000001f657255314: ;   {static_stub}
  0x000001f657255314: 9048 bb00 | 0000 0000 

  0x000001f65725531c: ;   {runtime_call nmethod}
  0x000001f65725531c: 0000 00e9 | fbff ffff 

  0x000001f657255324: ;   {static_stub}
  0x000001f657255324: 48bb 0000 | 0000 0000 

  0x000001f65725532c: ;   {runtime_call nmethod}
  0x000001f65725532c: 0000 e9fb 

  0x000001f657255330: ;   {static_stub}
  0x000001f657255330: ffff ff48 | bb00 0000 | 0000 0000 

  0x000001f65725533c: ;   {runtime_call nmethod}
  0x000001f65725533c: 00e9 fbff 

  0x000001f657255340: ;   {static_stub}
  0x000001f657255340: ffff 48bb | 0000 0000 | 0000 0000 

  0x000001f65725534c: ;   {runtime_call nmethod}
  0x000001f65725534c: e9fb ffff 

  0x000001f657255350: ;   {static_stub}
  0x000001f657255350: ff48 bb00 | 0000 0000 

  0x000001f657255358: ;   {runtime_call nmethod}
  0x000001f657255358: 0000 00e9 | fbff ffff 

  0x000001f657255360: ;   {static_stub}
  0x000001f657255360: 48bb 0000 | 0000 0000 

  0x000001f657255368: ;   {runtime_call nmethod}
  0x000001f657255368: 0000 e9fb 

  0x000001f65725536c: ;   {static_stub}
  0x000001f65725536c: ffff ff48 | bb00 0000 | 0000 0000 

  0x000001f657255378: ;   {runtime_call nmethod}
  0x000001f657255378: 00e9 fbff 

  0x000001f65725537c: ;   {runtime_call handle_exception_from_callee Runtime1 stub}
  0x000001f65725537c: ffff e85d 

  0x000001f657255380: ;   {external_word}
  0x000001f657255380: b53b 0748 | b940 e59d | 97fa 7f00 | 0048 83e4 

  0x000001f657255390: ;   {runtime_call}
  0x000001f657255390: f048 b850 | 4d64 97fa | 7f00 00ff 

  0x000001f65725539c: ;   {section_word}
  0x000001f65725539c: d0f4 49ba | 9e53 2557 | f601 0000 

  0x000001f6572553a8: ;   {runtime_call DeoptimizationBlob}
  0x000001f6572553a8: 4152 e9d1 | e930 07f4 
[/MachCode]


---------------  P R O C E S S  ---------------

Threads class SMR info:
_java_thread_list=0x000001f6475c4120, length=16, elements={
0x000001f64e8946c0, 0x000001f6411ae5d0, 0x000001f6411b1550, 0x000001f6411b3950,
0x000001f6411b4870, 0x000001f6411ba800, 0x000001f6411c3a60, 0x000001f6411c8530,
0x000001f6411ca880, 0x000001f6411c40f0, 0x000001f6411c1990, 0x000001f6411c2020,
0x000001f6411c4780, 0x000001f6411c2d40, 0x000001f6411c33d0, 0x000001f6411c26b0
}

Java Threads: ( => current thread )
  0x000001f64e8946c0 JavaThread "main"                              [_thread_in_vm, id=21616, stack(0x000000f0ddf00000,0x000000f0de000000) (1024K)]
  0x000001f6411ae5d0 JavaThread "Reference Handler"          daemon [_thread_blocked, id=10872, stack(0x000000f0de300000,0x000000f0de400000) (1024K)]
  0x000001f6411b1550 JavaThread "Finalizer"                  daemon [_thread_blocked, id=4064, stack(0x000000f0de400000,0x000000f0de500000) (1024K)]
  0x000001f6411b3950 JavaThread "Signal Dispatcher"          daemon [_thread_blocked, id=16292, stack(0x000000f0de500000,0x000000f0de600000) (1024K)]
  0x000001f6411b4870 JavaThread "Attach Listener"            daemon [_thread_blocked, id=16916, stack(0x000000f0de600000,0x000000f0de700000) (1024K)]
  0x000001f6411ba800 JavaThread "Service Thread"             daemon [_thread_blocked, id=3056, stack(0x000000f0de700000,0x000000f0de800000) (1024K)]
  0x000001f6411c3a60 JavaThread "Monitor Deflation Thread"   daemon [_thread_blocked, id=15352, stack(0x000000f0de800000,0x000000f0de900000) (1024K)]
  0x000001f6411c8530 JavaThread "C2 CompilerThread0"         daemon [_thread_blocked, id=16892, stack(0x000000f0de900000,0x000000f0dea00000) (1024K)]
  0x000001f6411ca880 JavaThread "C1 CompilerThread0"         daemon [_thread_in_vm, id=16884, stack(0x000000f0dea00000,0x000000f0deb00000) (1024K)]
  0x000001f6411c40f0 JavaThread "Common-Cleaner"             daemon [_thread_blocked, id=5184, stack(0x000000f0deb00000,0x000000f0dec00000) (1024K)]
  0x000001f6411c1990 JavaThread "Notification Thread"        daemon [_thread_blocked, id=6012, stack(0x000000f0dec00000,0x000000f0ded00000) (1024K)]
  0x000001f6411c2020 JavaThread "Active Thread: Equinox Container: cb3dc830-589f-49fa-b9a3-25f1d4b564d0"        [_thread_blocked, id=6812, stack(0x000000f0df300000,0x000000f0df400000) (1024K)]
  0x000001f6411c4780 JavaThread "Framework Event Dispatcher: Equinox Container: cb3dc830-589f-49fa-b9a3-25f1d4b564d0" daemon [_thread_blocked, id=18564, stack(0x000000f0df400000,0x000000f0df500000) (1024K)]
=>0x000001f6411c2d40 JavaThread "Start Level: Equinox Container: cb3dc830-589f-49fa-b9a3-25f1d4b564d0" daemon [_thread_in_vm, id=16492, stack(0x000000f0df500000,0x000000f0df600000) (1024K)]
  0x000001f6411c33d0 JavaThread "SCR Component Actor"        daemon [_thread_blocked, id=2840, stack(0x000000f0df700000,0x000000f0df800000) (1024K)]
  0x000001f6411c26b0 JavaThread "SCR Component Registry"     daemon [_thread_blocked, id=23540, stack(0x000000f0df800000,0x000000f0df900000) (1024K)]
Total: 16

Other Threads:
  0x000001f64e952ae0 VMThread "VM Thread"                           [id=10732, stack(0x000000f0de200000,0x000000f0de300000) (1024K)]
  0x000001f64e8ff510 WatcherThread "VM Periodic Task Thread"        [id=11532, stack(0x000000f0de100000,0x000000f0de200000) (1024K)]
  0x000001f64e8b4b00 WorkerThread "GC Thread#0"                     [id=17732, stack(0x000000f0de000000,0x000000f0de100000) (1024K)]
  0x000001f6472ebfb0 WorkerThread "GC Thread#1"                     [id=396, stack(0x000000f0ded00000,0x000000f0dee00000) (1024K)]
  0x000001f6476f0be0 WorkerThread "GC Thread#2"                     [id=12416, stack(0x000000f0dee00000,0x000000f0def00000) (1024K)]
  0x000001f6476e9010 WorkerThread "GC Thread#3"                     [id=17580, stack(0x000000f0def00000,0x000000f0df000000) (1024K)]
  0x000001f6476e93c0 WorkerThread "GC Thread#4"                     [id=9320, stack(0x000000f0df000000,0x000000f0df100000) (1024K)]
  0x000001f6476ea190 WorkerThread "GC Thread#5"                     [id=10284, stack(0x000000f0df100000,0x000000f0df200000) (1024K)]
  0x000001f647421ad0 WorkerThread "GC Thread#6"                     [id=23280, stack(0x000000f0df200000,0x000000f0df300000) (1024K)]
  0x000001f6473ceb90 WorkerThread "GC Thread#7"                     [id=11648, stack(0x000000f0df600000,0x000000f0df700000) (1024K)]
Total: 10

Threads with active compile tasks:
C1 CompilerThread0  11674 2178       3       java.util.concurrent.Semaphore$NonfairSync::tryAcquireShared (6 bytes)
Total: 1

VM state: not at safepoint (normal execution)

VM Mutex/Monitor currently owned by a thread:  ([mutex/lock_event])
[0x00007ffa97c82888] Metaspace_lock - owner thread: 0x000001f6411c2d40

Heap address: 0x00000000c0000000, size: 1024 MB, Compressed Oops mode: 32-bit

CDS archive(s) mapped at: [0x000001f600000000-0x000001f600d70000-0x000001f600d70000), size 14090240, SharedBaseAddress: 0x000001f600000000, ArchiveRelocationMode: 1.
Compressed class space mapped at: 0x000001f601000000-0x000001f641000000, reserved size: 1073741824
Narrow klass base: 0x000001f600000000, Narrow klass shift: 0, Narrow klass range: 0x41000000

GC Precious Log:
 CardTable entry size: 512
 CPUs: 8 total, 8 available
 Memory: 8007M
 Large Page Support: Disabled
 NUMA Support: Disabled
 Compressed Oops: Enabled (32-bit)
 Alignments: Space 512K, Generation 512K, Heap 2M
 Heap Min Capacity: 100M
 Heap Initial Capacity: 100M
 Heap Max Capacity: 1G
 Pre-touch: Disabled
 Parallel Workers: 8

Heap:
 PSYoungGen      total 29696K, used 25359K [0x00000000eab00000, 0x00000000ecc00000, 0x0000000100000000)
  eden space 25600K, 83% used [0x00000000eab00000,0x00000000ebfc8088,0x00000000ec400000)
  from space 4096K, 99% used [0x00000000ec800000,0x00000000ecbfbc08,0x00000000ecc00000)
  to   space 4096K, 0% used [0x00000000ec400000,0x00000000ec400000,0x00000000ec800000)
 ParOldGen       total 68608K, used 959K [0x00000000c0000000, 0x00000000c4300000, 0x00000000eab00000)
  object space 68608K, 1% used [0x00000000c0000000,0x00000000c00efeb8,0x00000000c4300000)
 Metaspace       used 12029K, committed 12480K, reserved 1114112K
  class space    used 1291K, committed 1472K, reserved 1048576K

Card table byte_map: [0x000001f64e3b0000,0x000001f64e5b0000] _byte_map_base: 0x000001f64ddb0000

Marking Bits: (ParMarkBitMap*) 0x00007ffa97c896e0
 Begin Bits: [0x000001f665fe0000, 0x000001f666fe0000)

Polling page: 0x000001f64c6d0000

Metaspace:

Usage:
  Non-class:     10.49 MB used.
      Class:      1.26 MB used.
       Both:     11.75 MB used.

Virtual space:
  Non-class space:       64.00 MB reserved,      10.75 MB ( 17%) committed,  1 nodes.
      Class space:        1.00 GB reserved,       1.44 MB ( <1%) committed,  1 nodes.
             Both:        1.06 GB reserved,      12.19 MB (  1%) committed. 

Chunk freelists:
   Non-Class:  4.73 MB
       Class:  14.55 MB
        Both:  19.28 MB

MaxMetaspaceSize: unlimited
CompressedClassSpaceSize: 1.00 GB
Initial GC threshold: 21.00 MB
Current GC threshold: 21.00 MB
CDS: on
 - commit_granule_bytes: 65536.
 - commit_granule_words: 8192.
 - virtual_space_node_default_size: 8388608.
 - enlarge_chunks_in_place: 1.
 - use_allocation_guard: 0.


Internal statistics:

num_allocs_failed_limit: 0.
num_arena_births: 318.
num_arena_deaths: 0.
num_vsnodes_births: 2.
num_vsnodes_deaths: 0.
num_space_committed: 195.
num_space_uncommitted: 0.
num_chunks_returned_to_freelist: 0.
num_chunks_taken_from_freelist: 662.
num_chunk_merges: 0.
num_chunk_splits: 436.
num_chunks_enlarged: 287.
num_inconsistent_stats: 0.

CodeHeap 'non-profiled nmethods': size=120064Kb used=694Kb max_used=694Kb free=119370Kb
 bounds [0x000001f65eaa0000, 0x000001f65ed10000, 0x000001f665fe0000]
CodeHeap 'profiled nmethods': size=120000Kb used=3038Kb max_used=3038Kb free=116961Kb
 bounds [0x000001f656fe0000, 0x000001f6572e0000, 0x000001f65e510000]
CodeHeap 'non-nmethods': size=5696Kb used=1251Kb max_used=1266Kb free=4444Kb
 bounds [0x000001f65e510000, 0x000001f65e780000, 0x000001f65eaa0000]
CodeCache: size=245760Kb, used=4983Kb, max_used=4998Kb, free=240775Kb
 total_blobs=2698, nmethods=2174, adapters=431, full_count=0
Compilation: enabled, stopped_count=0, restarted_count=0

Compilation events (20 events):
Event: 7.971 Thread 0x000001f6411ca880 2170       3       java.util.zip.Checksum::update (11 bytes)
Event: 7.971 Thread 0x000001f6411ca880 nmethod 2170 0x000001f6572d6208 code [0x000001f6572d6340, 0x000001f6572d6548]
Event: 7.971 Thread 0x000001f6411ca880 2171       3       sun.util.calendar.ZoneInfoFile$Checksum::update (39 bytes)
Event: 7.972 Thread 0x000001f6411ca880 nmethod 2171 0x000001f6572d6588 code [0x000001f6572d66c0, 0x000001f6572d6a30]
Event: 7.972 Thread 0x000001f6411ca880 2172       3       sun.util.calendar.ZoneInfoFile$Checksum::update (82 bytes)
Event: 7.972 Thread 0x000001f6411ca880 nmethod 2172 0x000001f6572d6a88 code [0x000001f6572d6bc0, 0x000001f6572d6f90]
Event: 7.976 Thread 0x000001f6411ca880 2173       3       java.util.Arrays$ArrayItr::hasNext (18 bytes)
Event: 7.976 Thread 0x000001f6411ca880 nmethod 2173 0x000001f6572d7008 code [0x000001f6572d7120, 0x000001f6572d7288]
Event: 7.976 Thread 0x000001f6411ca880 2174       3       java.util.Arrays$ArrayItr::next (36 bytes)
Event: 7.977 Thread 0x000001f6411ca880 nmethod 2174 0x000001f6572d7308 code [0x000001f6572d7440, 0x000001f6572d7688]
Event: 7.978 Thread 0x000001f6411ca880 2177       3       java.util.concurrent.ConcurrentHashMap$KeyIterator::next (34 bytes)
Event: 7.978 Thread 0x000001f6411ca880 nmethod 2177 0x000001f6572d7708 code [0x000001f6572d7840, 0x000001f6572d7ac0]
Event: 7.985 Thread 0x000001f6411c8530 nmethod 2165 0x000001f65eb4c088 code [0x000001f65eb4c220, 0x000001f65eb4c7f0]
Event: 7.985 Thread 0x000001f6411c8530 2175       4       java.util.concurrent.ConcurrentHashMap$Traverser::advance (188 bytes)
Event: 7.991 Thread 0x000001f6411c8530 nmethod 2175 0x000001f65eb4c908 code [0x000001f65eb4ca20, 0x000001f65eb4cc40]
Event: 7.991 Thread 0x000001f6411c8530 2166       4       java.io.DataInputStream::readUnsignedByte (22 bytes)
Event: 8.007 Thread 0x000001f6411c8530 nmethod 2166 0x000001f65eb4cc88 code [0x000001f65eb4ce20, 0x000001f65eb4d3e0]
Event: 8.007 Thread 0x000001f6411c8530 2176       4       java.util.HashSet::add (20 bytes)
Event: 8.009 Thread 0x000001f6411c8530 nmethod 2176 0x000001f65eb4d508 code [0x000001f65eb4d620, 0x000001f65eb4d798]
Event: 8.991 Thread 0x000001f6411ca880 2178       3       java.util.concurrent.Semaphore$NonfairSync::tryAcquireShared (6 bytes)

GC Heap History (4 events):
Event: 3.046 GC heap before
{Heap before GC invocations=1 (full 0):
 PSYoungGen      total 29696K, used 25600K [0x00000000eab00000, 0x00000000ecc00000, 0x0000000100000000)
  eden space 25600K, 100% used [0x00000000eab00000,0x00000000ec400000,0x00000000ec400000)
  from space 4096K, 0% used [0x00000000ec800000,0x00000000ec800000,0x00000000ecc00000)
  to   space 4096K, 0% used [0x00000000ec400000,0x00000000ec400000,0x00000000ec800000)
 ParOldGen       total 68608K, used 0K [0x00000000c0000000, 0x00000000c4300000, 0x00000000eab00000)
  object space 68608K, 0% used [0x00000000c0000000,0x00000000c0000000,0x00000000c4300000)
 Metaspace       used 4294K, committed 4480K, reserved 1114112K
  class space    used 464K, committed 576K, reserved 1048576K
}
Event: 3.055 GC heap after
{Heap after GC invocations=1 (full 0):
 PSYoungGen      total 29696K, used 3285K [0x00000000eab00000, 0x00000000ecc00000, 0x0000000100000000)
  eden space 25600K, 0% used [0x00000000eab00000,0x00000000eab00000,0x00000000ec400000)
  from space 4096K, 80% used [0x00000000ec400000,0x00000000ec7357e0,0x00000000ec800000)
  to   space 4096K, 0% used [0x00000000ec800000,0x00000000ec800000,0x00000000ecc00000)
 ParOldGen       total 68608K, used 16K [0x00000000c0000000, 0x00000000c4300000, 0x00000000eab00000)
  object space 68608K, 0% used [0x00000000c0000000,0x00000000c0004000,0x00000000c4300000)
 Metaspace       used 4294K, committed 4480K, reserved 1114112K
  class space    used 464K, committed 576K, reserved 1048576K
}
Event: 6.742 GC heap before
{Heap before GC invocations=2 (full 0):
 PSYoungGen      total 29696K, used 28885K [0x00000000eab00000, 0x00000000ecc00000, 0x0000000100000000)
  eden space 25600K, 100% used [0x00000000eab00000,0x00000000ec400000,0x00000000ec400000)
  from space 4096K, 80% used [0x00000000ec400000,0x00000000ec7357e0,0x00000000ec800000)
  to   space 4096K, 0% used [0x00000000ec800000,0x00000000ec800000,0x00000000ecc00000)
 ParOldGen       total 68608K, used 16K [0x00000000c0000000, 0x00000000c4300000, 0x00000000eab00000)
  object space 68608K, 0% used [0x00000000c0000000,0x00000000c0004000,0x00000000c4300000)
 Metaspace       used 8134K, committed 8512K, reserved 1114112K
  class space    used 847K, committed 1024K, reserved 1048576K
}
Event: 6.752 GC heap after
{Heap after GC invocations=2 (full 0):
 PSYoungGen      total 29696K, used 4079K [0x00000000eab00000, 0x00000000ecc00000, 0x0000000100000000)
  eden space 25600K, 0% used [0x00000000eab00000,0x00000000eab00000,0x00000000ec400000)
  from space 4096K, 99% used [0x00000000ec800000,0x00000000ecbfbc08,0x00000000ecc00000)
  to   space 4096K, 0% used [0x00000000ec400000,0x00000000ec400000,0x00000000ec800000)
 ParOldGen       total 68608K, used 959K [0x00000000c0000000, 0x00000000c4300000, 0x00000000eab00000)
  object space 68608K, 1% used [0x00000000c0000000,0x00000000c00efeb8,0x00000000c4300000)
 Metaspace       used 8134K, committed 8512K, reserved 1114112K
  class space    used 847K, committed 1024K, reserved 1048576K
}

Dll operation events (10 events):
Event: 0.050 Loaded shared library C:\Program Files\Java\jdk-23\bin\java.dll
Event: 0.982 Loaded shared library C:\Program Files\Java\jdk-23\bin\jsvml.dll
Event: 1.104 Loaded shared library C:\Program Files\Java\jdk-23\bin\zip.dll
Event: 1.113 Loaded shared library C:\Program Files\Java\jdk-23\bin\instrument.dll
Event: 1.122 Loaded shared library C:\Program Files\Java\jdk-23\bin\net.dll
Event: 1.127 Loaded shared library C:\Program Files\Java\jdk-23\bin\nio.dll
Event: 1.132 Loaded shared library C:\Program Files\Java\jdk-23\bin\zip.dll
Event: 1.179 Loaded shared library C:\Program Files\Java\jdk-23\bin\jimage.dll
Event: 1.298 Loaded shared library C:\Program Files\Java\jdk-23\bin\verify.dll
Event: 6.779 Loaded shared library C:\Users\julio\AppData\Roaming\Code\User\globalStorage\redhat.java\1.41.1\config_ss_win\org.eclipse.equinox.launcher\org.eclipse.equinox.launcher.win32.win32.x86_64_1.2.1300.v20250331-1702\eclipse_11911.dll

Deoptimization events (20 events):
Event: 7.870 Thread 0x000001f6411c2d40 Uncommon trap: trap_request=0xffffff45 fr.pc=0x000001f65eae5e9c relative=0x00000000000004bc
Event: 7.870 Thread 0x000001f6411c2d40 Uncommon trap: reason=unstable_if action=reinterpret pc=0x000001f65eae5e9c method=java.util.jar.Manifest$FastInputStream.readLine([BII)I @ 106 c2
Event: 7.870 Thread 0x000001f6411c2d40 DEOPT PACKING pc=0x000001f65eae5e9c sp=0x000000f0df5fdcd0
Event: 7.870 Thread 0x000001f6411c2d40 DEOPT UNPACKING pc=0x000001f65e563b02 sp=0x000000f0df5fdc80 mode 2
Event: 7.967 Thread 0x000001f6411c2d40 Uncommon trap: trap_request=0xffffffc6 fr.pc=0x000001f65eb486f4 relative=0x00000000000004d4
Event: 7.967 Thread 0x000001f6411c2d40 Uncommon trap: reason=bimorphic_or_optimized_type_check action=maybe_recompile pc=0x000001f65eb486f4 method=java.io.DataInputStream.readUnsignedByte()I @ 4 c2
Event: 7.967 Thread 0x000001f6411c2d40 DEOPT PACKING pc=0x000001f65eb486f4 sp=0x000000f0df5f84e0
Event: 7.967 Thread 0x000001f6411c2d40 DEOPT UNPACKING pc=0x000001f65e563b02 sp=0x000000f0df5f8428 mode 2
Event: 7.967 Thread 0x000001f6411c2d40 Uncommon trap: trap_request=0xffffffc6 fr.pc=0x000001f65eb486f4 relative=0x00000000000004d4
Event: 7.967 Thread 0x000001f6411c2d40 Uncommon trap: reason=bimorphic_or_optimized_type_check action=maybe_recompile pc=0x000001f65eb486f4 method=java.io.DataInputStream.readUnsignedByte()I @ 4 c2
Event: 7.967 Thread 0x000001f6411c2d40 DEOPT PACKING pc=0x000001f65eb486f4 sp=0x000000f0df5f8450
Event: 7.967 Thread 0x000001f6411c2d40 DEOPT UNPACKING pc=0x000001f65e563b02 sp=0x000000f0df5f8398 mode 2
Event: 7.967 Thread 0x000001f6411c2d40 Uncommon trap: trap_request=0xffffffc6 fr.pc=0x000001f65eb486f4 relative=0x00000000000004d4
Event: 7.967 Thread 0x000001f6411c2d40 Uncommon trap: reason=bimorphic_or_optimized_type_check action=maybe_recompile pc=0x000001f65eb486f4 method=java.io.DataInputStream.readUnsignedByte()I @ 4 c2
Event: 7.967 Thread 0x000001f6411c2d40 DEOPT PACKING pc=0x000001f65eb486f4 sp=0x000000f0df5f8450
Event: 7.967 Thread 0x000001f6411c2d40 DEOPT UNPACKING pc=0x000001f65e563b02 sp=0x000000f0df5f8398 mode 2
Event: 7.967 Thread 0x000001f6411c2d40 Uncommon trap: trap_request=0xffffffc6 fr.pc=0x000001f65eb486f4 relative=0x00000000000004d4
Event: 7.967 Thread 0x000001f6411c2d40 Uncommon trap: reason=bimorphic_or_optimized_type_check action=maybe_recompile pc=0x000001f65eb486f4 method=java.io.DataInputStream.readUnsignedByte()I @ 4 c2
Event: 7.967 Thread 0x000001f6411c2d40 DEOPT PACKING pc=0x000001f65eb486f4 sp=0x000000f0df5f8450
Event: 7.967 Thread 0x000001f6411c2d40 DEOPT UNPACKING pc=0x000001f65e563b02 sp=0x000000f0df5f8398 mode 2

Classes loaded (20 events):
Event: 7.654 Loading class java/nio/file/NoSuchFileException done
Event: 7.782 Loading class java/lang/StackWalker$Option
Event: 7.783 Loading class java/lang/StackWalker$Option done
Event: 7.785 Loading class java/util/Comparators$NaturalOrderComparator
Event: 7.786 Loading class java/util/Comparators$NaturalOrderComparator done
Event: 7.786 Loading class java/util/Collections$ReverseComparator2
Event: 7.786 Loading class java/util/Collections$ReverseComparator2 done
Event: 7.969 Loading class sun/util/calendar/ZoneInfoFile$Checksum
Event: 7.970 Loading class sun/util/calendar/ZoneInfoFile$Checksum done
Event: 7.972 Loading class java/time/zone/ZoneRulesProvider
Event: 7.973 Loading class java/time/zone/ZoneRulesProvider done
Event: 7.973 Loading class java/time/zone/ZoneRulesProvider$1
Event: 7.973 Loading class java/time/zone/ZoneRulesProvider$1 done
Event: 7.973 Loading class java/time/zone/TzdbZoneRulesProvider
Event: 7.974 Loading class java/time/zone/TzdbZoneRulesProvider done
Event: 7.978 Loading class java/time/zone/Ser
Event: 7.979 Loading class java/io/Externalizable
Event: 7.979 Loading class java/io/Externalizable done
Event: 7.979 Loading class java/time/zone/Ser done
Event: 7.980 Loading class java/time/Month

Classes unloaded (0 events):
No events

Classes redefined (0 events):
No events

Internal exceptions (20 events):
Event: 3.163 Thread 0x000001f64e8946c0 Exception <a 'java/lang/NoSuchMethodError'{0x00000000eada9bb8}: 'void java.lang.invoke.DirectMethodHandle$Holder.invokeStatic(java.lang.Object, java.lang.Object, java.lang.Object, java.lang.Object)'> (0x00000000eada9bb8) 
thrown [s\open\src\hotspot\share\interpreter\linkResolver.cpp, line 796]
Event: 3.165 Thread 0x000001f64e8946c0 Implicit null exception at 0x000001f65eafb20a to 0x000001f65eafb434
Event: 3.165 Thread 0x000001f64e8946c0 Implicit null exception at 0x000001f65eaefa20 to 0x000001f65eaefaa2
Event: 3.323 Thread 0x000001f64e8946c0 Exception <a 'java/lang/NoSuchMethodError'{0x00000000eaf81318}: 'long java.lang.invoke.DirectMethodHandle$Holder.invokeStatic(java.lang.Object, java.lang.Object, int)'> (0x00000000eaf81318) 
thrown [s\open\src\hotspot\share\interpreter\linkResolver.cpp, line 796]
Event: 3.324 Thread 0x000001f64e8946c0 Exception <a 'java/lang/NoSuchMethodError'{0x00000000eaf88e30}: 'java.lang.Object java.lang.invoke.DirectMethodHandle$Holder.invokeSpecial(java.lang.Object, java.lang.Object, java.lang.Object, java.lang.Object, long)'> (0x00000000eaf88e30) 
thrown [s\open\src\hotspot\share\interpreter\linkResolver.cpp, line 796]
Event: 3.328 Thread 0x000001f64e8946c0 Exception <a 'java/lang/NoSuchMethodError'{0x00000000eaf96840}: 'java.lang.Object java.lang.invoke.DirectMethodHandle$Holder.invokeSpecial(java.lang.Object, java.lang.Object, java.lang.Object, int, java.lang.Object)'> (0x00000000eaf96840) 
thrown [s\open\src\hotspot\share\interpreter\linkResolver.cpp, line 796]
Event: 3.336 Thread 0x000001f64e8946c0 Exception <a 'java/lang/NoSuchMethodError'{0x00000000eafb96a8}: 'int java.lang.invoke.DirectMethodHandle$Holder.invokeStaticInit(java.lang.Object, java.lang.Object, java.lang.Object, java.lang.Object)'> (0x00000000eafb96a8) 
thrown [s\open\src\hotspot\share\interpreter\linkResolver.cpp, line 796]
Event: 3.337 Thread 0x000001f64e8946c0 Exception <a 'java/lang/NoSuchMethodError'{0x00000000eafc1e78}: 'java.lang.Object java.lang.invoke.DirectMethodHandle$Holder.invokeInterface(java.lang.Object, java.lang.Object)'> (0x00000000eafc1e78) 
thrown [s\open\src\hotspot\share\interpreter\linkResolver.cpp, line 796]
Event: 3.338 Thread 0x000001f64e8946c0 Exception <a 'java/lang/IncompatibleClassChangeError'{0x00000000eafc53b8}: Found class java.lang.Object, but interface was expected> (0x00000000eafc53b8) 
thrown [s\open\src\hotspot\share\interpreter\linkResolver.cpp, line 863]
Event: 3.339 Thread 0x000001f64e8946c0 Exception <a 'java/lang/NoSuchMethodError'{0x00000000eafc97d8}: 'void java.lang.invoke.DirectMethodHandle$Holder.invokeStatic(java.lang.Object, java.lang.Object)'> (0x00000000eafc97d8) 
thrown [s\open\src\hotspot\share\interpreter\linkResolver.cpp, line 796]
Event: 3.340 Thread 0x000001f64e8946c0 Exception <a 'java/lang/NoSuchMethodError'{0x00000000eafccb88}: 'void java.lang.invoke.DirectMethodHandle$Holder.invokeStaticInit(java.lang.Object, java.lang.Object)'> (0x00000000eafccb88) 
thrown [s\open\src\hotspot\share\interpreter\linkResolver.cpp, line 796]
Event: 3.342 Thread 0x000001f64e8946c0 Exception <a 'java/lang/NoSuchMethodError'{0x00000000eafd3dc8}: 'int java.lang.invoke.DirectMethodHandle$Holder.invokeStaticInit(java.lang.Object, java.lang.Object)'> (0x00000000eafd3dc8) 
thrown [s\open\src\hotspot\share\interpreter\linkResolver.cpp, line 796]
Event: 4.116 Thread 0x000001f64e8946c0 Exception <a 'java/lang/NoSuchMethodError'{0x00000000eb9c6bb8}: 'int java.lang.invoke.DirectMethodHandle$Holder.invokeVirtual(java.lang.Object, java.lang.Object)'> (0x00000000eb9c6bb8) 
thrown [s\open\src\hotspot\share\interpreter\linkResolver.cpp, line 796]
Event: 4.395 Thread 0x000001f64e8946c0 Exception <a 'java/lang/NoSuchMethodError'{0x00000000ebd56790}: 'java.lang.Object java.lang.invoke.DirectMethodHandle$Holder.newInvokeSpecial(java.lang.Object, int, java.lang.Object)'> (0x00000000ebd56790) 
thrown [s\open\src\hotspot\share\interpreter\linkResolver.cpp, line 796]
Event: 4.489 Thread 0x000001f64e8946c0 Exception <a 'java/lang/NoSuchMethodError'{0x00000000ebee9a38}: 'java.lang.Object java.lang.invoke.DirectMethodHandle$Holder.newInvokeSpecial(java.lang.Object, java.lang.Object, java.lang.Object, java.lang.Object, int, java.lang.Object)'> (0x00000000ebee9a38) 
thrown [s\open\src\hotspot\share\interpreter\linkResolver.cpp, line 796]
Event: 6.765 Thread 0x000001f64e8946c0 Exception <a 'java/lang/UnsatisfiedLinkError'{0x00000000eab8ab38}: 'void org.eclipse.equinox.launcher.JNIBridge._update_splash()'> (0x00000000eab8ab38) 
thrown [s\open\src\hotspot\share\prims\nativeLookup.cpp, line 417]
Event: 6.947 Thread 0x000001f6411c2d40 Exception <a 'java/lang/NullPointerException'{0x00000000eaefd920}> (0x00000000eaefd920) 
thrown [s\open\src\hotspot\share\interpreter\linkResolver.cpp, line 1389]
Event: 6.947 Thread 0x000001f6411c2d40 Exception <a 'java/lang/NullPointerException'{0x00000000eaefdc00}> (0x00000000eaefdc00) 
thrown [s\open\src\hotspot\share\interpreter\linkResolver.cpp, line 1389]
Event: 7.684 Thread 0x000001f6411c2d40 Exception <a 'java/io/FileNotFoundException'{0x00000000eba72c18}> (0x00000000eba72c18) 
thrown [s\open\src\hotspot\share\prims\jni.cpp, line 520]
Event: 7.848 Thread 0x000001f6411c2d40 Exception <a 'java/lang/NoSuchMethodError'{0x00000000ebd56f90}: 'java.lang.Object java.lang.invoke.Invokers$Holder.linkToTargetMethod(java.lang.Object, long, java.lang.Object)'> (0x00000000ebd56f90) 
thrown [s\open\src\hotspot\share\interpreter\linkResolver.cpp, line 796]

VM Operations (20 events):
Event: 3.046 Executing VM operation: ParallelGCFailedAllocation (Allocation Failure)
Event: 3.056 Executing VM operation: ParallelGCFailedAllocation (Allocation Failure) done
Event: 3.137 Executing VM operation: HandshakeAllThreads (Deoptimize)
Event: 3.137 Executing VM operation: HandshakeAllThreads (Deoptimize) done
Event: 4.356 Executing VM operation: HandshakeAllThreads (Deoptimize)
Event: 4.357 Executing VM operation: HandshakeAllThreads (Deoptimize) done
Event: 4.378 Executing VM operation: HandshakeAllThreads (Deoptimize)
Event: 4.378 Executing VM operation: HandshakeAllThreads (Deoptimize) done
Event: 4.485 Executing VM operation: HandshakeAllThreads (Deoptimize)
Event: 4.486 Executing VM operation: HandshakeAllThreads (Deoptimize) done
Event: 6.683 Executing VM operation: ParallelGCFailedAllocation (Allocation Failure)
Event: 6.752 Executing VM operation: ParallelGCFailedAllocation (Allocation Failure) done
Event: 6.937 Executing VM operation: HandshakeAllThreads (Deoptimize)
Event: 6.937 Executing VM operation: HandshakeAllThreads (Deoptimize) done
Event: 7.231 Executing VM operation: HandshakeAllThreads (Deoptimize)
Event: 7.232 Executing VM operation: HandshakeAllThreads (Deoptimize) done
Event: 7.421 Executing VM operation: HandshakeAllThreads (Deoptimize)
Event: 7.421 Executing VM operation: HandshakeAllThreads (Deoptimize) done
Event: 7.970 Executing VM operation: HandshakeAllThreads (Deoptimize)
Event: 7.970 Executing VM operation: HandshakeAllThreads (Deoptimize) done

Memory protections (0 events):
No events

Nmethod flushes (0 events):
No events

Events (16 events):
Event: 0.515 Thread 0x000001f64e8946c0 Thread added: 0x000001f64e8946c0
Event: 0.973 Thread 0x000001f64e8946c0 Thread added: 0x000001f6411ae5d0
Event: 0.973 Thread 0x000001f64e8946c0 Thread added: 0x000001f6411b1550
Event: 0.973 Thread 0x000001f64e8946c0 Thread added: 0x000001f6411b3950
Event: 0.973 Thread 0x000001f64e8946c0 Thread added: 0x000001f6411b4870
Event: 0.974 Thread 0x000001f64e8946c0 Thread added: 0x000001f6411ba800
Event: 0.974 Thread 0x000001f64e8946c0 Thread added: 0x000001f6411c3a60
Event: 0.974 Thread 0x000001f64e8946c0 Thread added: 0x000001f6411c8530
Event: 0.975 Thread 0x000001f64e8946c0 Thread added: 0x000001f6411ca880
Event: 1.028 Thread 0x000001f64e8946c0 Thread added: 0x000001f6411c40f0
Event: 1.481 Thread 0x000001f64e8946c0 Thread added: 0x000001f6411c1990
Event: 4.305 Thread 0x000001f64e8946c0 Thread added: 0x000001f6411c2020
Event: 6.653 Thread 0x000001f64e8946c0 Thread added: 0x000001f6411c4780
Event: 6.665 Thread 0x000001f64e8946c0 Thread added: 0x000001f6411c2d40
Event: 6.843 Thread 0x000001f6411c2d40 Thread added: 0x000001f6411c33d0
Event: 7.368 Thread 0x000001f6411c2d40 Thread added: 0x000001f6411c26b0


Dynamic libraries:
0x00007ff7dade0000 - 0x00007ff7dadf0000 	C:\Program Files\Java\jdk-23\bin\java.exe
0x00007ffb1d430000 - 0x00007ffb1d628000 	C:\WINDOWS\SYSTEM32\ntdll.dll
0x00007ffb1b450000 - 0x00007ffb1b512000 	C:\WINDOWS\System32\KERNEL32.DLL
0x00007ffb1b120000 - 0x00007ffb1b41f000 	C:\WINDOWS\System32\KERNELBASE.dll
0x00007ffb1ac90000 - 0x00007ffb1ad90000 	C:\WINDOWS\System32\ucrtbase.dll
0x00007ffb15bd0000 - 0x00007ffb15be7000 	C:\Program Files\Java\jdk-23\bin\jli.dll
0x00007ffb140c0000 - 0x00007ffb140db000 	C:\Program Files\Java\jdk-23\bin\VCRUNTIME140.dll
0x00007ffb1cdd0000 - 0x00007ffb1cf6d000 	C:\WINDOWS\System32\USER32.dll
0x00007ffb1b420000 - 0x00007ffb1b442000 	C:\WINDOWS\System32\win32u.dll
0x00007ffb08750000 - 0x00007ffb089ea000 	C:\WINDOWS\WinSxS\amd64_microsoft.windows.common-controls_6595b64144ccf1df_6.0.19041.4355_none_60b8b9eb71f62e16\COMCTL32.dll
0x00007ffb1c960000 - 0x00007ffb1c98b000 	C:\WINDOWS\System32\GDI32.dll
0x00007ffb1bb40000 - 0x00007ffb1bbde000 	C:\WINDOWS\System32\msvcrt.dll
0x00007ffb1af90000 - 0x00007ffb1b0aa000 	C:\WINDOWS\System32\gdi32full.dll
0x00007ffb1aef0000 - 0x00007ffb1af8d000 	C:\WINDOWS\System32\msvcp_win.dll
0x00007ffb1b6c0000 - 0x00007ffb1b6ef000 	C:\WINDOWS\System32\IMM32.DLL
0x00007ffb144d0000 - 0x00007ffb144dc000 	C:\Program Files\Java\jdk-23\bin\vcruntime140_1.dll
0x00007ffad5b60000 - 0x00007ffad5bee000 	C:\Program Files\Java\jdk-23\bin\msvcp140.dll
0x00007ffa97010000 - 0x00007ffa97d60000 	C:\Program Files\Java\jdk-23\bin\server\jvm.dll
0x00007ffb1ccc0000 - 0x00007ffb1cd6f000 	C:\WINDOWS\System32\ADVAPI32.dll
0x00007ffb1c7f0000 - 0x00007ffb1c88f000 	C:\WINDOWS\System32\sechost.dll
0x00007ffb1cac0000 - 0x00007ffb1cbe3000 	C:\WINDOWS\System32\RPCRT4.dll
0x00007ffb1aad0000 - 0x00007ffb1aaf7000 	C:\WINDOWS\System32\bcrypt.dll
0x00007ffb1cbf0000 - 0x00007ffb1cc5b000 	C:\WINDOWS\System32\WS2_32.dll
0x00007ffb1a060000 - 0x00007ffb1a0ab000 	C:\WINDOWS\SYSTEM32\POWRPROF.dll
0x00007ffaf8a00000 - 0x00007ffaf8a27000 	C:\WINDOWS\SYSTEM32\WINMM.dll
0x00007ffb08500000 - 0x00007ffb0850a000 	C:\WINDOWS\SYSTEM32\VERSION.dll
0x00007ffb19ed0000 - 0x00007ffb19ee2000 	C:\WINDOWS\SYSTEM32\UMPDC.dll
0x00007ffb192f0000 - 0x00007ffb19302000 	C:\WINDOWS\SYSTEM32\kernel.appcore.dll
0x00007ffb13fa0000 - 0x00007ffb13faa000 	C:\Program Files\Java\jdk-23\bin\jimage.dll
0x00007ffb18840000 - 0x00007ffb18a24000 	C:\WINDOWS\SYSTEM32\DBGHELP.DLL
0x00007ffaf1830000 - 0x00007ffaf1864000 	C:\WINDOWS\SYSTEM32\dbgcore.DLL
0x00007ffb1ab00000 - 0x00007ffb1ab82000 	C:\WINDOWS\System32\bcryptPrimitives.dll
0x00007ffb13250000 - 0x00007ffb1325f000 	C:\Program Files\Java\jdk-23\bin\instrument.dll
0x00007ffb10c50000 - 0x00007ffb10c6e000 	C:\Program Files\Java\jdk-23\bin\java.dll
0x00007ffb1bbe0000 - 0x00007ffb1bd0b000 	C:\WINDOWS\System32\ole32.dll
0x00007ffb1c490000 - 0x00007ffb1c7e5000 	C:\WINDOWS\System32\combase.dll
0x00007ffb1bd20000 - 0x00007ffb1c48d000 	C:\WINDOWS\System32\SHELL32.dll
0x00007ffb18a30000 - 0x00007ffb191d4000 	C:\WINDOWS\SYSTEM32\windows.storage.dll
0x00007ffb1a500000 - 0x00007ffb1a52b000 	C:\WINDOWS\SYSTEM32\Wldp.dll
0x00007ffb1c890000 - 0x00007ffb1c95d000 	C:\WINDOWS\System32\OLEAUT32.dll
0x00007ffb1b8a0000 - 0x00007ffb1b94d000 	C:\WINDOWS\System32\SHCORE.dll
0x00007ffb1cc60000 - 0x00007ffb1ccb5000 	C:\WINDOWS\System32\shlwapi.dll
0x00007ffb1aa00000 - 0x00007ffb1aa25000 	C:\WINDOWS\SYSTEM32\profapi.dll
0x00007ffad0c50000 - 0x00007ffad0d27000 	C:\Program Files\Java\jdk-23\bin\jsvml.dll
0x00007ffb071b0000 - 0x00007ffb071c7000 	C:\Program Files\Java\jdk-23\bin\zip.dll
0x00007ffb0f010000 - 0x00007ffb0f020000 	C:\Program Files\Java\jdk-23\bin\net.dll
0x00007ffb1a260000 - 0x00007ffb1a2cc000 	C:\WINDOWS\system32\mswsock.dll
0x00007ffaef600000 - 0x00007ffaef616000 	C:\Program Files\Java\jdk-23\bin\nio.dll
0x00007ffb05380000 - 0x00007ffb05390000 	C:\Program Files\Java\jdk-23\bin\verify.dll
0x00007ffae6a90000 - 0x00007ffae6ad5000 	C:\Users\julio\AppData\Roaming\Code\User\globalStorage\redhat.java\1.41.1\config_ss_win\org.eclipse.equinox.launcher\org.eclipse.equinox.launcher.win32.win32.x86_64_1.2.1300.v20250331-1702\eclipse_11911.dll

dbghelp: loaded successfully - version: 4.0.5 - missing functions: none
symbol engine: initialized successfully - sym options: 0x614 - pdb path: .;C:\Program Files\Java\jdk-23\bin;C:\WINDOWS\SYSTEM32;C:\WINDOWS\WinSxS\amd64_microsoft.windows.common-controls_6595b64144ccf1df_6.0.19041.4355_none_60b8b9eb71f62e16;C:\Program Files\Java\jdk-23\bin\server;C:\Users\julio\AppData\Roaming\Code\User\globalStorage\redhat.java\1.41.1\config_ss_win\org.eclipse.equinox.launcher\org.eclipse.equinox.launcher.win32.win32.x86_64_1.2.1300.v20250331-1702

VM Arguments:
jvm_args: --add-modules=ALL-SYSTEM --add-opens=java.base/java.util=ALL-UNNAMED --add-opens=java.base/java.lang=ALL-UNNAMED --add-opens=java.base/sun.nio.fs=ALL-UNNAMED -Declipse.application=org.eclipse.jdt.ls.core.id1 -Dosgi.bundles.defaultStartLevel=4 -Declipse.product=org.eclipse.jdt.ls.core.product -Djava.import.generatesMetadataFilesAtProjectRoot=false -DDetectVMInstallationsJob.disabled=true -Dfile.encoding=utf8 -XX:+UseParallelGC -XX:GCTimeRatio=4 -XX:AdaptiveSizePolicyWeight=90 -Dsun.zip.disableMemoryMapping=true -Xmx1G -Xms100m -Xlog:disable -javaagent:c:\Users\julio\.vscode\extensions\redhat.java-1.41.1-win32-x64\lombok\lombok-1.18.36.jar 
java_command: c:\Users\julio\.vscode\extensions\redhat.java-1.41.1-win32-x64\server\plugins\org.eclipse.equinox.launcher_1.7.0.v20250331-1702.jar -configuration c:\Users\julio\AppData\Roaming\Code\User\globalStorage\redhat.java\1.41.1\config_ss_win -data c:\Users\julio\AppData\Roaming\Code\User\workspaceStorage\fd598609b3b3374cb0fb6a172c72e9cd\redhat.java\ss_ws --pipe=\\.\pipe\lsp-06326333e840ad320ddc81cdecfbb3e4-sock
java_class_path (initial): c:\Users\julio\.vscode\extensions\redhat.java-1.41.1-win32-x64\server\plugins\org.eclipse.equinox.launcher_1.7.0.v20250331-1702.jar
Launcher Type: SUN_STANDARD

[Global flags]
     uint AdaptiveSizePolicyWeight                 = 90                                        {product} {command line}
     intx CICompilerCount                          = 4                                         {product} {ergonomic}
     uint GCTimeRatio                              = 4                                         {product} {command line}
   size_t InitialHeapSize                          = 104857600                                 {product} {command line}
   size_t MaxHeapSize                              = 1073741824                                {product} {command line}
   size_t MaxNewSize                               = 357564416                                 {product} {ergonomic}
   size_t MinHeapDeltaBytes                        = 524288                                    {product} {ergonomic}
   size_t MinHeapSize                              = 104857600                                 {product} {command line}
   size_t NewSize                                  = 34603008                                  {product} {ergonomic}
    uintx NonNMethodCodeHeapSize                   = 5832704                                {pd product} {ergonomic}
    uintx NonProfiledCodeHeapSize                  = 122945536                              {pd product} {ergonomic}
   size_t OldSize                                  = 70254592                                  {product} {ergonomic}
    uintx ProfiledCodeHeapSize                     = 122880000                              {pd product} {ergonomic}
    uintx ReservedCodeCacheSize                    = 251658240                              {pd product} {ergonomic}
     bool SegmentedCodeCache                       = true                                      {product} {ergonomic}
   size_t SoftMaxHeapSize                          = 1073741824                             {manageable} {ergonomic}
     bool UseCompressedOops                        = true                           {product lp64_product} {ergonomic}
     bool UseLargePagesIndividualAllocation        = false                                  {pd product} {ergonomic}
     bool UseParallelGC                            = true                                      {product} {command line}

Logging:
Log output configuration:
 #0: stdout all=off uptime,level,tags foldmultilines=false
 #1: stderr all=off uptime,level,tags foldmultilines=false

Environment Variables:
JAVA_HOME=C:\Program Files\Microsoft\jdk-17.0.12.7-hotspot\
PATH=C:\Program Files\Microsoft\jdk-17.0.12.7-hotspot\bin;C:\Python312\Scripts\;C:\Python312\;C:\Program Files\Common Files\Oracle\Java\javapath;C:\Program Files (x86)\Common Files\Oracle\Java\javapath;C:\ProgramData\Oracle\Java\javapath;C:\Program Files (x86)\Intel\iCLS Client\;C:\Program Files\Intel\iCLS Client\;C:\WINDOWS\system32;C:\WINDOWS;C:\WINDOWS\System32\Wbem;C:\WINDOWS\System32\WindowsPowerShell\v1.0\;C:\Program Files (x86)\Intel\Intel(R) Management Engine Components\DAL;C:\Program Files\Intel\Intel(R) Management Engine Components\DAL;C:\Program Files (x86)\Intel\Intel(R) Management Engine Components\IPT;C:\Program Files\Intel\Intel(R) Management Engine Components\IPT;C:\WINDOWS\System32\OpenSSH\;C;C:\Program Files (x86)\Arm GNU Toolchain arm-none-eabi\11.3 rel1\bin;C:\msys64\usr\bin;C:\msys64\mingw64\bin;C:\Program Files (x86)\STMicroelectronics\STM32 ST-LINK Utility\ST-LINK Utility;C:\Program Files\MATLAB\R2024a\runtime\win64;C:\Program Files\MATLAB\R2024a\bin;C:\Program Files\nodejs\;C:\ProgramData\chocolatey\bin;C:\Program Files\CMake\bin;C:\Program Files\PuTTY\;C:\Strawberry\c\bin;C:\Strawberry\perl\site\bin;C:\Strawberry\perl\bin;C:\ISST_paginaweb\apache-maven-3.9.9-bin\apache-maven-3.9.9\bin;C:\Program Files\Git\cmd;C:\Users\julio\AppData\Local\Programs\Python\Python311\Scripts\;C:\Users\julio\AppData\Local\Programs\Python\Python311\;C:\Users\julio\AppData\Local\Microsoft\WindowsApps;C:\Users\julio\AppData\Local\Programs\Microsoft VS Code\bin;C:\msys64\usr\bin\gcc\x86_64-w64-mingw32\13.1.0;C:\Users\julio\AppData\Local\Microsoft\WinGet\Packages\Schniz.fnm_Microsoft.Winget.Source_8wekyb3d8bbwe;C:\Users\julio\AppData\Roaming\npm;C:\msys64\ucrt64\bin;C:\Users\julio\AppData\Local\Android\Sdk\platform-tools;C:\Users\julio\AppData\Local\Programs\MiKTeX\miktex\bin\x64\;C:\Program Files\JetBrains\PhpStorm 2024.3.4\bin;
USERNAME=julio
OS=Windows_NT
PROCESSOR_IDENTIFIER=Intel64 Family 6 Model 142 Stepping 10, GenuineIntel
TMP=C:\Users\julio\AppData\Local\Temp
TEMP=C:\Users\julio\AppData\Local\Temp




Periodic native trim disabled

---------------  S Y S T E M  ---------------

OS:
 Windows 10 , 64 bit Build 19041 (10.0.19041.5438)
OS uptime: 5 days 5:18 hours

CPU: total 8 (initial active 8) (4 cores per cpu, 2 threads per core) family 6 model 142 stepping 10 microcode 0xb4, cx8, cmov, fxsr, ht, mmx, 3dnowpref, sse, sse2, sse3, ssse3, sse4.1, sse4.2, popcnt, lzcnt, tsc, tscinvbit, avx, avx2, aes, erms, clmul, bmi1, bmi2, adx, fma, vzeroupper, clflush, clflushopt, rdtscp, f16c
Processor Information for the first 8 processors :
  Max Mhz: 2001, Current Mhz: 2001, Mhz Limit: 2001

Memory: 4k page, system-wide physical 8007M (265M free)
TotalPageFile size 17698M (AvailPageFile size 97M)
current process WorkingSet (physical memory assigned to process): 96M, peak: 96M
current process commit charge ("private bytes"): 194M, peak: 194M

vm_info: Java HotSpot(TM) 64-Bit Server VM (23.0.2+7-58) for windows-amd64 JRE (23.0.2+7-58), built on 2024-11-29T09:34:55Z with MS VC++ 17.6 (VS2022)

END.
